selected,url,title,relevance_score,total_score,total_review_num,popularity_hits,search_hits,tags,reasons,synopsis
True,https://www.webnovel.com/book/shattered-sanity_35891611308041805,Shattered Sanity,61.75,4.82,43,0,1,"[""DARK"", ""VILLAIN"", ""ACTION"", ""ADVENTURE"", ""WEAKTOSTRONG"", ""MYSTERY"", ""SUPERPOWERS"", ""SURVIVAL"", ""CULTIVATION"", ""TRAGEDY""]","[""philosophy:human nature"", ""philosophy:morality"", ""philosophy:existence"", ""psychology:psychological"", ""psychology:trauma"", ""psychology:sanity"", ""title:sanity"", ""cross-domain-evidence"", ""multi-signal""]","In a world where Ascendants cultivated Aether to evolve beyond ordinary mortals, those born without special bloodlines, inherited talents, or powerful family legacies rarely amounted to anything significant.

However, that was precisely why historians studied the life of Riven Veyr, with such obsession, because despite being born within a desolate northern tribe that barely understood Ascension itself, Riven eventually became the man who broke the world.

Some believed his greatest advantage was the simple fact that he was insane.

Others claimed it was his monstrous willingness to grow stronger regardless of cost, consequence, or morality that separated him from everyone else.

Whatever the truth may have been, one thing remained undeniable.

Riven Veyr’s existence changed civilization forever.

To the downtrodden, he became a symbol of hope.

A living proof that even someone born with nothing could one day rise high enough to shake the status quo.

While to the elite, he became a dangerous name that needed to be erased from history before his story inspired others to walk the same bloody path.

However, while some came to worship him as a hero and others cursed his name as a monster, to the common man, he simply became the terrifying legend known as The Laughing Calamity.

---------

Disclaimer: This is a dark fantasy novel that explores disturbing and morally complex themes, including slavery, war, genocide, graphic violence, psychological trauma, and the darker aspects of human nature.

The overall tone of the story is grim and emotionally heavy, although moments of friendship, romance, humor, and hope will still exist throughout the journey to balance the narrative.

Reader discretion is strongly advised.

This book is rated R18 and is intended strictly for mature audiences only.

-----

Find me on discord at - raj_shah_7152

or join the server - https://discord.gg/rfcvNwUMjv"
True,https://www.webnovel.com/book/shocking-the-whole-internet!-you-are-not-a-psychologist-at-all!_26546254106695305,Shocking the Whole Internet! You Are Not a Psychologist at All!,54.75,4.28,41,0,1,[],"[""psychology:psychology"", ""psychology:psychological"", ""psychology:psychologist"", ""title:psychologist"", ""multi-signal""]","Chen Yu unexpectedly obtained a heavenly book, gaining the ability to peek into the secrets of the universe. As long as he helped others change their fate, he could gain the cultivation to become an immortal.

For this reason, Chen Yu started to live stream psychological counseling. In the live room, the viewers were all shocked.

""Is this what psychological counseling is like nowadays? Can they even know the past and future?""

""This isn't a psychologist. This is a master!""

""Dr. Chen, please accept me as your disciple.""

As the live stream became popular, some people who didn't believe in it or just wanted to ride the trend joined in and contacted Chen Yu. As a result, they ended up in jail and even exposing long-standing difficult cases.

Being such a talented person, Chen Yu naturally caught the attention of higher-ups.

""I don't know the location of the murderer, but I can try to use criminal psychology to help analyze it.""

""Number 5 Ping'an Street in the old city, the first room on the left.""

""In another half an hour, he will wake up and commit another crime."""
True,https://www.webnovel.com/book/a-snail's-wisdom_10342917705010105,A Snail's Wisdom,54.0,4.74,71,0,1,"[""ADVENTURE"", ""COMEDY"", ""WEAKTOSTRONG"", ""CULTIVATION"", ""HIGHIQ"", ""SUPERPOWERS""]","[""philosophy:enlightenment"", ""philosophy:mortality"", ""philosophy:existence"", ""psychology:introspective"", ""cross-domain-evidence"", ""multi-signal""]","""To cultivate is to become one with the world, achieving a higher plane of existence.""

What the hell? No, it isn't.

""Through diligent meditation and introspective enlightenment, one will be able to bridge the gap between himself and the center of the universe, achieving Immortality.""

Where did you get this crap? Such nonsense!

Come, come, disciple. Follow your Snail-sensei here, and I will show you the quickest path to Immortality! It isn't all meditation and enlightenment like you imagine. If you aren't willing to risk your life, what makes you think you can avoid death? But don't worry! You have the Supreme Me. Your success is guaranteed!

Now just put this dress on and let's go.

What? Why are you looking at me like that? Don't point that sword at me!!!

IMPORTANT AUTHOR'S NOTE:

I will many of the earlier chapters due to an upcoming official publication through other channels. I have left the more recent chapters and will update in the future so that my current readers who have been with me since the beginning will get to witness the end of the current arc. All of your support is the reason I have gone forward with publishing my story, and I thank all of my beloved readers."
True,https://www.webnovel.com/book/reverend-insanity_7996858406002505,Reverend Insanity,45.75,4.82,3982,0,1,"[""REINCARNATION"", ""VILLAIN"", ""CULTIVATION"", ""WEAKTOSTRONG"", ""ANTIHERO"", ""ACTION"", ""DARK"", ""GENIUS"", ""DEVIL"", ""MAGIC""]","[""philosophy:philosophy"", ""psychology:sanity"", ""title:sanity"", ""psychology:insanity"", ""title:insanity"", ""cross-domain-evidence"", ""multi-signal""]","With his Three Fundamental Views* unrighteous, the demon is reborn.

An old dream in the ancient days, a new author with an identical name.

An old story about a time traveler who was constantly being reborn.

An eccentric world that grows, cultivates, and uses Gu.

The Spring Autumn Cicada, Moonlight Gu, Liquor worm, Comprehensive Golden Light Worm, Fine Black Hair Gu, Hope Gu. . . . . .

And a peerless great demon that freely acts to his heart’s content.

Translator's Synopsis:

A story of a villain, Fang Yuan who was reborn 500 years into the past with the Spring Autumn Cicada he painstakingly refined. With his profound wisdom, battle and life experiences, he seeks to overcome his foes with skill and wit! Ruthless and amoral, he has no need to hold back as he pursues his ultimate goals. In a world of cruelty where one cultivates using Gu - magical creatures of the world - Fang Yuan must rise up above all with his own power.

--------------------------------

Gu is a legendary venomous insect, often used in black magic practices. It can take on the form of several insects, usually snakes, crickets, worms etc.

* = one's world view, values of worth and philosophy on life"
True,https://www.webnovel.com/book/thriller-paradise_7997164706002605,Thriller Paradise,36.5,4.61,284,0,1,"[""MYSTERY"", ""HIGHIQ"", ""SCARY"", ""VIDEOGAME"", ""BEAUTY"", ""LEVELUP"", ""ROMANCE""]","[""philosophy:consciousness"", ""psychology:psychological"", ""cross-domain-evidence""]","This is a game beyond dimension–the pursuit of truth.

The unknown seal, the gambit between gods and demons…

The defiance against data, the retribution of human…

In a virtual world connected with reality, consciousness dictates us, consciousness chooses us, and consciousness dictates our consciousness.

Now, throw away you fear.

Throw away your selfish interest, question, and disbelief… Free your thought.

Welcome to Thriller Paradise.

Feng Bujue lost his ability to fear because of an unknown psychological disorder. Through a virtual reality game designed for players to experience fright and despair, he began his search for his lost fear. Could he finally regain his ability to fear? Could he outwit the scenarios presented to him? Could he finally uncover the truth hidden inside Thriller Paradise?"
True,https://www.webnovel.com/book/my-sister-exposed-my-identity-as-a-villainous-godfather_21276835205793705,My Sister Exposed My Identity As A Villainous Godfather,36.5,3.96,101,0,1,"[""LEVELUP"", ""FACESLAPPING"", ""FUTURE""]","[""philosophy:identity"", ""title:identity"", ""psychology:psychologist"", ""cross-domain-evidence"", ""multi-signal""]","Ordinary salaryman Qin Yu had a proud and talented younger sister who was the rising star of the police detectives. He often felt inferior to his younger sister with her achievements. Gradually, he began to accept his fate…

One day, he acquired the Godfather System, allowing him to obtain the templates of top villains one after another! Using the templates, he found suitable disciples and trained them.

As such, terrifying giant-level figures popped up continuously in the underground world!

[Wanted dead or alive. S rank terrorist: Joker. Reward: 10 billion]

[Wanted dead or alive. A rank terrorist: Fake Psychologist. Reward: 500 million]

[Wanted dead or alive. A rank terrorist: Martial Arts Maniac. Reward: 500 million]

[Wanted dead or alive. A rank terrorist: Crazy Scientist. Reward: 500 million]

Before he realized it, Qin Yu had his identity as the godfather of villains exposed by his younger sister! The entire world was shocked!"
True,https://www.webnovel.com/book/reverend-insanity(english)_32605619408374705,Reverend Insanity(English),28.25,4.8,25,1,0,"[""ACTION"", ""ADVENTURE"", ""REINCARNATION"", ""MYSTERY"", ""SUPERPOWERS"", ""TRANSMIGRATION"", ""CULTIVATION"", ""VILLAIN""]","[""psychology:sanity"", ""title:sanity"", ""psychology:insanity"", ""title:insanity"", ""multi-signal""]","Humans are clever in tens of thousands of ways, Gu are the true refined essences of Heaven and Earth. The Three Temples are unrighteous, the demon is reborn. Former days are but an old dream, an identical name is made anew. A story of a time traveler who keeps on being reborn. A unique world that grows, cultivates, and uses Gu. The Spring and Autumn Cicada, the Venomous Moonlight Gu, the Wine Insect, All-Encompassing Golden Light Insect, Slender Black Hair Gu, Gu of Hope... And a great demon of the world that does exactly as his heart pleases! — *Gu (蛊) referred to poison in various cultures in South China while in folklore Gu spirits could transform into all kinds of species."
True,https://www.webnovel.com/book/hero-of-darkness_20433994506434305,Hero of Darkness,22.5,4.66,536,0,1,"[""R18"", ""ANTIHERO"", ""REINCARNATION"", ""SYSTEM"", ""ACTION"", ""ADVENTURE"", ""COMEDY"", ""KINGDOMBUILDING"", ""EVOLUTION"", ""WEAKTOSTRONG""]","[""psychology:psychological"", ""psychology:depression"", ""psychology:trauma""]","Elric's life had been nothing short of a nightmare since his childhood. He was constantly bullied at school, detested and ignored by his family, and left with nobody to care whether he lived or died. The accumulated loneliness and suffering from decades pushed him into a severe depression, and he ultimately decided to take his life’s final decision… Suicide.

One day, Elric's soul heard a voice calling out to him.

""Wake up, Elric. I am the God of Darkness, and I'm here to give you another chance at life.""

To the God of Darkness, Elric replied with only two words…

""Fuck off!""

Now forced with the possibility of a new life despite his unwillingness… Elric must decide whether to become a puppet or forge a new destiny with his own hands.

Will he overcome his traumatic past, or will he squander yet another chance at life?

Join the Protagonist on his journey as he is given an impossible task while striving to become one of the strongest beings in a world full of Magic, Mythical creatures, Dragons, and Gods.

----------------

[[Author : The protagonist of this story is a scheming mastermind who doesn't trust anyone and plans everything based on his present strength, knowledge and circumstances.

No Romance, Harem, or Fan-service here. The main character is also not an Edgelord or a Psychopath who kills people without reason.

Character development is a gradual process as the Main Character learns to acknowledge and overcome his flaws. This is a story for those who appreciate a psychologically well-developed character.

The protagonist is an Antihero character who exists in the gray area between good and evil.

This is a story for those who enjoy complex characters, greatly improving and expanding World-building along with intricate plots. If you are looking for a story with a nuanced and morally ambiguous yet humorous protagonist in a mature and gritty world, then this is the novel for you.]]

----------------

Note : Character Reference Arts available in chapter comments.

You can also support me on Patreon : Just type HeroOfDarkness in Creator search menu.

Discord Link : https://discord.gg/DstSrGK4dn

----------------

Note : Vote for the Novel for extra weekly chapters.

500 Power Stones = 1 Extra Chapter per week

1000 Power Stones = 2 Extra Chapters per week

2500 Power Stones = 5 Extra chapters per week

500 Golden Tickets = 2 Extra chapters per week

1000 Golden Tickets = 3 Extra chapters per week

1500 Golden Tickets = 7 Extra chapters per week"
True,https://www.webnovel.com/book/why-reincarnate-as-a-useless-skeleton_21398850606386705,Why reincarnate as a useless skeleton?,21.0,4.39,38,0,2,"[""EVOLUTION"", ""SYSTEM"", ""MAGIC"", ""ACTION"", ""ADVENTURE"", ""UNDEAD"", ""COMEDY"", ""WEAKTOSTRONG"", ""TRANSMIGRATION"", ""CULTIVATION""]","[""philosophy:existential"", ""psychology:memory"", ""cross-domain-evidence""]","[WPC #224 Silver Price Winner: Undead and inmortal]

Hello little soul. Were you murdered? Hit by a truck? Did you commit suicide or just slip in the bathtub? Well, the point is, you're dead. But don't worry about that, because this is not the end.

Welcome to A.T.I.R.

At A.T.I.R. we make sure that qualified souls who deserve a second chance are sent to other worlds to live a new life!

Although it should be noted that not everything is free. It is likely that after your reincarnation, you will have to fulfill a certain purpose.

But nothing too serious, so don't worry!

Now enjoy your new life!

WARNING: The journey between dimensions can cause the acquisition of superpowers, loss of senses (blindness, deafness, loss of touch, etc...), baldness, short-term memory loss, loss of organs, and body malformations.

The agency is not responsible for the place or world where you will be reincarnated, if your species changes or if you suffer a problem during the trip. Any inconvenience you may have, please notify the complaints department (they will probably ignore it).

Thank you for choosing A.T.I.R., have a happy life!

""That doesn't sound very good...""

Follows the story of Marcus, a simple guy who was reborn in a skeleton and despite all the misfortunes, somehow he is still ""alive"".

Fighting monsters, demons, humans, ridiculous situations, and existential crises. Marcus will embark on an adventure to get his freedom in this new life and find the reason why he was called to this world.

But his decisions could alter the destiny of an entire universe.

Starting from the bottom to reach the heavens.

****

Sigh... Look this is my first novel so I honestly don't know how to write a good synopsis without making too many spoilers

But trust me, the novel is much better than this synopsis.

I would appreciate any kind of critique to help me improve as a writer and English is not my native language. So I apologize for any grammatical errors, I will try to fix them if you let me know.

I will try to post a minimum of three chapters per week.The chapters are between 2000 to 3500 words.

(The cover was made using A.I)"
True,https://www.webnovel.com/book/my-infinite-cultivation-system_34724106100242905,My Infinite Cultivation System,16.0,3.73,49,0,2,"[""SYSTEM"", ""OVERPOWERED"", ""TRANSMIGRATION"", ""ACTION"", ""ADVENTURE"", ""WEAKTOSTRONG"", ""SUPERPOWER"", ""NOHAREM""]","[""philosophy:existential"", ""philosophy:existence""]","Alex Moriarty, an orphan, was transmigrated into a high-level martial world after being murdered by his so-called little sister, the very person he had always protected with his life.

The world he arrived in was a parallel version of Earth, yet it had been completely transformed.

Five hundred years ago, a strange and terrifying dark miasma descended upon the planet. Space itself cracked open, and through those rifts poured horrors beyond imagination. The land expanded to thousands of times its original size, reshaping continents and oceans alike.

Ordinary animals mutated into ferocious monsters, while mythical beings such as Godzilla, dragons, and phoenixes crossed over from unknown realms.

In a single night, eighty percent of humanity was wiped out.

The few survivors were preserved only because of a mysterious sanctuary known as the Light Domain.

At its very center stood the Tower of Ascension, a colossal structure with one hundred stairs. When humans reached the age of fifteen, they were allowed to challenge the tower.

The number of stairs they climbed determined their cultivation talent and bloodline. Before facing the tower, no one could cultivate or surpass the natural limits of the human body.

But Alex was different.

He possessed a game-like system that allowed him to cultivate even before setting foot in the tower. While others waited helplessly for their awakening, Alex grew stronger in silence, accumulating power far beyond what should have been possible.

When he finally turned fifteen, he challenged the Tower of Ascension. Step by step, he climbed higher than anyone in history, reaching the hundredth stair as the sole existence in the entire universe to do so.

At that moment, he awakened five Eternal Grade talents.

[Eternal Grade Constitution: Primordial Chaos Physique]

[Eternal Grade Bloodline: Existential Nullity]

[Eternal Grade Eye of Revelation]

[Eternal Grade Cultivation Talent]

[Eternal Grade Sword Talent]

With these five unparalleled talents and his Infinity System, which allowed him to cultivate passively twenty-four hours a day, Alex embarked on a path of absolute power. His journey was driven by two goals: to find his lost father and to make the Earth safe for his mother.

Discord: https://discord.gg/9AJtaezn5N"
True,https://www.webnovel.com/book/the-world's-consciousness_24007809206430005,The World's Consciousness,13.75,4.76,25,0,1,"[""ACTION"", ""ADVENTURE"", ""MAGIC"", ""MYSTERY"", ""DARK"", ""SUPERPOWERS"", ""SURVIVAL"", ""TRAGEDY""]","[""philosophy:consciousness"", ""title:consciousness""]","Eric and his classmates are being forced to do an assignment to kill demons by someone they refer to as the 'Instructor'. Anyone who breaks the rules is killed. Even in such a dire situation, they can not bring themselves to trust one another.

Follow the events of their lives as they try to survive in a familiar yet unknown world."
True,https://www.webnovel.com/book/sorcerer's-shadow_26720650205010005,Sorcerer's Shadow,9.5,4.91,82,0,1,"[""ACTION"", ""ADVENTURE"", ""COMEDY"", ""MAGIC"", ""TRANSMIGRATION"", ""WEAKTOSTRONG"", ""DARK"", ""FASTPACED"", ""KILLER"", ""WIZARDS""]","[""psychology:introspective""]","In a realm where magic entwines with conspiracy and tradition challenges power, an unexpected hero arises, not from the illustrious ranks of the Imperion nobility, but from the oft-overlooked Terrans—humans. Welcome to the world of Viktor Dravos, a saga that morphs the traditional fantasy narrative into an exhilarating journey of adventure, cunning, and introspective dilemmas.

Viktor Dravos—assassin, wizard, and reluctant gentleman—is your unconventional protagonist, navigating the precarious intricacies of Imperion society. As a member of the House of Vorgan, the secretive underworld of the Kingdom, Viktor is privy to the hidden threads that manipulate the core of Imperion politics."
True,https://www.webnovel.com/book/the-royal-military-academy's-impostor-owns-a-dungeon-%5Bbl%5D_31554304608491405,The Royal Military Academy's Impostor Owns a Dungeon [BL],9.5,4.69,114,0,2,"[""BL"", ""R18"", ""TRANSMIGRATION"", ""SWEETLOVE"", ""SYSTEM"", ""COMEDY"", ""POSSESSIVE"", ""ROYALFAMILY"", ""POWERFULCOUPLE"", ""WEAKTOSTRONG""]","[""philosophy:existential""]","“Unlucky” would be the nice way to describe Lucas’ luck. He wasn’t just down bad. He was practically cursed.

As someone who never asked to exist, he’s had to experience medical torture, imprisonment, and eventually death. And that was just his first life.

Then, just as he thought of escaping his fate, he transmigrates into the body of the Empire’s most useless Flower Vase.

Great, now he should have status, wealth, and beauty, right?

Wrong.

Because his new body, Young Lord Luca Kyros, was a vegetable. And what’s worse was that no one else seemed to know the truth. To everyone else, he was just your typical rebellious heir.

He wouldn’t have minded that. He was used to being called a harlot or similar names for being a defective Guide. But the problem was he woke up right smack in the middle of the Royal Military Academy’s Assessment test.

And his double body, the one who should be attending school, perished in an ambush.

So now, he’s forced to resolve his existential crisis while attending a school he never even enrolled in.

He’ll have to conquer his flimsy body, his brooding roommate, and his picky-eater “dungeon”—all that on top of surviving impending doom.

Someone definitely needs a miracle."
True,https://www.webnovel.com/book/i-reincarnated-as-the-ancient-philosopher's-stone!_17186726305789205,I Reincarnated as the Ancient Philosopher's Stone!?,9.5,4.58,37,0,1,"[""REINCARNATION"", ""SYSTEM"", ""COMEDY"", ""ADVENTURE"", ""ACTION""]","[""psychology:psychology""]","Blake, a grad student in psychology, is killed by the Heavens to maintain the balance of the multiverse. To ensure that no civilization can take advantage of another through the dimensional veil, he, like so many before him, is chosen by the Counsel to either go forward or backward in time. Going forward guarantees a life of obscurity and bliss, whereas going back allows one power and adventure. An error occurs during his selection, and he is sent back to the past at the maximum value, 4.54 billion years! Organic lifeforms cannot survive in such extreme conditions, so the system is forced to choose the most common object of the era, a rock. Watch our poor hero become the most mythical stone of legend, the Philosophers Stone from the most humble origins!"
True,https://www.webnovel.com/book/greed-all-for-what_21535882606809905,GREED: ALL FOR WHAT?,9.5,4.57,259,0,1,"[""VILLAIN"", ""REINCARNATION"", ""EVOLUTION"", ""NONHUMAN"", ""OVERPOWERED"", ""RAREBLOODLINE"", ""ACTION"", ""ADVENTURE"", ""MAGIC"", ""DRAGON""]","[""psychology:introspection""]","It is said that you shouldn't meet your heroes. Gehaldirah, a high elf of royal bloodline didn't have to meet the realm lord of High Heaven before he became disillusioned.

His admiration for the paragon of the high elf race turned into hatred when he got some damning knowledge about why demons kept attacking his home and looting the sacred tree of life. His hatred for the realm lord turned to self-hatred for his weakness and mediocrity.

Gehaldirah had a moment of introspection. He isn't at the bottom of the ladder in this strength-based hierarchy. He is a king of law, but that apparently isn't enough to guarantee your fate. His strength is also mediocre because it was granted to him because of his bloodline.

He determined he had to change himself. He has to become better. He concocted a plan that is one part genius and one part greed. His plan for reincarnation led him to the trial of heaven that occurs every origin cycle. He needed Origin essence so he participated in the trial.

He got more than he wanted from the trial. His plan for reincarnation would be a success after some adjustments. But now he has a different aim. He won't aim for just the realm lord. The realm lord has control of the High Heaven Realm. That isn't enough for Geraldirah anymore.

He became greedier. He has his sight set on the movers and shakers of the Void Universe. Only the power to subvert the will of World Gods will do. The plan to create LEGION, the ultimate organism was then hatched. If one person cannot achieve something, what about a multitude of them?

His journey will not be easy. He will have to overcome Celestials and their Celestial Supreme, Gods and their GodKings, Demon kings and their Demon gods. The Void Universe is full of obstacles that will like nothing more than to put an end to his path. It is not that they hate him. They will oppose him simply because the era of conquest is coming. There are no friends in the era of conquest. It is everyone for themselves. And he will use everything and everyone for the advancement of Legion.

AUTHOR: I cannot promise that you will like it. I can only promise that the book is original and unique. It is something new. The MC is neutral evil. He is willing to sacrifice everyone for his goals. He is smart and the antagonists in the book are cunning.

https: https://discord.gg/wA7n2M23Aw

Power Stones Goals:

1400PS -1 Extra Chapter.

2000PS - 2 Extra Chapters.

3000PS -3 Extra Chapters.

5000PS - 4 Extra Chapters.

Golden Tickets Goals:

100 Golden Tickets -1 Extra Chapter.

200 Golden Tickets - 2 Extra Chapters.

300 Golden Tickets -3 Extra Chapters.

400 Golden Tickets - 4 Extra Chapters.

500 Golden Tickets - 5 Extra Chapters."
True,https://www.webnovel.com/book/transmigrating-as-the-younger-sister-of-a-bigshot-with-multiple-identities_26313190705717605,Transmigrating as the Younger Sister of a Bigshot with Multiple Identities,8.5,4.82,52,0,2,"[""STRONGFL"", ""BOOKTRANSMIGRATION"", ""GROUPPAMPERING""]","[""psychology:psychological""]","Gu Yang, who had just inherited hundreds of millions, transmigrated into a novel. She became the fake young lady who occupied the nest and suffered in the end.

In the beginning, she framed the real young lady, and forced the villain into becoming her blood bank. She offended both the good and the evil.

In order to make it to the end, Gu Yang decided to set boundaries with the Gu family. She apologized to the female lead, gave blood back to the villain, and did her best to stay alive.

However...

""Gu Yang is our daughter no matter what! She will always have a share of the Gu Group!"" Her parents exclaimed.

""I only have one older sister, and that's Gu Yang! Gu Yang, you can have everything in the Gu family!"" Gu Pei, her younger brother, exclaimed.

""The Gu family is nothing. I can give you ten times what they can give you,"" Gu Jin, the female lead, said.

""My blood, my body, and everything I own belongs to you,"" Feng Jue, the villain, said.

***

""Everyone in the Gu family is stupid. They treat the fake young lady like a treasure,"" all the wealthy families in Jincheng said.

One day, the Gu family became the richest family in Jincheng. They were the leader in the industry.

Everyone was jealous.

There were rumors that Gu Yang spent most of her time with a mentally ill person. ""Is she mentally ill too?"" Netizens asked sarcastically.

""I'm her patient,"" bigshots from different backgrounds stepped forward and said.

""That's our president,"" the Huaguo Psychiatric Association and Psychological Association claimed.

Everyone on the internet went crazy.

***

Gu Yang thought the main villain in the novel was good-looking and was in a pitiful situation. She decided to treat him better and compensate him more.

One day, he pressed her against a wall. ""Did you hypnotize me? All I can think about is you.""

Later, she found out that she'd been exploring the world while he'd been waiting for her."
True,https://www.webnovel.com/book/beauty-and-the-beasts_16731346305020705,Beauty and the Beasts,8.5,4.74,2028,0,1,[],"[""psychology:mental breakdown""]","After finding herself in a beastmen world, a leopard rescues her and later abducts her. Bai Qingqing suffers quite a mental breakdown because the males in this world are as gorgeous and handsome as strutting peacocks. On the other hand, the females are ridiculously ugly, but still highly cherished by the males.

As a beautiful high-school student, she has somehow become the most mesmerizing beauty in this world.

Worst of all, this world is a matriarchal society. She doesn’t want three four husbands waiting on her! Her life becomes about teasing a leopard, tickling a tiger, seducing a poisonous snake, and capturing an eagle. Bai Qingqing, with a full harem, is too deep for tears. She really didn't want any of this.

""Hey, hey, Brother Leopard, Brother Tiger, Brother Snake, Brother Eagle, what are you doing? Stay back!""

There are four male leads: The young and strong leopard, the emo and silent snake, the powerful tiger, and the aloof and loner eagle."
True,https://www.webnovel.com/book/muchuan-and-xiang-wan_11057219106244805,Muchuan and Xiang Wan,7.5,4.76,950,0,1,"[""MYSTERY""]","[""philosophy:ethics""]","Aspiring author Xiang Wan was deemed hopeless by her family and better off married when her fourth novel still did not do well.

Just as she started to doubt herself and wonder if she should continue to pursue her dream as an author, things take an unexpected turn when a dazzling guy appears before her and she was taken away by the police as a prime suspect of a murder case.

A murder had taken place and the details were eerily similar to her mystery novel.

From then on, her life turned topsy-turvy.

...........

Translator Review:

This is a novel encompassed with mystery, ethics, family ties, and romance. Of course, the highlights of this book are the murder cases.

Although it’s a modern setup where none of the characters have a system or any other cheats, the Author managed to delight me with her writing, creative plots and a good pace without dragging her story.

I marvel at the way the Author links up the clues and plot to explain the individual cases as well as paving the way to unravel the huge conspiracy behind the individual murders. Romantic plots are light-hearted so readers could take a breather from the plots of gruesome murders.

Frequency of release: 1 chapter/daily"
True,https://www.webnovel.com/book/when-the-top-hacker-becomes-a-female-supporting-character-she-amazes-the-world_22303571206703905,"When The Top Hacker Becomes A Female Supporting Character, She Amazes The World",7.5,4.28,66,0,1,"[""TRANSMIGRATION"", ""MULTIPLEIDENTITIES"", ""ROMANCE"", ""SWEETLOVE"", ""ABUSIVELOVE"", ""SUPERSTAR"", ""SHOWBIZ""]","[""philosophy:ethics""]","As one of the world's top hackers, Yu Han suddenly died because she stayed up late launching an attack on a certain country's firewall! She did not expect to transmigrate into a romance novel that her friend had arranged for her to read and become a female supporting character with the same name in the novel. Yu Han expressed her dissatisfaction. What right did others have to transmigrate into the female protagonist while she could only be a female supporting character? Wait a minute! Yu Han was suddenly excited because, in the novel, her fiancé was the top celebrity in the novel, Ji Jun. He was also her favorite man in the novel because he was the only one who did not have a brainless crush on the female protagonist in the novel. Now, this man was her fiancé! It was rumored that the top male idol in showbiz, Ji Jun, had a crush on someone. His fans, “Impossible, I don't believe it. Brother loves us!” When they heard that the person Ji Jun had a crush on was Yu Han, his fans, “ It's impossible. Brother only treats Yu Han as his junior that he wants to promote!” During a variety show, Heartthrob Ji lost in a game of truth or dare and chose truth. The host, ""I heard you have a crush on someone. Is it Yu Han?"" Yu Han gave him a cold glare. Ji Jun answered, ""No."" Snap! The red lights on the lie detector's glared red. Yu Han, ""…?"" His fans, ""…?"" She was the star in the sky, while he was the star-picker.

Epilogue 1: ""Shocking! The popular female star, Yu Han, sold her body to seduce a seventy-year-old man for the sake of stardom. Here is a picture as proof!"" While the entire internet criticized Yu Han for her shamelessness, Ji Jun's trust in her never faltered. He tagged the reporter and replied to him with two words, ""F*ck you!"" Yu Han read Ji Jun's protective words in shock and was overjoyed. With the entire screen filled with curses, Yu Han started a live stream and taught the netizens how to photoshop photos and videos. At the same time, she also restored the photos that were circulating on the internet. The netizens were shocked that Yu Han actually had such skills! At the same time, after restoring the photo to the originals, everyone wondered how the man in the photo resembled Prince Charming Ji Jun so much!

Epilogue 2: The transmigrated Queen Yu had a headache. Yu Han knew that the Ji Jun in the book had a serious obsession with cleanliness. ""Can we ask the director to do a cheat cut for this kissing scene? Aren't you a clean freak?"" The smile on Ji Jun's face widened. ""We're not canceling that scene. Are you doubting my professional ethics?"" Yu Han, ""…"" A certain female star in the same production crew just finished shooting a scene where she fell into the water. She looked at Ji Jun pitifully. ""Brother Jun, I don't have any strength left. Can you help me?"" Ji Jun did not even look at her. “Sorry, I have issues with cleanliness.” Yu Han, ""...?"""
True,https://www.webnovel.com/book/fragments-of-time-%5Bfree-completed%5D_12606628305103005,Fragments of Time [FREE/COMPLETED],7.0,4.71,269,0,1,"[""SUPERPOWERS"", ""MYSTERY"", ""VILLAIN"", ""REVENGE"", ""REBIRTH"", ""IMMORTAL"", ""FATEDLOVE"", ""TWISTED""]","[""psychology:memory""]","Time goes. But love goes further.

Elena Lee has a unique ability. She remembers everything she saw or heard at least once. Be it people, things or places. Her memory is like a puzzle the fragments of which are growing day by day whether the girl wants it or not.

She doesn't know where this ability came from. Her first memories start at the age of 6 when she was adopted by a rich man, the head of the big pharmaceutical company. For many years she was trying to find something about her real parents but all in vain.

Elena wants to find this piece of memory but she doesn't know that the missing fragment is in the hands of a man who is following her from the shadows.

12-9-19-20-5-14 20-15 25-15-21-18 8-5-1-18-20

He knows her past. He owns the key to her future.

He wants to get the sacred knowledge hidden inside Elena's head even the girl herself doesn't know about.

He wants her.

But it's impossible to get both.

4-15 14-15-20 2-5-12-9-5-22-5 25-15-21-18 5-25-5-19

Time goes. The price for truth is life. Hers. His. Or the whole world. It depends on how to use the missing fragments.

And he has to make a choice. The Master.

20-5-19-5-18'19 12-1-23 14-21-13-2-5-18 9 6-15-12-12-15-23 25-15-21-18 6-5-1-18-19

***

The original cover photo is mine."
True,https://www.webnovel.com/book/blood-warlock-succubus-partner-in-the-apocalypse_20134751006091605,Blood Warlock: Succubus Partner in the Apocalypse,6.5,4.62,1064,0,1,"[""R18"", ""SYSTEM"", ""OVERPOWERED"", ""ROMANCE"", ""ADVENTURE"", ""EVOLUTION"", ""APOCALYPSE"", ""CULTIVATION"", ""SUPERPOWERS"", ""LEVELUP""]","[""philosophy:existence""]","The legendary mana finally reached planet Earth, causing all living things to officially enter the path of evolution.

Animals turned into terrifying beasts, some plants gained self-awareness, and humans who managed to withstand the wave of mana awakened the ability to acquire skills by defeating powerful enemies.

The entire planet entered a new era where the old laws fell. The only law was the law of the jungle where the strongest devoured the weakest.

Bai Zemin, an apparently normal college student, turned out to be an unparalleled genius in the path of magic. This caught the attention of a beautiful demoness who would become his partner in this journey to the absolute top.

God, Angel, Demon, Dragon, Vampire, Werewolf; no existence will be worthy of being his enemy!

Disclaimer: The 'Earth' in this novel is not the same Earth we are currently living on so do not use our common sense for this novel. This is pure fantasy, after all.

***

Successes achieved:

#Top 1 in sales for more than 1 year in a row.

#Top 1 in Golden Tickets for 10 months in a row.

#Among the top 25 in all the charts since its release.

#Winner of 1st place in the most popular webnovel event in 2021.

#Winner of a possibility of adaptation.

***

Support me: pat reon.com/XIETIAN"
True,https://www.webnovel.com/book/solo-leveling(only-i-level-up)_12507348206677105,Solo Leveling(Only I Level Up),6.5,4.57,5800,0,1,"[""SYSTEM"", ""WEAKTOSTRONG"", ""ACTION"", ""ADVENTURE"", ""VIDEOGAME""]","[""philosophy:existence""]","Tips: 나 혼자만 레벨업 Only I Level Up (Solo Leveling) - Webtoon Season 2 is start from Chapter 132

In this world where Hunters with various magical powers battle monsters from invading the defenceless humanity, Seong Jin-Woo was the weakest of all the Hunters, barely able to make a living.

However, a mysterious System grants him the power of the ‘Player’, setting him on a course for an incredible and often times perilous Journey.

Follow Sang Jin-Woo as he embarks on an adventure to become an unparalleled existence through his “Level-Up” system - the only one in the entire world!

------

THIS IS AN OFFICIAL LICENSED TRANSLATION FROM D&C MEDIA

Copyright Owner's Information:

© Chugong 2017 / D&C MEDIA"
True,https://www.webnovel.com/book/sss-awakening-i-can-class-change-at-will_34285443300774305,SSS Awakening: I Can Class Change at will,6.5,4.12,221,1,0,"[""SYSTEM"", ""ACTION"", ""ROMANCE"", ""OVERPOWERED"", ""EVOLUTION"", ""MAGIC"", ""WEAKTOSTRONG"", ""SUPERPOWERS"", ""TRANSMIGRATION"", ""FACESLAPPING""]","[""philosophy:existence""]","Apocalypse descended, and humans were given a game-like system to defend themselves. At the age of 18, every teenager underwent an awakening ceremony—a chance to gain a class and access the First Sanctuary, where lives became currency and power was earned through blood.

Moon appeared to be a failure. Branded as a Null during his awakening ceremony, he was abandoned by his girlfriend and cast aside by society as worthless and powerless.

But fate had other plans. Moon awakened not one, but two unprecedented abilities that defied the world's understanding.

......

[Talent: Grim Reaper - Gain 5x lives from every kill]

[Class: Classless - Whilst everyone is tied to a class from their birth, you are free from the restrictions of the system. You are able to learn any skill from any class based on your comprehension or from fruitful encounters.]

......

With the power to master any class and a talent that turned every kill into exponential strength, Moon set out from the bottom to prove the world wrong.

In the First Sanctuary, where only the strongest survive, Moon would carve his path with blood and determination. Ascending from a worthless null to an existence beyond legend.

Tags:

#Awakening

#Evolution

Discord: https://discord.gg/bjNJ3V8wDV"
True,https://www.webnovel.com/book/radiant-blade-of-the-wilderness_35970900108664305,Radiant Blade of the Wilderness,0.0,4.9,174,1,0,"[""MYSTERY"", ""REINCARNATION"", ""TRANSMIGRATION"", ""CULTIVATION"", ""EASTERN"", ""MARTIALARTS"", ""MYTH"", ""POORTORICH"", ""AMNESIA""]",[],"""Zhulong, the Torch Dragon: the result of consuming it? Chaos parts, the underworld is lit, day and night bend to your command, the four seasons turn at your will, wind and rain answer your call.

""Xiangliu, the Nine-Headed Serpent: the result of consuming it? The earth corrodes, mountains are swallowed whole, poison endures across a hundred generations, nine heads each moving to their own design.

""Feiyi, the Two-Tailed Snake: the result of consuming it? Insects and beasts are subdued, the spirit is fortified, a hundred ailments find no purchase.

""Yu Chong, the Three-Legged Turtle: the result of consuming it? Stealth becomes second nature, and deathly sand flies from your lips.

""……

""How is this world's secret Classic of Mountains and Seas so different from the one I knew in my past life?""

Lost in silent thought, Ding Songyan turned to the person beside him:

""You're saying—these creatures vanished from the world long ago. Only the martial arts remain, forged by those who first consumed them, shaped by the transformations wrought upon their very bodies. And these arts... can still be cultivated?"""
True,https://www.webnovel.com/book/natural-disaster-i-started-by-hoarding-tens-of-billions-of-supplies_30313659405853705,Natural Disaster: I Started By Hoarding Tens Of Billions Of Supplies,0.0,4.9,67,0,1,"[""SURVIVAL"", ""APOCALYPSE"", ""SUPERPOWERS"", ""SLICEOFLIFE"", ""REBIRTH"", ""ROMANCE"", ""REVENGE"", ""BETRAYAL"", ""POWERFULCOUPLE"", ""THESTRONGACTINGWEAK""]",[],"After struggling in the apocalypse for ten years, Yao Ran died and returned to the three months before everything began. She returns with hatred and thirsts for revenge, intent on making those who owe her pay with their lives.

With her grandfather's inheritance, Yao Ran sold everything and frantically hoarded weapons, medicine, food, and supplies. She sharpened her sword, stockpiled up supplies, settled scores with scoundrels and villains, and repaid them with both enmity and kindness.

When disaster strikes, she begins her revenge, facing a dangerous world, and is determined to outlast her previous life."
True,https://www.webnovel.com/book/the-hunter's-gonna-lay-low-%5Bbl%5D_32528733200319505,The Hunter's Gonna Lay Low [bl],0.0,4.9,46,1,0,"[""YAOI"", ""ACTION"", ""COMEDY"", ""ROMANCE"", ""APOCALYPSE"", ""THESTRONGACTINGWEAK"", ""MYSTERY"", ""SURVIVAL""]",[],"Hunter Cha Eui-jae, who was dispatched to seal a rift that appeared over the West Sea, was flung out as soon as he closed the rift. When he came to his senses, he was lying in a garbage dump.

Starving, he was drawn like a zombie is to blood to a hangover soup restaurant, where he realized that he had fallen into South Korea, eight years in the future.

In this era, disaster alerts notify people of rift openings in advance, ASMR videos of slimes gathered from dungeons were trending, and idle hunters livestream unboxings of A-rank longswords.

Unlike the past, where people trembled in fear of an impending apocalypse, the future was surprisingly peaceful, leaving Cha Eui-jae feeling empty. Since things had turned out this way, why not start a second chapter of life as a part-timer at the hangover soup restaurant, rather than being a hunter?

“That’s strange.”

“…”

“Have we met somewhere before?”

Cha Eui-jae’s plan to quietly spend his remaining days as the only part-time worker at the decades-old hangover soup restaurant goes awry when he encounters a mysterious, gas-masked individual…

DISCLAIMER: The story credit goes to og translator and author"
True,https://www.webnovel.com/book/got-dropped-in-a-ghost-story-still-gotta-work_36103796300498305,"Got Dropped in a Ghost Story, Still gotta Work",0.0,4.9,26,1,0,"[""MYSTERY"", ""SURVIVAL"", ""TRANSMIGRATION"", ""FACESLAPPING""]",[],"Credits go to the actual author of this book (Baek Deoksu), translations uploaded by (saltgoblin & I_Love_Kim_Soleum).

A pop-up event for some ‘modern fantasy’ media I loved so much that I

even took a precious day off work to attend. On that day, I ended up transmigrating as a character in that very fantasy world.

As none other than a newly hired employee at a famous large corporation!

A dream job with great benefits, an excellent salary, and even kind and

competent bosses. I’m using the information I know about the world to rise through the ranks

at lightning speed!

Am I happy, you ask?

Please, just let me go home. I’m begging you."
True,https://www.webnovel.com/book/the-husky-and-his-white-cat-shizun-erha-he-ta-de-bai-mao-shizun-vol1-5_26825133806608205,The Husky and His White Cat Shizun:Erha He Ta De Bai Mao Shizun vol1-5,0.0,4.9,25,1,0,"[""YAOI"", ""COMEDY"", ""CULTIVATION"", ""ROMANCE"", ""REINCARNATION"", ""MYSTERY"", ""TRAGEDY"", ""ACTION"", ""ADVENTURE""]",[],"This was written by Meatbun Doesn't Eat Meat (Ròu Bāo Bù Chī Ròu) so I do not own any of it, but enjoy!

Massacring his way to the top to become emperor of the cultivation world, Mo Ran’s cruel reign left him with little satisfaction. Now, upon suffering his greatest loss, he takes his own life...

To his surprise, Mo Ran awakens in his own body at age sixteen, years before he ever began his bloody conquests. Now, as a novice disciple at the cultivation sect known as Sisheng Peak, Mo Ran has a second chance at life. This time, he vows that he will attain the gratification that eluded him in his last life: the overly righteous shall fall, and none will dare treat him like a dog ever again! His furious passion burns most fiercely for his shizun, Chu Wanning, the beautiful yet cold cultivation teacher who maintains a cat-like aloofness in his presence. Yet despite Mo Ran’s shameless pursuit of his own goals, he begins to question his previously held beliefs, and wonders if there could be more to his teacher–and his own feelings–than he ever realized."
True,https://www.webnovel.com/book/i%E2%80%99m-a-young-god-won%E2%80%99t-you-raise-me_36319132800427205,"I’m a young god, won’t you raise me?",0.0,4.88,26,1,0,"[""ACTION"", ""SYSTEM""]",[],"*This is the English translation of the novel, “I’m a young god, wont you raise me?” or also know as “I’m a young god, please raise me”. *

——————————————————

A former pro gamer who retired due to injury.

After retiring, I spent my days just playing games…

Then the game I used to play became reality.

But I am not a Player.

[You are the System of planet 'Earth'.]

It wants me to register people as characters, but I have no idea what that means.

For now, let's just clear it first

After all, I know everything about this game."
True,https://www.webnovel.com/book/nine-deaths-of-the-sword_36674652900309405,Nine Deaths of the sword,0.0,4.86,26,1,0,"[""ACTION"", ""ROMANCE"", ""WEAKTOSTRONG"", ""MYSTERY"", ""CULTIVATION"", ""REVENGE"", ""NO-HAREM"", ""MARTIALARTS"", ""HIDDENIDENTITY"", ""SECT""]",[],"In a single night, the Heavenly Moon Sect burned, and Ling Xiao awoke among the ashes as the only son left to bury the dead.

There had been no warning , no war and no enemy proud enough to claim it , only a mark burned into his father’s doorframe like a wheel with half its spokes torn away and the growing certainty that whoever had done this had walked away unnamed and unafraid of ever being found.

Will he rebuild himself into someone strong enough to make them answer for it or will the cost make that victory worthless?

#easternfantasy #slowburn #grandplayoffs #revenge"
True,https://www.webnovel.com/book/hellbound-with-you_16699683105884505,Hellbound With You,0.0,4.84,5168,0,1,"[""R18"", ""DARK"", ""POSSESSIVE"", ""WEAKTOSTRONG"", ""DRAGON""]",[],"[WARNING: MATURE CONTENT]

""I love you, despite the danger signs.""

____

Sheltered and innocent Abigail is terminally ill. She knows she will die soon so before she dies, she wants to fulfill her one and only wish - to fall in love. She wants to experience loving someone romantically. But under one strange condition- she wants a man who will not fall in love with her because she doesn't want him to suffer when she's gone. She met Alexander Qinn, the coldhearted and mysterious man. He warns her from the start that he doesn't do love and that he is dangerous. But that made him the perfect man for Abigail. He was exactly the kind of man she was looking for.

Alexander will teach the innocent Abigail about his kind of pleasure while Abigail will show him the joy of doing simple things in life. Their completely different worlds collide, Abi's illness and the mysteries about Alexander will slowly be revealed. Can Abigail handle his own kind of hell? Can Alexander handle her light?

___

VOLUME 1 [MAIN STORY] - STATUS: COMPLETED

A story of a terminally ill girl and a heartless man.

____

VOLUME 2 [SPIN-OFF] - STATUS: COMPLETED

A story of a vampire prince and a feisty and rich human girl.

____

VOLUME 3 [SPIN-OFF] - STATUS: COMPLETED

A story of an ancient witch's unrequited love.

____

VOLUME 4 [SPIN-OFF] - STATUS: COMPLETED

A story of a ghost and a vampire prince.

#enemies-to-lovers

____

Cover is mine so don't use it.

Instagram account: kazzenlx.x

facebook page: author_kazzenlx

Discord server: https://discord.gg/UGTA3A4"
True,https://www.webnovel.com/book/free-fall-(pyramid-of-gold)_21071740706351705,Free Fall (Pyramid of Gold),0.0,4.84,201,0,1,"[""SUPERPOWERS"", ""ROMANCE"", ""DARK"", ""SURVIVAL"", ""ACTION"", ""THESTRONGACTINGWEAK"", ""URBAN"", ""EVOLUTION"", ""SLICEOFLIFE"", ""SCARY""]",[],"Wraiths are genetically altered people who possess special abilities. However, ability doesn't always mean power: more often than not, it just makes you a target. This is especially true for Matthew, who might just be one of the most powerful wraiths in the world - and therefore, has to hide his power and use cunning in order to survive.

And then there is that girl who wants him to join her rock band..."
True,https://www.webnovel.com/book/evil-husband-glutton-wife-buy-miss-piggy-get-free-little-buns_17692472606489105,"Evil Husband, Glutton Wife: Buy Miss Piggy, Get Free Little Buns",0.0,4.84,193,0,1,"[""ROMANCE"", ""FAMILY"", ""COMEDY"", ""FACESLAPPING""]",[],"[Status: COMPLETED]

“Feng Tianyi! Your brother destroyed my Tang family! Is there anything good about your family?”

“En. Can’t you see how our good looking genes are passed on to our children? As for the Feng family’s debt, I will pay you.” He said nonchalantly.

Tang Moyu scoffed and crossed her arms over her chest.

“How will you pay for it?”

“How about I repay you with my body?”

“...”

So shameless!

The man sitting on his wheelchair burst into a round of laughter seeing her ugly expression.

“Miss Tang, it’s no point pretending you haven’t seen it since you practically climbed on my bed and took advantage of me.”

Five years ago, Tang Moyu was the empress of the business world and was at the peak of her career before she was reduced to nothing when her fiance fell in love with another woman. That was okay since there was no love between her and Feng Tianhua, but who would have thought that this ‘Cinderella’ was a wolf in sheep’s clothing?

Then there’s Feng Tianyi, the infamous successor of the Feng family, a critically acclaimed author who constantly rocked the bestselling list with his books. Rumors say that he was hot-headed and temperamental. He was so ruthless, that neither men nor women wanted his company. The rumors even say that his face was so handsome and out of this world. He was practically a god amongst men. It was a pity that he was crippled.

The two were never meant to meet again, but a pair of sweet little buns intervened.

“Uncle, we don’t have money to pay you for damages.” The elder Little Bun said.

“My manuscripts are invaluable,” This handsome uncle replied with amusement.

“Uncle, if you don’t mind, can we pay with our Mommy? She’s also invaluable.”

And so the pair of sweet little buns and the handsome uncle entered an agreement but who would have thought that the woman in question was an ice-cold queen from hell who had a weird affinity with sweets?

——

Editor/proofreader: ninaviews

Book cover: Bizzybiin / copyright 2020 anjeeriku"
True,https://www.webnovel.com/book/trash-of-the-count's-family-%5Bcomplete%5D_33277691908858405,Trash of the Count's Family [Complete],0.0,4.84,44,1,0,"[""ACTION"", ""ADVENTURE"", ""MAGIC"", ""WEAKTOSTRONG"", ""OVERPOWERED"", ""TRANSMIGRATION"", ""DRAGON""]",[],"When I opened my eyes, I was inside a novel.

[The Birth of a Hero].

[The Birth of a Hero] was a novel focused on the adventures of the main character, Choi Han, a high school boy who was transported to a different dimension from Earth, along with the birth of the numerous heroes of the continent.

I became a part of that novel as the tr*sh of the Count’s family, the family that oversaw the territory where the first village that Choi Han visits is located.

The problem is that Choi Han becomes twisted after that village, and everyone in it, is destroyed by assassins.

The bigger problem is the fact that this s*upid tr*sh who I’ve become doesn’t know about what happened in the village and messes with Choi Han, only to get beaten to a pulp.

“…This is going to be a headache.”

I feel like something serious has happened to me.

But it was worth trying to make this my new life."
True,https://www.webnovel.com/book/sss-awakening-i-am-the-first-legendary-mage_36357645008976005,SSS Awakening: I am the First Legendary Mage,0.0,4.82,27,1,0,"[""SYSTEM"", ""R18"", ""OVERPOWERED"", ""LEVELUP"", ""APOCALYPSE"", ""ACTION"", ""ADVENTURE"", ""MAGIC"", ""COMEDY"", ""EVOLUTION""]",[],"[Spell Evolution Talent (SSS Rank) Gained.]

[Origin Spell Physique (SSS Rank) Gained.]

The mysterious System arrived on Earth, and gave a single ultimatum: survive the Trial of Apocalypse and ascend to a higher dimension.

Or be erased forever.

Alex, a broke college student, is unexpectedly chosen as one of the first Trial participants. He finds himself thrust into the Hell Difficulty Trial, the hardest Trial ever created.

Just when he believes death is inevitable, he awakens two unique, legendary abilities: [Spell Evolution Talent] and the [Origin Spell Physique].

[Origin Spell Physique activated. The mastery of every spell has been elevated to Full Mastery.]

[Spell Evolution Talent activated. All spells that have reached Full Mastery will now evolve.]

…

What to expect:

- A calm and confident Main Character who will take risks to solve problems instead of whining.

- [If you can’t solve a problem with mana, then you aren’t using enough mana] mentality Main Character.

- Blood pumping battles.

- Beating overwhelming odds with a fuckton of mana.

- [Spell Evolution] + [Spell Fusion]

*Mana is the fuel used to cast magic spells."
True,https://www.webnovel.com/book/supreme-magus_12820870105509205,Supreme Magus,0.0,4.81,6676,2,0,"[""MAGIC"", ""TRANSMIGRATION"", ""ANTIHERO"", ""ACTION"", ""WEAKTOSTRONG"", ""ADVENTURE"", ""ISEKAI""]",[],"Derek McCoy was a man who spent his entire life facing adversity and injustice. After being forced to settle with surviving rather than living, he had finally found his place in the world, until everything was taken from him one last time. After losing his life to avenge his murdered brother, he reincarnates until he finds a world worth living in, a world filled with magic and monsters. Follow him along his journey, from grieving brother to alien soldier. From infant to Supreme Magus.

-------------------------------------------

Tags: Transmigration, Male MC, Western Fantasy

Schedule: 12 chapters/week (unless I'm ill or stuff happens)

Chapter Lenght: 1200 - 1400 words

Warning: The MC is not a hero nor an anti-hero. He is a broken, cynic and misanthropic person looking only for his own gain. If you are looking for a forgiving, nice, MC that goes around saving people in distress, this is not your cup of tea. Same if you want an unchanging MC with no character development.

-------------------------------------------

Discord Server: https://discord.gg/db6PEBqMJJ (Link updated 06/29/26)

----------------------------------------

Cover of Tiamat form Lith Verhen by josh groban aka manohar aka Animustw. My new Pfp was made by Josh (same as above). Visit the official discord for his official portraits of the characters."
True,https://www.webnovel.com/book/the-reincarnated-assassin-is-a-genius-swordsman-(full)_27682225208752005,The Reincarnated Assassin is a Genius Swordsman (Full),0.0,4.76,66,1,0,"[""REVENGE"", ""ACTION"", ""ADVENTURE"", ""REINCARNATION"", ""MAGIC"", ""MYSTERY"", ""GENIUS""]",[],"I was a chained dog in my past life. I didn’t remember my parents and I lived an emotionless life; like a tool. That life ended with my master horrifically killing me. I thought that was the end of my life. But when I opened my eyes again, I was born as the youngest child of the continent’s most powerful family. For both revenge and those who treasure me in my new life, I wielded the sword instead of the dagger.

.

.

[This novel does not belong to me; all rights belong to its author. I merely upload it, and translation credits go to: Reaperscans]

Original Author: Writing Ant/글개미

Official page: https://page.kakao.com/content/57948732"
True,https://www.webnovel.com/book/marry-a-sweetheart-and-get-another-free-president-please-sign-this!_16466212206154905,"Marry A Sweetheart And Get Another Free: President, Please Sign This!",0.0,4.74,48,0,1,[],[],"She became the young mistress of the most powerful family in City T by marrying the young master in place of her sister.

He was cold to her on their first nuptial night. ""Just because you played some tricks to get yourself married here, you still mean nothing to me!""

However, she was calm and heartless. ""Young Master Mu, don't think too highly of yourself. I despise all that is you — your money and your very being!""

After the wedding, Young Master Mu lived lavishly by spending money like flowing during the day while working his nights away busily. ""You said you despised me earlier. Well, which part of me do you despise exactly, hmm?""

Luo Chenxi could not bear the harassment any longer so she tossed out the divorce papers in rage. ""I can't live like this much longer..."""
True,https://www.webnovel.com/book/shadow-slave_22196546206090805,Shadow Slave,0.0,4.71,7182,4,1,"[""ACTION"", ""ADVENTURE"", ""ROMANCE"", ""SYSTEM"", ""ANTIHERO"", ""MAGIC"", ""WEAKTOSTRONG"", ""SUPERPOWERS"", ""TRANSMIGRATION"", ""THESTRONGACTINGWEAK""]",[],"Growing up in poverty, Sunny never expected anything good from life. However, even he did not anticipate being chosen by the Nightmare Spell and becoming one of the Awakened - an elite group of people gifted with supernatural powers. Transported into a ruined magical world, he found himself facing against terrible monsters - and other Awakened - in a deadly battle of survival.

What's worse, the divine power he received happened to possess a small, but potentially fatal side effect...

Character art by @Catphinee

Discord: discord.gg/guiltythree

Wiki: shadowslave.fandom.com

OST: youtube.com/@skeuzmusic

Reddit: reddit.com/r/shadowslave"
True,https://www.webnovel.com/book/22196546206090805,Shadow Slave,0.0,4.71,7182,4,20,[],[],"Growing up in poverty, Sunny never expected anything good from life. However, even he did not anticipate being chosen by the Nightmare Spell and becoming one of the Awakened - an elite group of people gifted with supernatural powers. Transported into a ruined magical world, he found himself facing against terrible monsters - and other Awakened - in a deadly battle of survival.

What's worse, the divine power he received happened to possess a small, but potentially fatal side effect...

Character art by @Catphinee

Discord: discord.gg/guiltythree

Wiki: shadowslave.fandom.com

OST: youtube.com/@skeuzmusic

Reddit: reddit.com/r/shadowslave"
True,https://www.webnovel.com/book/supremacy-games_17669339406351905,Supremacy Games,0.0,4.71,782,0,1,"[""REINCARNATION"", ""EVOLUTION"", ""CULTIVATION"", ""COMEDY"", ""ACTION"", ""RAREBLOODLINE"", ""OVERPOWERED"", ""SUPERPOWERS"", ""ADVENTURE"", ""MYSTERY""]",[],"Felix Maxwell was destined to be a loser, born on one of the weakest races and on the least favorable of situations, he was forced to face adversity head-on as he traveled across the vast universe where dangers laid in every corner, one day traveling in hopes of riches he stumbled upon a ruin where a supreme being laid imprisoned, in a stroke of bad luck the being laid its eyes on him and tried to take over his body, forcing itself upon him.

But fate hadn't given up on him!

He woke up in his younger body, 20 years in the past with the fallen being trapped in his soul.

In his past life he had been a loser, giving up on things mid-way and never striving for greatness, he was a side character who made the strong shine even brighter, but not on this life.

He swore to himself he would strive for glory, he would take advantage of his knowledge and emerge as a supreme being!

......

Novel Discord: https://discord.gg/XdrTrn9g

This is my Patreon, everyone is welcomed to drop by! https://www.patreon.com/MidGard_Author"
True,https://www.webnovel.com/book/the-innkeeper_22426985405158405,The Innkeeper,0.0,4.62,429,2,0,"[""SYSTEM"", ""CULTIVATION"", ""ACTION"", ""COMEDY"", ""ADVENTURE"", ""WEAKTOSTRONG"", ""MAGIC"", ""VIDEOGAME""]",[],"In the depths of a newborn universe, a cultivator takes advantage of the abundant energy to refine himself a treasure. But after 14 billion years of refining and quite a few more to go, he decides to entertain himself by releasing countless systems and watching how the creatures of this fledgling universe handle them.

On Earth, a young man, lost and confused about what to do with his life, sits in a park and looks up at the night sky. A shooting star, a wish and a bang. When the boy finally wakes up he hears a sound, ""assimilation complete. Launching System. Welcome to the Midnight Inn. Host Designation: The Innkeeper.""

To learn more, go to: lifesketcher.net

Discord: https://discord.gg/yqCkHedcUP

Patreon: https://www.patreon.com/lifesketcher/membership

Facebook: https://www.facebook.com/profile.php?id=61551387105778

Instagram: https://instagram.com/theinnkeepernovel?igshid=MzRlODBiNWFlZA=="
True,https://www.webnovel.com/book/weakest-beast-tamer-gets-all-sss-dragons_31285370600463505,Weakest Beast Tamer Gets All SSS Dragons,0.0,4.61,632,1,0,"[""ROMANCE"", ""OVERPOWERED"", ""DRAGON"", ""WEAKTOSTRONG"", ""SUMMONS"", ""ADVENTURE"", ""THESTRONGACTINGWEAK"", ""MAGIC"", ""BEAST TAMING"", ""SURVIVAL""]",[],"""Dragons and their spawn rule the skies, the land, and the seas... humanity survives in the cracks, dreaming of a comeback.""

_____

Power comes from the beast you tame.

Wolves, hawks, snakes, spiders, chimeras, the stronger your summon, the brighter your future.

Too bad for our protagonist.

When everyone else summoned salamanders, eagles, troll dogs(not doge) or tigers, he got… Well, let’s just say the only thing lower on the food chain is dirt.

Laughed at, bullied, and living as the butt of every joke, he’s not exactly winning.

But giving up isn’t an option...

His aging parents sold everything for his ""failed"" chance, and he won’t let it be for nothing.

But hey, this is his story. The weakest beast tamer?

Here’s the thing about being at the bottom: it teaches you how to climb.

And dragons? Turns out they start small too.

As kingdoms crumble under greed and external threats, the weakest tamer begins his rise.

Follow his path as he unlocks a potential so rare, so terrifying, it leads to dragons… Every evolutionary line leads to the strongest ‘SSS Dragons’.

_______

Warning: Contains world-ending dragons, ridicule-fueled underdog revenge, dragon-scaled protagonist, morally questionable nobles, insane creature evolutions and enough twists to make you wonder if weakest really means luckiest.

A MC who’s out to prove everyone wrong… even if it kills him.

Spoiler alert: It won’t.

For those who love a whole lot of fun, this one’s for you.

If you’re looking for a darker story, look somewhere else (Maybe Utopian System (;)

This one’s about having fun and taming expectations.

_______

We will use the same Discord from my first book, come join! https://discord.gg/W3CjfC2cw4

_______

Silly tags that seem to matter a lot to some readers: No Yaoi, No Yuri, Possibly Harem (Vote! I can write either, and in any case, there will be multiple girls. The only difference is whether he chooses one in the end or goes the ""liberal"" route.... democracy is yours!), No NTR."
True,https://www.webnovel.com/book/my-vampire-system_16709365405930105,My Vampire System,0.0,4.6,7095,0,2,"[""SYSTEM"", ""EVOLUTION"", ""VAMPIRE"", ""ACTION"", ""WEAKTOSTRONG"", ""SUPERPOWERS"", ""MYSTERY"", ""LEVELUP"", ""ACADEMY"", ""BLOODPUMPING""]",[],"The human Race is at war with the Vicious Dalki and when they needed help more than ever, THEY started to come forward.

Humans who had hidden in the shadows for hundreds of years, people with abilities.

Some chose to share their knowledge to the rest of the world in hopes of winning the war, while others kept their abilities to themselves.

Quinn had lost everything to the war, his home, his family and the only thing he had inherited was a crummy old book that he couldn’t even open.

But when the book had finally opened, Quinn was granted a system and his whole life was turned around.

He completed quest after quest and became more powerful, until one day the system gave him a quest he wasn’t sure he could complete.

""It is time to feed!""

""You must drink human blood within 24 hours""

""Your HP will continue to decrease until the task has been completed""

https://discord.gg/kqCxfZF6xH

Instagram: JKSManga

OTHER WORKS

My Werewolf System

My Dragon System"
True,https://www.webnovel.com/book/the-mech-touch_10636300105085505,The Mech Touch,0.0,4.6,2899,0,1,"[""ADVENTURE"", ""SYSTEM"", ""MECHA"", ""KINGDOMBUILDING"", ""WEAKTOSTRONG"", ""ACTION"", ""CULTIVATION"", ""FUTURE"", ""SURVIVAL"", ""EGOIST""]",[],"After obtaining the Mech Designer System, Ves aims to create the greatest mechs in the galaxy!

In the far future, the galactic human civilization has entered the Age of Mechs. The countless lesser powers of humanity have come to adopt mechs as their main weapons of war.

Only a small number of humans have the right genetic aptitude to pilot these destructive war machines the size of buildings.

Born to a military family in the edge of the galaxy, Ves Larkinson is one of the many people who lacks the talent to earn glory in battle. Instead, he became a mech designer. Helped by his missing father, Ves has obtained the mysterious Mech Designer System that can help him rise in the galaxy and beyond.

His mechs based on the principles of life quickly allows him to rise to prominence. Powerful and highly compatible with mech pilots, his products have the potential to take the market by storm. However, success does not come easily, and countless challenges bar his ability to sell his mechs to a market eager for innovation!

With the sins of the human race in the galactic arena slowly catching up, Ves must navigate the perils of the ultra-competitive mech market and maintain control over his growing organization of misfits.

This is the golden age of mechs. This is the golden age of humanity. The question is, will it last?

""Any challenge can be overcome as long as I design the right mech!""

--Join The Mech Touch's unofficial Discord server! https://discord.gg/APB5KCU

--Follow my Instagram and Twitter!

https://www.instagram.com/mlduong

https://twitter.com/MLDuong

--Cover Art by Derek-Paul Carll (carlldpn)

--The Mech Touch is an original webnovel written by ML ""Exlor"" Duong.

--The Mech Touch is mainly published on Webnovel.com and a select few platforms affiliated with the parent company of this website.

--Artificial Intelligence / AI clarification: Since I started to write and publish The Mech Touch on 2018, I have never used AI tools to write my webnovel. All of my chapters are written and proofread directly by me for many years. The only automated tool that I have used is the basic spellchecker that comes standard with the Google Docs application. I have not changed my approach towards writing chapters for The Mech Touch even as technology has advanced and introduced new tools. I will continue to maintain my current approach for this webnovel until it has come to an end."
True,https://www.webnovel.com/book/grace-of-a-wolf_32072057300309605,Grace of a Wolf,0.0,4.59,151,0,1,"[""R18"", ""WEREWOLF"", ""WEAKTOSTRONG"", ""DARK"", ""BETRAYAL"", ""ENEMIESTOLOVERS"", ""FATEDLOVE"", ""ALPHA""]",[],"Grace Harper has always been an outsider—raised in a wolf pack that never truly accepted her, adopted by an alpha with too many secrets. When her ex-boyfriend leaves her for his mate and the truth of her adoption comes to light, Grace knows she has to leave… or die trying.

But her path to freedom slams into the Lycan King.

Cold, powerful, and burdened by the ghosts of a past he refuses to share, Caine doesn’t want Grace in his world. He doesn’t believe she belongs in any world but her own. And yet, with fate tethering their souls, his control begins to crack.

Grace never asked for his protection. She never asked to want him, either.

But something ancient is waking, and the deeper she dives into the truth of her past, the more she realizes: maybe she was never meant to be free. Maybe she was meant to change everything.

Starting with him.

----

*Grace of a Wolf* is the slightly unhinged romance between a human girl with inconvenient human morals and her mildly sociopathic fated mate—who also happens to be the Lycan King and has the emotional intelligence of a rock. Thankfully, their dangerously magnetic bond is (barely) balanced by found family chaos, a buttload of magic, and a fated mate connection that might actually kill her if they touch. Oops.

Just when you think you’re reading *yet another werewolf story*, the plot and worldbuilding sneak up behind you with claws, teeth, and actual stakes. It’s slow-burn, emotionally messy, and laced with the kind of tension that could kill—or kiss—you.

---

**WARNINGS:**

R18: Smutty smut smut. Also, dark themes, including but not limited to: Murder, attempted murder, a stack of dead bodies, betrayal, mild sociopathy, an ML who appears to bathe in red flags despite his favorite color being green, an unwarranted hatred of blueberry muffins, and pillow thievery.

A **slow burn**, spicy wolf shifter urban fantasy romance with a lot of random plot trying to knot-block everything. When the spice hits, please read responsibly. Thank you~

[WSA 2025 Contest Entry]"
True,https://www.webnovel.com/book/genetic-ascension_29441378000931905,Genetic Ascension,0.0,4.56,339,0,1,"[""SYSTEM"", ""OVERPOWERED"", ""DARK"", ""ACTION"", ""SUPERPOWERS"", ""ADVENTURE"", ""WEAKTOSTRONG"", ""SURVIVAL"", ""MYSTERY""]",[],"The people of Earth have been summoned once again.

Scientists document six extinction events in Earth's history, but none of them were as natural as they claimed.

Sylas and his family have been called back to the Browns, a family of billionaire elites with assets reaching into the trillions. He isn't sure what to expect until he touches a floating bronze cube that changes his life.

[Bronze City Stele]

[Status: Dormant]

[Time to Activation: 04:13:38]

Unfortunately, there's only one Stele and the Browns have already decided upon their candidates. If Sylas wants to control his own fate, he'll have to enter the Trial.

Now, woefully unprepared, and stuck in a world filled with the extinct creatures of Earth, he'll have to carve out his own opportunity... whether the Browns like it or not.

========================

https://discord.gg/hfsxubXx2T

instagram: @awespec_"
True,https://www.webnovel.com/book/humanity's-greatest-mecha-warrior-system_23118185006257505,Humanity's Greatest Mecha Warrior System,0.0,4.54,142,0,1,"[""SYSTEM"", ""MECHA"", ""ADVANCEDTECHNOLOGY"", ""INTERSTELLAR"", ""REINCARNATION"", ""ACTION"", ""ADVENTURE"", ""FUTURE""]",[],"Max always wanted a more exciting life, and after being reincarnated into the far future and a Galaxy in constant war, his wish was granted.

Discovered to have a high compatibility with his new world's Technological System, he was drafted as a child into training to become one of their elite Mecha Pilots, the heroes of the Kingdom who face down even the mightiest of threats from inside giant Mecha, wielding the mightiest of weapons known to mankind.

All he has to do is prove himself worthy.

https://discord.gg/hxTpqZQtKN"
True,https://www.webnovel.com/book/madam%E2%80%99s-identities-shocks-the-entire-city-again_19099756306397805,Madam’s Identities Shocks the Entire City Again,0.0,4.53,167,0,1,"[""POWERFULCOUPLE"", ""WEAKTOSTRONG"", ""STRONGFL"", ""FACESLAPPING"", ""HEIRESS""]",[],"Qiao Nian lived in the Qiao family’s house for 18 years before her biological parents found her. Suddenly, all the wealthy families in the city knew that the Qiao family had a fake daughter!

A true daughter of an affluent family would be talented, gentle, and kind.

A fake daughter would not be able to pick up any skills and accomplish nothing.

Everyone wanted to see how miserable she would become when she went back to her ravine after being kicked out of a rich family!

Qiao Nian also thought that her biological parents were poor teachers from Luohe County.

Who knew that her brother drove a Phaeton that was worth three hundred thousand yuan!

Her biological father was also a professor who taught at Tsinghua University!

The big boss of the family of scums became a bootlicker and bowed in front of her grandpa…

Qiao Nian was dumbfounded.

Erm… this wasn’t the same as saying yes!

After being freed from the family of scums, Qiao Nian was able to be herself.

She was the top student in the college entrance examination, a live broadcast star and the heir of an invaluable cultural heritage… Her identities were revealed and when she started to appear on the hot searches in the city, the family of scums turned green.

The anti-fans mocked: What’s the point of trying to fake an image? Aren’t you just sticking to my brother everyday?

Qiao Nian responded: I’m sorry but I already have a match.

Top Brother: @Qiao Nian. Let me introduce her to everyone. This is my sister.

Wealthy Grandpa: My dear granddaughter, why are you working so hard? If you want a bicycle, grandpa will buy it for you!

The rich and powerful in Beijing spread a rumor that Master Wang was hiding a wife in his luxurious house. No matter how much people tried to persuade him, he never took her out to meet anyone. If he were asked, he would say the same sentence. “My wife is from the countryside and she is shy.”

That was until one day when someone saw the noble and cold Master Wang holding a girl’s slender waist while hiding in a corner of a wall and muttering with red eyes. “Baby, when will you give me a title?”

[Fake daughter who is from a truly wealthy family] + [Two big bosses]"
True,https://www.webnovel.com/book/short-light-free_9432183306002205,"Short, Light, Free",0.0,4.5,29,0,1,[],[],"A series of short stories, of different genres.

Simple yet thought-provoking reads."
False,https://www.webnovel.com/book/the-earth-after-rebirth_25955137405506305,The Earth After Rebirth,0.0,4.5,27,0,1,"[""ADVENTURE"", ""ACTION"", ""ROMANCE"", ""DARK"", ""ACADEMY"", ""VIDEOGAME"", ""ADVANCEDTECHNOLOGY"", ""MYSTERY"", ""SLICEOFLIFE"", ""NO-HAREM""]",[],"Being a bottom feeder in society is an unpleasant experience.

That's how Kiro felt after being left for dead in a back alley. Abandoned and disappointed by the 'work hard' ethic his parents left for him.

'At least the heavens are weeping for me.' As the light from his eyes faded, he declared as the last act of defiance.

He awoke in a room he hadn't seen in ten years. Whether it was due to sheer luck or divine intervention, he was grateful.

'Through the VR game, Asgard, I'll become filthy rich in this life time.'

Kiro was blissfully unaware that his return was a cry for something greater, for the underlying threats that hovered over his world."
False,https://www.webnovel.com/book/the-first-legendary-beast-master_28706406900589905,The First Legendary Beast Master,0.0,4.49,892,2,1,"[""R18"", ""BEAST TAMING"", ""SYSTEM"", ""MAGIC"", ""CULTIVATION"", ""ACTION"", ""EVOLUTION"", ""ADVENTURE"", ""COMEDY""]",[],"Born into a dirt poor mining family, Karl only had one chance to get ahead in life, the annual elite recruitment day. On their final day of middle school, every student in the Golden Dragon Nation was given an experimental injection to awaken their affinity with magic.

Those few who succeeded would become the Elite, the leaders and idols of the nation, blessed with incredible magical powers and respected by all. Those who did not would return to their normal lives of hard work and low wages, just doing the best they could.

But with the nation surrounded by enemies, both humans and monsters, how long would these peaceful days of magical idols last?

Follow the story of Karl as he awakens a unique power and strives to become the world's first Legendary Beast Master.

Want to join the community for updates and upcoming news? Check out the discord.

https://discord.gg/aokiaku"
False,https://www.webnovel.com/book/free-otherworldly-adventure_24075830006945905,Free: Otherworldly Adventure,0.0,4.49,21,0,1,"[""ACTION"", ""ADVENTURE"", ""MAGIC"", ""WEAKTOSTRONG"", ""COMEDY"", ""ISEKAI""]",[],"Long ago, on Cielo Continent.

Humans were treated as slaves. There was no strong man among humans to stop this brutal fate. So they could not free themselves from foreign races.

Then one day three people rose, denying their destiny. They want to break free from this slave chain. The team was led by Human Monarch, "" The Conqueror "".

He was so strong he swept all foreign races and combined all the humans scattered around the continent. Seeing there are powerful people among the human race who can contend with them, the foreign races finally chose to seek peace. They compromised and gave them land in North-East. Thus Humans finally lived in peace.

...

Leon, Who was alone since birth has not experienced anything. Just some major up-downs. After his death, he is reborn in a new world full of mysteries. He goes on a journey totally opposite to his past life with his new friends and new challenges.

A place where there is no hero or no villain. Everyone with their own story, motivation, and goal. Come join us and witness all of their sad and beautiful stories.

-----------------------------

Chapter length: 1k+ words (Highest may get 1200+)

----------------------------

Author's note:

New author here. Have no experience.

This novel is like Shōnen. I always wanted to express my own imaginary adventure. So I hope my Shōnen-type story makes you guys enjoy it fully. If I have made any mistake and wrong in any case remind me.

Also English is not my native language. There may be grammar mistakes.

No system. Sorry for you guys.

-----------------------------------

The cover picture is not mine, sorry I used it. But, If the owner has any problem contact me below:

Email:

[email protected]

Discord: StumblingtoSuccess#5154

I will be grateful if you do so. Thank you."
False,https://www.webnovel.com/book/let-me-game-in-peace_15117994305858505,Let Me Game in Peace,0.0,4.48,609,0,1,[],[],"1 drop of blood = 1-Up

Other people game overnight, I game overnight and bleed.

Ever since the dimensional storms descended upon Earth, numerous dimensional zones have appeared, bringing with them all kinds of dimensional creatures—Immortals, Buddhas, Devils, Angels, Elves, etc.

Yet, all these strange dimensional zones can turn into dungeon instances on my phone. Other people risk their lives adventuring, I spend all my time gaming.

Monsters drop dimensional crystals that boost stats, imbue new skills, and join me as Companion Beasts. These Companion Beasts fight alongside me or alone, augmenting me with their skills and strength. Rare monsters in real life? I'll just restart the game with a drop of blood to grind it.

I really need a blood transfusion."
False,https://www.webnovel.com/book/earth's-greatest-magus_18131953005387705,Earth's Greatest Magus,0.0,4.48,391,0,1,"[""SYSTEM"", ""MAGIC"", ""ROMANCE"", ""ACTION"", ""WEREWOLF"", ""ACADEMY"", ""HISTORICAL"", ""WEAKTOSTRONG"", ""ADVENTURE"", ""TRANSMIGRATION""]",[],"#Top 20 Webnovel Best Sellers 2021, 2022, 2023, and in 2024

####

History is said to be written by the victors. If so, how about Earth's history?

Two millennia ago, a young boy named Emery met a tragic fate. In his final moments, he was transmigrated and accepted into the Universe's most prestigious school of magic.

“You are among the chosen few from thousands of human worlds. Whether you seize this opportunity or not, is up to you. You are at Magus Academy, the pinnacle of humanity's ingenuity. Magic, science, and might are all within reach for those who dare to pursue them.""

[Scan complete - Quadruple affinity. Water, Earth, Plant, and Darkness.]

""A quadruple acolyte! Only one in tens of thousands of acolytes possess this!""

Thus began Emery’s journey together with his 4 friends from the furthest corner of Earth.

Each year they returned to Earth to grow, seek revenge, save the princess, conquer the world, and become Earth's Greatest Magus.

Their names are still etched in our history books to this day.

Authors Note:

I have always been fascinated by writing fantasy relating to historical facts. In this story, you will find characters inspired by real-world myth and legend. The universe I created hopefully will make the reader's imagination excited and logically plausible. I hope you enjoy it.

###

Here are some key aspects you'll encounter:

MC: The protagonist follows the classic weak-to-strong arc.

World: Picture a blend of Harry Potter and Star Wars.

System: While it's primarily a magic-based story, there's a structured system in place that's easy to follow. Additionally, elements of cultivation.

Harem: No, there are several female interests. But I enjoy romance first. So even if there will be more than one love interest it will be deep.

Note: English is not my first language, but you'll notice that my writing and English skills gradually improve throughout the chapters.

Other: The novel delves into deep research on science and history, enriching the storyline with factual and intriguing details.

Give it a read—you might be pleasantly surprised by what unfolds.

Check Out the Video Trailer on youtube type ""Earth's Greatest Magus"""
False,https://www.webnovel.com/book/cleaver-of-sin_32824130400116105,CLEAVER OF SIN,0.0,4.46,256,1,0,"[""OVERPOWERED"", ""GENIUS"", ""NO-HAREM"", ""SYSTEM"", ""ACTION"", ""ADVENTURE"", ""WEAKTOSTRONG"", ""TRANSMIGRATION"", ""SUPERNATURAL""]",[],"Ethan possessed everything one could desire, wealth, happiness, luxury cars, and a loving girlfriend.

He had never fought a day in his life, but then suddenly, he woke up in a different world.

A world where destruction and bloodshed was the norm. A world where the weak had no place to survive.

Ethan now possessing the body of a boy who had failed his awakening twice and was on his last try, now stood in this world.

Can Ethan who never fought a day in his life survive in a world where battles and death occurs every second, minute, hour and day.

Would he rise through the ashes of the world, or would he burn with it.

____________

Kofi bonus chapter link: https://ko-fi.com/lordtee

Discord Link: https://discord.gg/ZNUNmJEEVC"
False,https://www.webnovel.com/book/investing-in-my-crippled-wife-every-return-makes-me-stronger_35147273900927805,Investing in My Crippled Wife: Every Return Makes Me Stronger,0.0,4.46,162,2,0,"[""NO-HAREM"", ""ROMANCE"", ""SYSTEM"", ""WEAKTOSTRONG"", ""COMEDY"", ""ADVENTURE"", ""CULTIVATION"", ""ACTION"", ""SLICEOFLIFE"", ""APOCALYPSE""]",[],"Soren Valmere was branded worthless after he failed to awaken three years in a row, becoming nothing more than a family embarrassment with no future.

Ethea Morvain was the legendary Ice Empress, but a catastrophic Gate incident left her paralyzed, and her world turned upside down.

By a strange twist of fate, these two forsaken souls were forced into an arranged marriage, only to be abandoned by the very families who had made the bargain.

But fate had other plans.

On the very night of their arranged wedding, Soren awakened a power unlike anything the world had ever seen: the Investment Authority.

It rewarded every sacrifice, every risk, and every act of care. And Ethea, the woman the world had given up on, became the center of it all.

Risk his life to save hers? Get Supreme Grade returns. Help her cultivate again? Gain an equal amount of experience immediately. Cook and feed her? Become the world’s most skilled chef.

But the more Soren learns, the more he begins to realize their marriage wasn't just a simple arrangement. There are secrets buried beneath it, forces moving in the shadows, and truths neither of them were ever meant to uncover.

Will he be strong enough to protect her when the real enemy finally shows itself? Will Ethea manage to recover her powers? And what price will he have to pay for the greatest investment of all?

_______ _____ _

Author's Note: Hey everyone! This is my first time writing in this genre, so please go easy on me. Furthermore, this is purely a work of imagination. Any similarities to real persons or events are coincidental. I'm here to have fun and, hopefully, entertain you along the way.

If you enjoy the story, please add it to your library and throw some power stones and golden tickets my way. Comments and feedback are always welcome.

Extra Tags:

#ArrangedMarriage #ContractMarriage #HiddenPower #Awakening #IceEmpress #CrippledFemaleLead #MaleLeadGrowth #PowerCouple #SlowBurnRomance #HealingTogether #Investing #Cultivation #AbandonedByFamilies #FromZeroToHero #EmotionalInvestment"
False,https://www.webnovel.com/book/infinite-mana-in-the-apocalypse_16709186806051905,Infinite Mana in the Apocalypse,0.0,4.44,1797,0,1,"[""OVERPOWERED"", ""SYSTEM"", ""EVOLUTION"", ""APOCALYPSE"", ""ADVENTURE"", ""ACTION"", ""VIDEOGAME"", ""WEAKTOSTRONG"", ""SURVIVAL""]",[],"""What you are is a blip on a glorious path. An extra that isn't even all that well developed. You'll appear and make some inconsequential waves, and then you'll disappear just as quickly. Only to be forgotten a few pages later.""- Noah Osmont

---

An Apocalypse descends as awakened humans rise to defend their world!

In the blooming chaotic Era, Mana reigns supreme.

But even the strongest beings...have limited reserves of Mana.

A weak F Rank Hunter awakens with the lowest tier [Fireball] skill in a desolate City as he finds out...Mana is not a limitation for him!

Have you seen countless fireballs stretch across the blue skies? Have you seen endless dwarf stars and black holes conjured against insurmountable Dragons and other mythical creatures?!

With Infinite Mana, anything is possible!

---

The concepts appearing in this story are those of pure fantasy and fiction, they are not reflective of the real world. Everything is based on pure imagination.

Discord server is with illustrations and Status Panel is here! -https://discord.gg/KwatGcE"
False,https://www.webnovel.com/book/evolving-my-undead-legion-in-a-game-like-world_30873847808808905,Evolving My Undead Legion In A Game-Like World,0.0,4.42,280,1,0,"[""SYSTEM"", ""MAGIC"", ""ROMANCE"", ""EVOLUTION"", ""ACTION"", ""WEAKTOSTRONG"", ""OVERPOWERED"", ""UNDEAD"", ""TRANSMIGRATION"", ""ADVENTURE""]",[],"“Is this a game or reality?” - Michael Norman

*****

Apocalypse descended, and reality transformed into a game for a select few known as Awakeners.

Between the ages of 16 and 18, every teenager had the chance to awaken a class and attain supernatural powers. Awakeners would then venture into a game-like world, the Land of Origin, seeking treasures and gaining tremendous strength.

Michael transmigrated into this world at 18 and successfully awakened the Necromancer class. However, that was not all—Michael also unlocked a unique talent that allowed his undead summons to evolve infinitely.

.....

[Little Skeleton has successfully evolved into Skeleton Soldier!]

[Skeleton Mage has successfully evolved into Skeleton Summoner!]

[Bone Dragon has successfully evolved into Undead Frost Dragon!]

......

With his powerful undead summons, Michael set out on a path to become a supreme legend.

Tags:

#Necromancer

#Undead

#Evolution

#Armybuilding

Join the discord:

https://discord.gg/aXbtS5qftJ

https://discord.gg/aXbtS5qftJ"
False,https://www.webnovel.com/book/natural-disasters-strikes-i-stockpiled-like-crazy!_30707536700039905,Natural Disasters Strikes: I stockpiled like crazy!,0.0,4.38,68,0,1,"[""SYSTEM"", ""REINCARNATION"", ""R18"", ""WEAKTOSTRONG"", ""SURVIVAL"", ""REVENGE"", ""KINGDOMBUILDING"", ""APOCALYPSE"", ""SWEETLOVE"", ""POWERFULCOUPLE""]",[],"Lu Nanzhi regressed two years into the past—only to realize that the sequence of these disasters perfectly matched a mobile game she had once played.

It had only been in beta.

Heatwaves, torrential downpours, extreme cold, tsunamis, floods, and alien beasts descended upon the world one after another, turning the planet into a living hell and pushing humanity to the brink of extinction.

With the beta rewards in hand, Lu Nanzhi made up her mind.

In this lifetime, survival came first.

And she began hoarding supplies without restraint."
False,https://www.webnovel.com/book/hidden-identities-of-the-ai-heiress_22425973105143805,Hidden identities of the AI Heiress,0.0,4.38,23,0,1,"[""MULTIPLEIDENTITIES"", ""SWEETLOVE"", ""STRONGFL"", ""LIGHTNOVEL"", ""CHEATS"", ""LOVINGENEMIES""]",[],"Joven, an AI that transmigrated here from the stars became a daughter of a rich family, lost in a rural village but finally returning home for a certain purpose.

Everyone thought that she would be unrefined and lack culture given her poor upbringing... until the eldest Lu brother realized that his youngest sister was the one who casually agreed to the contract he just signed.

Second Lu Brother: What? My younger sister invested in the movie I was leading?

Mama Lu: The unlabeled products my daughter gave me are from a state-of-art research center?

Papa Lu: The cheap stuff my daughter gave me is actually worth millions?!

Big shots of various industries: Would you like to be an instructor? The type who earns over hundreds of millions?

A certain conglomerate: Had enough fun yet? Now get back here and inherit your billion-dollar estate.

Scumbags: Weren't we promised a pathetic wimp to bully?

***

The day Li Hanzhou learned that Qiao Wen equaled him in net worth, he made inventory and put everything before her. ""You can have all of these—plus one husband! Please sign here.""

Qiao Wen: ""You're the one who insisted on no puppy-love. It's important to keep your promises.""

Mr. Li: #Urgent! How do I go back in time to slap my past self?

I'll make it up to you with all the tenderness in the world."
False,https://www.webnovel.com/book/slime-evolution_35006015000821605,Slime Evolution,0.0,4.35,225,3,0,"[""R18"", ""WEAKTOSTRONG"", ""EVOLUTION"", ""ACTION"", ""LITRPG"", ""ROMANCE"", ""OVERPOWERED"", ""ADVENTURE"", ""SUPERPOWERS""]",[],"Lohan lived his entire life in a hospital bed, needing machines even to breathe.

Then one day he woke up on a parallel Earth, where he had a perfectly functional body, but with the disadvantage of being from the Lower Zone, without the right of clean water to drink or pure oxygen to breathe, and with an huge debt in his name.

Fortunately, there was something that would change his destiny.

A new VRMMORPG had been released two days prior, and there, if someone put in the effort or was lucky enough to acquire a Rare Class or Race, their destiny could change overnight.

And Lohan was one of the lucky ones who not only achieved a race above the ""Common"" level, but the highest level available, a Mythical Race! And the most unbelievable thing is that his class, Devourer, was also a Mythical Class, something completely unimaginable.

The problem is that his race was that of a simple Slime!

Spawning in the middle of a forest, without any guide or tutorial, Lohan had to explore the potential that his Mythic Class and Race held.

Using the Absorption ability to devour enemies, steal stats, traits, and overcome any limit, the Slime evolved.

Ascending from the bottom of the food chain to become the Peak Predator of Elysium and the real world, defying the laws of both worlds while absorbing the powerful on a path to becoming the Absolute Being.

Welcome to live The Ultimate Slime Evolution.

---

I don't use AI, I write this story by myself."
False,https://www.webnovel.com/book/global-game-afk-in-the-zombie-apocalypse-game_21995505805582005,Global Game: AFK In The Zombie Apocalypse Game,0.0,4.24,138,0,1,"[""CHEATS"", ""SYSTEM"", ""SURVIVALGAME""]",[],"Fang Heng was transmigrated to a parallel world and his soul was forced into the body of a man who had just committed suicide.

Huh? What? Every human here was being forced to join a game? Those who refused would be killed?

Wait? This suicide dude was a pro gamer?

He had the highest S-rank talent sill, the Zombie Clone?

Damn! The S-rank skill evolved! My zombie clones could auto hunt!

[Your zombie army has crafted Wooden Axe x720 when you were offline. You have received 1921 experience points for the Basic Crafting skill.]

[Your zombie army has chopped down 27,821 trees and gathered 128,973 pieces of wood while you were offline. You have received 2,171,921 experience points for the Basic Wood Chopping skill.]

Just as the rest of the players were struggling to survive in the zombie apocalyptic game, Fang Heng's zombie clones were starting to clear every resource out of the forest.

Hm... What an interesting game!"
False,https://www.webnovel.com/book/love-in-the-midst-of-mistaken-identities_13119673206813105,Love in the Midst of Mistaken Identities,0.0,4.22,1372,0,1,[],[],"Her step-sister just died three months ago. Now, she insists on marrying Chu Lui, who is supposed to be her future brother-in-law, the mind behind the Chu Enterprise. The world is sure that she, the new bride-to-be, haa caused her step-sister's death in order to seduce him.

Even her own mother says to her cruelly, ""Don't call me 'Mom'. I don't have a daughter as vicious as you.""

During their wedding ceremony, her husband-to-be tells her, ""I won't kiss you; you disgust me.""

All her embarrassment is captured by the numerous cameras present.

He shames her. 'Xia Ruoxin, you went so far just to marry me? I will make your life a living hell.'

And her life indeed becomes a living hell. For his business, he sends her to another man. To right the reputation of his beloved woman, he sends her to company a bunch of men. Later, he marries again, and on his wedding night, she remains in an ice-cold warehouse, giving birth to a girl.

Many years ago, the boy promised, ""I'll come back for you when we're older. I'll marry you and make you my little bride."""
False,https://www.webnovel.com/book/the-true-mistress-has-a-thousand-hidden-identities_20120667905719505,The True Mistress Has A Thousand Hidden Identities,0.0,4.22,53,0,1,[],[],"Omnipotent A-Grade Cool Female Lead VS Secret Passionate and Domineering Male Lead That Loves Assuming and is Easily Jealous

Because she is wrongly placed at birth, Claire and another girl swap lives.

Eighteen years later, she acknowledges her roots and returns to her family. From a country bumpkin, she becomes the daughter of a rich family in the capital.

However…

Her parents favor their fake daughter.

""Claire, Phoebe is smart and obedient. She's a thousand times better than you.""

Her brother protects the fake sister.

""Claire! Don't bully Phoebe. Phoebe is innocent, unlike you—you're full of evil tricks!""

It's said that she is uneducated and incompetent. Her grades are the worst, and she loves to fight. She is notorious for her misdeeds, and everyone looks down on her.

Only one man says domineeringly, ""I will dote on you.""

One day… her disguises are stripped off…

The Vice-Chairwoman of the Mathematical Olympiad, the guru of eSports, the hidden miracle doctor, the Chinese Art Master, the diva of the music industry, and the leader of the League of Death.

Those identities are all hers?!

Everyone starts to worship her: You are a real big shot!

Instantly, there are countless suitors.

A director extends an invitation for her to film a movie. The next day, the director is banned from the Internet.

The Masked King invites her to have dinner with him. The next day, the scandal of the Masked King becomes the hottest topic on the Internet.

A rich tycoon gives her a diamond ring as big as a pigeon egg. The next day, the corporation goes bankrupt and he becomes a beggar.

A certain envious lover online declares his sovereignty over her.

@Claire: ""She's my wife."""
False,https://www.webnovel.com/book/facing-an-ancient-god-for-a-year_29139370408135505,Facing an Ancient God for a Year,0.0,4.21,22,0,1,"[""SYSTEM"", ""DARK"", ""SUPERPOWERS"", ""SURVIVAL"", ""ANTIHERO"", ""LEVELUP"", ""APOCALYPSE"", ""FASTPACED"", ""THRILLER"", ""HORROR""]",[],"Fu Qian gracefully removed his skull, as if a gentleman were taking off his hat to pay respects.

…

Everything began with a transcended-dimension invitation.

It's a story of a high-quality Thug turning the impossible into the possible.

Of course, on that day, the great being behind the invitation was still unaware of what it had done."
False,https://www.webnovel.com/book/absolute-beast-dominion_33861692108224805,Absolute Beast Dominion,0.0,4.2,89,1,0,"[""NO-HAREM"", ""ROMANCE"", ""SYSTEM"", ""BEAST TAMING"", ""R18"", ""LITRPG"", ""ACTION"", ""SUPERPOWERS"", ""ADVENTURE"", ""KINGDOMBUILDING""]",[],"In a world ravaged and ruled by magical beasts, where strength speaks for everything, and the weak are killed at the whims of the strong. Humans, Elves, Demons and all other intelligent species are forced to live inside walled cities to survive.

And in the front lines are Beast Masters.

With their taming talent, they act as guardians for their people. Defending against city-spanning beasts, then turning the same beasts into allies, capturing new habitable lands, and fighting other races.

In this new world, new laws have been formed that need to be followed lest they risk annihilation.

======

Leo opens his eyes to find himself lying over the puddle of his own blood, and the life-changing awakening ceremony awaits him tomorrow.

And his awakening was a success. But luck had it, he awakened with a common soul who are weakest of the weak.

He made peace with himself, thinking he was destined to live a mediocre life. But promised that he would try his best to gain strength and crawl out of the hole even if he had to bleed.

But everything changed when he received a gift from a mysterious entity.

[Primordial Beast Dominion System]

Where everyone is beating their head to make their beast grow and unlock their potential, Leo uses the system to break his limiter and grow fast and surprisingly strong.

With dual talent and a broken system, he embarks on the journey to rise to the top of the food chain.

As the system's name suggests, he will not stop until he dominates the whole world.

[18+ Explicit content warning]

[18+ Voilence]

Additional Tags:

#kingdombuilding #levelup #noharem #R18 #Beasttaming #strongfemalelead #singlefemalelead #elves #demons #dragons #Powerfulcouples #Yandere

[MC and FL are not blood-related! Damn it!]

---

Extra chapters for Super Gifts

---

Join Discord!

https://discord.gg/xsGQygG9v7

---

People who don't like reading smut may skip the R18 chapters. You'll not miss any critical plot of the story.

R18 is not Slight R18; Slight R18 may contain some piece of information.

---

The book is being edited, so if you notice a sudden shift in writing style, please bear with it.

Editor: HaoShu [Discord: hao_shu]"
False,https://www.webnovel.com/book/the-real-young-miss's-secret-identities-revealed_20430485106397005,The Real Young Miss's Secret Identities Revealed,0.0,4.19,68,0,1,"[""REBIRTH""]",[],"After the real daughter of the Jiang family fell sick, she became stupid and insisted on marrying the cold-blooded, cruel, and crippled Fu Jiu.

Mother Jiang said, ""So be it. She's a good-for-nothing anyway. I only asked her to marry in place of my sister.""

Father Jiang: ""After you marry him, remember to ask 9th master to help your sister find a better marriage.""

The fake heiress said, ""Sob, I feel so sorry for Sister, but… if you get beaten to death by the 9th master, the Fu family will compensate us a lot of money, right? I'm looking forward to it.""

Jiang Li sneered. She bid farewell to her hypocritical family and brought her shabby dowry to the Fu family.

After having been reborn once, she knew very well that Fu Jiu was the only person who treated her well.

Everyone was waiting for Jiang Li to be beaten to death. Finally, one day, she was photographed by reporters and posted online.

""It's all your fault! You used so much force last night! The Jiang family is going to laugh at me again!""

Fu Jiuxiao said, ""With me around, no one will dare to laugh at you. Moreover, I will make them pay back tenfold for the pain that the Jiang family has caused you!"""
False,https://www.webnovel.com/book/others-summon-dragons-i-summon-legendary-knights_33667044200629305,"Others Summon Dragons, I Summon Legendary Knights",0.0,4.1,495,1,0,"[""OVERPOWERED"", ""ACADEMY"", ""SYSTEM"", ""SUMMONS"", ""ACTION"", ""ADVENTURE"", ""R18"", ""ROMANCE"", ""SUPERPOWERS"", ""EVOLUTION""]",[],"In a world shattered by rifts and overrun by monsters, humanity's only hope lies in the summoners – elite warriors who command mythical beasts. They are legends. They are celebrities. They are the strong.

On the day of the Talent Awakening Ceremony, sixteen-year-old Godfrey watches in awe as his peers call forth packs of direwolves, mighty hydras, and even legendary dragons. When his own turn comes, he hopes for anything that will lift him from the bottom of society.

What awakens is not a beast, but a legacy.

Rejected and mocked for manifesting a single, armored knight from a forgotten age, Godfrey is dismissed as a failure. But they are all wrong. He has not summoned a mere soldier, he has awakened the Bloodline of the Ancient Golden Order.

While others rely on feral packs and roaring dragons, Godfrey commands the disciplined, peerless might of the Golden Knight-Captains. One knight’s sword moves faster than a dragon’s breath. One archer’s arrow can pierce a hydra’s heart from a thousand paces away.

They call his power weak. Soon, they will call it legendary.

---------------

Disclaimer:

* MC gets strong fast

*Powerful cast of MC's knight summons

* Progressive fantasy with lots of progression over the course of 300 or so chapters.

*High octane battles, with spectacular beast skills

*No harem

*Each chapter takes me a while.

https://discord.com/invite/8Ufe4789YX"
False,https://www.webnovel.com/book/i-can-devour-monsters%E2%80%99-sss-talents_35979612700927105,I Can Devour Monsters’ SSS Talents,0.0,4.09,52,1,0,"[""ACTION"", ""ROMANCE"", ""ADVENTURE"", ""SYSTEM"", ""WEAKTOSTRONG"", ""OVERPOWERED"", ""GENIUS"", ""ANTIHERO""]",[],"“The world believed the Ruined Realms were humanity’s greatest enemy …. They were wrong.”

——

The world entered the Age of Awakenings after the appearance of the Ruined Realms

Monsters invaded Earth, and humanity fought back using talents, classes, and abilities granted by something that called itself The Will.

But Lian Vorhelm had none of those things.

He failed his awakening not once, but twice.

Branded as defective and abandoned by everyone around him, Lian expected to spend the rest of his life as nothing more than an ordinary analyst.

Until he became one of the 25,000 sacrifices chosen by the newest Ruined Realm.

And there, inside a world already consumed by monsters…

Just as he was about to die after being hunted down by a terrifying creature

Suddenly—

[ The Ruined Heart Has Been Activated ]

[ Awakening Successful ]

[ Class : Monster ]

[ You Have Obtained The SSS-Rank Talent, Dormant Monster ]

[ The abilities of this Talent are as follows : ]

[ Bloodlust: While even the greatest geniuses can only absorb up to 50% of a monster’s EXP after killing it, you absorb 100%. ]

[ Butcher: While all Awakened gain Stats Points only after leveling up, you permanently obtain 1% of a monster’s Stats after every kill. ]

[ Glutton: Whenever you kill a monster possessing a Skill or Talent, you have a chance to randomly devour one of them. ]

……

[ You Have Killed The SSS-Rank Final Boss, Chaos Dragon God ]

[ You Have Gained 999,999 Stats Points ]

[ You Have Obtained, Chaos God Authority ]

[ You Have Killed The Ancient Demon God ]

[ You Have Obtained, Immortal Demon Bloodline ]

———-

700 Power stones : 1 Bonus Chapter

500 golden tickets : 1 Bonus Chapter

Discord : https://discord.gg/4C4WFMdRa"
False,https://www.webnovel.com/book/batman-in-mcu_18097666405253605,Batman in MCU,0.0,3.94,120,0,1,"[""ACTION"", ""TRANSMIGRATION"", ""REVENGE"", ""URBAN"", ""REBIRTH"", ""HIDDENIDENTITIES"", ""MAFIA"", ""BILLIONAIRE"", ""TRAUMA"", ""MARTIALARTS""]",[],"a young avid Dc fan gets paid a visit from truck kun then wakes up as a kid in a rich family all is normal until he discovers his family is friends with the Starks and Captain America is real.

follow his adventure as he tries his best to survive in a world of heroes and villains and have fun along the way.

this is my second fan fic I learnt a lot from my first one and I'm going to hope this goes better than the last.

to support me go to https://ko-fi.com/flowinglightning"
False,https://www.webnovel.com/book/daily-intelligence-system-don't-kill-me-honey!_31211128400082605,"Daily Intelligence System: Don't Kill Me, Honey!",0.0,3.86,29,1,0,"[""SYSTEM"", ""WEAKTOSTRONG"", ""CULTIVATION"", ""BEAUTY"", ""EASTERN"", ""ROMANCE"", ""TRANSMIGRATION"", ""LEVELUP"", ""POORTORICH"", ""DOCTOR""]",[],"In the late years of the Daqian era, tyrants roamed freely, war erupted endlessly, and the people could not sustain their lives.

After transmigration, Chen Jie finds himself as a drunken gambler with a pair of unfortunate sisters at home.

The elder one, Su Yunjin, is his wife, and he also has a five-year-old sister-in-law, Su Yunrui.

Their family is so poor they can barely make ends meet.

Then suddenly, his beautiful wife comes smiling, bringing him a bowl of hot porridge.

""Husband, I was wrong yesterday. Please have some porridge while it's hot.""

Seeing the bruises on his wife's face, Chen Jie feels something is amiss.

Ding~

[Daily Information has been updated]

[1. Yesterday, you gambled away the last three acres of good land, beat Su Yunjin while drunk, and planned to sell the five-year-old Su Yunrui, to recover your losses.]

[2. The Su sisters rely on each other. Su Yunrui is Su Yunjin's only hope.]

[3. Su Yunjin, having lost hope, traded her mother's hairpin three days ago for a pack of arsenic.]

...Arsenic!

Staring at the hot porridge brought to his lips, Chen Jie looks up at his wife, seeing the faint bruise on her face and her eyes shifting away, avoiding his gaze.

""Honey!""

""Yes?""

""You're not going to kill me, are you?!"""
False,https://www.webnovel.com/book/tribe-i-become-invincible-with-my-10-000x-bonus-from-the-start_21276835306035905,"Tribe: I Become Invincible With My 10,000x Bonus From The Start",0.0,3.85,237,0,1,"[""CONQUER"", ""WEAKTOSTRONG"", ""SURVIVAL""]",[],"“Ding! You’ve received the [Human Archer (Stage 2)] and has activated the 10,000x bonus. You have received the [Flame God Archer (Stage 10)].”

“Ding! You’ve received the [Speed Totem (Silver)] and has activated the 10,000x bonus. You have received the [Wind Goddess’ Speed Totem (Legendary)].”

“Ding! You’ve received the [Basic Resource]x1,000,000 and has activated the 10,000x bonus. You have received the [Basic Resource]x10,000,000,000.”

“Ding! You’ve received the [Mecha Maid Army] and has activated the 10,000x bonus…”

When Li Cheng was reincarnated to the launch day of the game, Tribe, he had received the 10,000x Bonus System.

From armies to equipment to talents and skills, he could receive a 10,000x bonus.

A few years later, when the world and game merged, people struggled to survive while Li Cheng had already become a godly being…"
False,https://www.webnovel.com/book/my-beast-is-the-12-winged-angel_33396805908862005,My Beast Is the 12-Winged Angel,0.0,3.85,75,1,0,"[""SYSTEM"", ""INVINCIBLE"", ""BEAST TAMING""]",[],"Transmigrating into a different world where Guardian Beasts reign supreme, Gu Xing is supposed to be the chosen one envied by all!

The first Guardian Beast he summons turns out to be a rare Epic Level Succubus!

However, just as all eyes are on him, this Succubus betrays him in public.

""Master, he's offering too much!""

She then turns to the embrace of a rich heir, leaving behind a scene full of ridicule.

Yet no one knew, Gu Xing has awakened a system that could see through all Guardian Beasts' training paths!

Amidst the laughter of the crowd, he contracts with an Angel deemed ""crippled.""

After using materials to heal her wounds, the Angel fully recovers...

Gold... Legendary Talent!​"
False,https://www.webnovel.com/book/monster-integration_12749523606078605,Monster Integration,0.0,3.82,1382,0,1,"[""ROMANCE"", ""ADVENTURE"", ""ACTION"", ""WEAKTOSTRONG"", ""CULTIVATION""]",[],"In the world where Humans and Monster's form a bond and fight together, the world where both Evolve together to get stronger.

Walk with Micheal as he starts his adventures with his Silver Sparrow, overcomes countless obstacle and adversaries to fulfill his greatest Dreams.

The initial and new chapters getting edited everyday.

Release Rate: 14 Ch/Week+

The cover is not mine. I couldn't track down the original creator but if the creator is out there, message me if you want me to take it down or give credit"
False,https://www.webnovel.com/book/online-game-my-health-point-has-no-limits_21189171405545805,Online Game: My Health Point Has No Limits,0.0,3.63,57,0,1,"[""VIDEOGAME"", ""INVINCIBLE"", ""REINCARNATION"", ""EGOIST""]",[],"""It was the year 2030 AD. The origin universe game “Divine Revelation” made its grand debut. In this game, the in-game currency could be exchanged for real money, which attracted countless players. Even countries were getting ready to enter the game. But no one knew that Li Yi who had fallen in the War of the Gods returned to this very day when the game was launched with ten years worth of memories from the game. And this time, Li Yi received the SSS Rank Talent - Blood Devour. [SSS Rank Talent, Blood Devour: After slaying any creature, the player would gain 1% fixed Health Point, and life regeneration speed. The effect of this talent can be stacked indefinitely] [Notification: You slew an LV1 Sika Deer, received 1 HP, 0.01 HP regeneration/second] [Notification: You slew an LV5 Elite Goblin, received 7 HP, 0.07 HP regeneration/second] [Notification: You slew an LV10 Legendary Boss - Aoi Flame Green Dragon, received…...] From them, an invincible being who had a health bar even longer than bosses were added to the game. “Report: Li Yi is cheating, the HP of the entire dungeon’s monsters added together is still less than his!” “Report: We attacked Li Yi with the joined force of a 1000 players army, but he only lost a slither of health!” “Report: Please tell me, how are we supposed to attack the city with Li YI standing in front of its gates?”

Many years later, when the game started to fuse with reality, and the War of the Gods began, Li Yi stood at the front alone and faced the gods of the worlds. Only then did the players wake up, “Dear Sir, we’re begging you, please have even more HP!”"""
