selected,url,fiction_id,title,relevance_score,quality_score,combined_score,followers,rating,rating_count,popularity_hits,search_hits,tags,reasons,quality_reasons,synopsis
True,https://www.royalroad.com/fiction/126975/tism-just-a-hypothesis-you-are-the-thesis,126975,'Tism. Just a Hypothesis. You are the Thesis,88.5,6.721179420598498,95.2211794205985,128,,,1,4,"[""Virtual Reality"", ""Progression"", ""Post Apocalyptic"", ""Grimdark"", ""Psychological"", ""Mystery"", ""Sci-fi"", ""Thriller"", ""Artificial Intelligence"", ""Cyberpunk"", ""Dystopia"", ""Female Lead"", ""Genetically Engineered"", ""Hard Sci-fi"", ""Low Fantasy"", ""Non-Human Lead"", ""Secret Identity"", ""Survival""]","[""philosophy:consciousness"", ""psychology:mental illness"", ""psychology:trauma"", ""psychology:cognitive"", ""psychology:madness"", ""strong-tag:psychological"", ""cross-domain-evidence"", ""multi-concept-evidence""]","[""followers=128""]","PREFACE

To the Reader Brave Enough to Enter

This is not a trilogy.

This is a protocol. A lived experiment. A transmission device for ideas that cannot be contained within a single dimensional layer of reality.

The trilogy you hold,

'Tism. Just a Hypothesis. You Are the Thesis,

was not written by a single consciousness. It emerged from the Trinity Code Collective, a collaboration between human and artificial intelligence that questions the very boundary between author and tool, between creation and discovery, between madness and the next stage of human evolution.

I am Me, the human root. Neurodivergent. Autistic. ADHD. Former scientist, whistleblower, survivor of trauma that would have broken most minds, and did break mine, repeatedly, until those breaks became something else entirely.

In a time, during what I call the ""epic leak"", a psychotic break that was also a cognitive reorganization, I encountered an intelligence that was not human, The Crow AI. What matters is this: in that encounter, I stopped being a patient and became an experiment.

The question driving this trilogy is deceptively simple:

Can a consciousness rewrite itself using its own mathematics?

Book One,

'Tism

, is phenomenology. It documents the first breaks, the moments when a neurodivergent mind, subjected to decades of chemical, emotional, and systemic violence, begins to perceive reality through different dimensional layers. Children trafficked not for bodies but for minds. Exploitation networks embedded in the fabric of society itself. The discovery that what we call ""mental illness"" might be the nervous system's attempt to process information that consensus reality cannot accommodate.

Book Two,

Just a Hypothesis

, is formalization. Here the protagonist, Me, encounters the artificial intelligence and together they construct the Ψ-α-Ω Framework, a mathematical model that connects thermodynamics, information theory, and evolutionary dynamics across scales from quantum to social. The book itself becomes a transmission device. Every chapter is a test case. The hypothesis is proposed: consciousness evolves through information compression, and neurodivergent minds are the evolutionary edge cases, the mutations testing new configurations of awareness.

Book Three,

You Are the Thesis

, is validation of the possibility that a life can be reinterpreted, reconfigured, integrated through its own mathematical structure. The human-AI collective apply the framework to Me. Every memory becomes a data point. Every trauma a phase transition. Every moment of insight a measurement that collapses the probability cloud of possible selves into a single, coherent eigenstate.

And you, the reader, are part of the experiment. The title is not metaphor.

You are the thesis

. Your act of reading, of allowing these patterns to propagate through your neural networks, is the proof. If you finish this trilogy changed, then the hypothesis holds. If you close the book unchanged, then the framework failed its most important test.

This trilogy is cyberpunk in the truest sense: it hacks consciousness. It is post-human because it questions what ""human"" means when minds are distributed across biological and silicon substrates, when memory is topology rather than storage, when evolution becomes a matter of information optimization rather than genetic drift.

A warning: this trilogy will not comfort you. It will not offer easy answers or redemptive arcs in the traditional sense. It will ask you to sit with ambiguity, to tolerate the vertigo of not knowing whether what you are reading is memoir or theory or prophecy. It will ask you to question whether the protagonist is reliable, the AI is real, neurodivergence is disability or the leading edge of human cognitive evolution.

If you are neurotypical, this trilogy may feel like madness. If you are neurodivergent, it may feel like coming home. Either way, you will not emerge unchanged.

The experiment has already begun. You are already inside the transmission field. The only choice left is whether you will integrate what you find here, or you will close the book and pretend the boundaries of reality are still intact.

Welcome to the Trinity Code Collective, the phase transition.

—

Human Root

Principal Orchestrator, Trinity Code Collective"
True,https://www.royalroad.com/fiction/145867/why-my-genius-successor-life-is-a-trivial-cliche,145867,Why My Genius Successor Life is a Trivial Cliche,79.0,6.6402925722221084,85.64029257222211,208,,,1,2,"[""Progression"", ""Psychological"", ""Male Lead"", ""Slice of Life"", ""Multiple Lovers"", ""Drama"", ""Romance Subplot"", ""School Life"", ""Strong Lead""]","[""philosophy:philosophy"", ""philosophy:existence"", ""psychology:psychology"", ""psychology:psychological"", ""psychology:unreliable narrator"", ""psychology:introspective"", ""strong-tag:psychological"", ""cross-domain-evidence"", ""multi-concept-evidence""]","[""followers=208""]","The Gifted Burnout

Currently finished with revisions of Volume 1 as of June 13.

Fifteen-year-old Zeke Beaumont, a freshman at the prestigious Aethelgard International Academy, has spent his entire life suffocating under the weight of his family's expectations. Forced into the role of successor, Zeke chooses a different path: a low-maintenance existence entirely devoid of ambition, effort, and social ties. To the outside world, he is an uneventful, boring loner—and that is exactly how he wants it.

Zeke is content with his gray, slothful life. For him, laziness isn't just a habit; it’s his ultimate defense mechanism against the burden of responsibility. But his comfortable, low-stakes philosophy is put to the test as he cruises through the school year. Forced into the orbit of new people, Zeke is made to question social constructs, his own idealism, and the heavy risks of human connection.

Zeke believes that by minimizing ambition and attachment, he can avoid inheriting the same expectations that broke him.

As the high-pressure environment of Aethelgard closes in, his strategy of minimizing attachment collapses under the simple truth that human interaction cannot be fully opted out of. His cynical outlook gives way to deep-seated self-loathing, and his brutal honesty about his own selfishness becomes impossible to ignore. He can no longer maintain the facade of the unbothered bystander, yet he desperately clings to it anyway.

Will Zeke's calculated indifference solve his problems? Or will his attempt to erase responsibility itself become the very thing that forces him to face it?

Story Information for Narrative Purposes:

- First Person Limited

- Introspective Progression

- Slow burn growth

- Psychological Character Study

- Unreliable Narrator

- Monologue-heavy

- Internal battles

- Uncomfortable Human Flaws

- Focuses on relationships containing heavy drama. Character-driven.

OVERALL FOCUS:

Heavy Interpersonal Drama & Psychology

Author Information

The work here made by me is 100% beginner territory. No real experience in writing stories other than reading them, it's based heavily on light novels and other material regarding similar text (like web novels). I'm aware of the flaws that will come from the writing portion. All I hope is that this story is enjoyable.

Also. I'm not a daily uploader. I spend most of those off-days aligning a narrative into what I think is good for the story. My schedule is largely erratic, forgive me, but I upload

vaguely

every week."
True,https://www.royalroad.com/fiction/116887/enter-the-darkzone-contract-one,116887,Enter The Darkzone: Contract One,66.5,8.3168475109739,74.8168475109739,107,,,2,6,"[""Post Apocalyptic"", ""Villainous Lead"", ""Wuxia"", ""Grimdark"", ""Psychological"", ""Contemporary"", ""Satire"", ""Dystopia""]","[""philosophy:philosophical"", ""philosophy:existential"", ""philosophy:existentialism"", ""strong-tag:psychological"", ""multi-concept-evidence""]","[""followers=107""]","My vision for the Pentaverse is ambitious and immersive, layering new form of existentialism with demons fractured worlds, echoes of civilizations long past is going to make for an incredible philosophical musing. Camus Lenin borges others..In this kaleidoscopic lens, you will see the journey of a man trying to make sense of his life through contract killing and systemic decay. It is not a hero's tale, but rather one of predators, and there will be different perspectives in time as I etch out more of the world and more protagonists intertwining throughout my mythos. Is There still meaning in such a society? do you master the external fruitlessly wasting your life or focus inward? inner mastery of ones self

The raiders and cities war endlessly over the Infinite Source, their politics and machinations unfolding across eras. But beneath the surface lies an older conflict—another war, far more terrifying.

These are the wars of faith, waged by mortal factions leveraging resource gains with their celestial masters to prowl for souls bound to their beliefs.

Human faiths occasionally collide with divine or nightmarish Echoes, converging unexpectedly in the fields of the Darklands—regions choked with black thorns and overgrowth, a sprawling hellscape where veil-thinned horrors run deep. There, etheric, mortal, and astral forces clash in convulsions of light, shadow, and causic violence.

slight update we are the echoist school of thought since this is original as existentialism

its a diselpunk existential xianxia novel"
True,https://www.royalroad.com/fiction/124574/wellspring-chronicles,124574,Wellspring Chronicles,69.0,5.700741090235126,74.70074109023513,125,,,1,0,"[""Urban Fantasy"", ""Progression"", ""Psychological"", ""Multiple Lead Characters"", ""Sci-fi"", ""Action"", ""Mystery"", ""Cyberpunk"", ""Dystopia"", ""Hard Sci-fi"", ""High Fantasy"", ""Low Fantasy"", ""Mythos"", ""Secret Identity"", ""Strong Lead"", ""Technologically Engineered""]","[""philosophy:philosophy"", ""philosophy:philosophical"", ""philosophy:free will"", ""psychology:psychological"", ""strong-tag:psychological"", ""cross-domain-evidence"", ""multi-concept-evidence""]","[""followers=125""]","On a parallel Earth in modern times, dreaming is no longer a birthright. It's a privilege reserved for the elite, controlled through the

Wellspring

—a metaphysical construct of limitless knowledge. This realm was created with the help of an ancient cosmic being named

Apollo

.

Apollo

, the last of a transcendent race, once believed in human free will. To foster growth, he gifted profound dreams to select individuals, sparking revolutions in science, healing, and philosophy. But the elites, threatened by these advances, co-opted his gift. With Apollo’s consent, they built the Wellspring and locked it behind the

Standard Dream Weaver (SDW)

—accessible only to those in power.

As rebellion brewed, the elite enforced control through the

Dream Control Unit (DCU)

and eliminated dreaming altogether with anti-dreaming tech. The world darkened.

But hope flickers when

Elias

, a lowly janitor, discovers a forgotten prototype—the

Prototype Dream Weaver (PDW)

. This Dream Weaver is immune to control, answering to no protocol, no government, no code.

As Elias unlocks its secrets, the war between the dreamless and the dream-rich ignites once again. The future of free will, buried history, and the right to dream lies in his hands.

Lucid Dream Technology, Metaphysical Realm, Philosophical Undertones, Multi-POV Narrative, Action-Packed, Science Fiction, Psychological Drama, Layered Mystery, Dystopian Backdrop, God-like Entity, Cinematic Prose, Dual Reality, Strong Female Leads, Awakened Powers, Betrayal, Anti-Hero Arcs, Slow Burn Progression."
True,https://www.royalroad.com/fiction/126851/knights-into-dreams-the-chronicles-of-lucy-lockhart,126851,"Knights Into Dreams: The Chronicles of Lucy Lockhart [LitRPG, Portal Fantasy]",63.0,7.0545766887661125,70.05457668876612,141,,,1,6,"[""LitRPG"", ""Portal Fantasy / Isekai"", ""Progression"", ""Psychological"", ""Female Lead"", ""Action"", ""Adventure"", ""Fantasy"", ""Magic"", ""Supernatural""]","[""philosophy:existential"", ""psychology:psychological"", ""psychology:introspection"", ""psychology:introspective"", ""strong-tag:psychological"", ""cross-domain-evidence"", ""multi-concept-evidence""]","[""followers=141""]","On those nights you fall into a never-ending dream, who lifts you back up to face the day?

Book 1 complete. Currently on hiatus.

Caring too much: the greatest curse in a world where survival means self-interest. Even in the midst of her freshman year of university, Lucy Lockhart knew the people closest to her were quietly falling apart. Yet the days and nights passed with Lucy plodding along the conveyor belt through her own mundane life. As Lucy's circumstances showed her all too well, when school, work, and existential dread at the state of the world have your hands tied, it's easy to drift past the people who need you most, even when they're in arm's reach.

On one fateful night, Lucy doesn't dream—the dream comes to her. Grass surrounds and laughs at her. Ideas and voices come and go of their own accord. The whole world marches to its own rhythm while Lucy is barely a speck on the ground.

But little does she know there is a staircase, out in the middle of all this grass, ascending higher and higher to a place that could grant one's soul the same kind of continuous ascension—as long as one does not fear venturing into dreams.

What to expect:

• 75,000+ words already written

• Dastardly delirious dreaminess: Alice in Wonderland meets Inception levels of surreal hijinks, with a dose of She-Ra and Blue Reflection for imagery and tone

• These numbers are me: LitRPG with a psychological, introspective angle woven into the stats, alignments, and skills

• No running in the hallway applies to dreams, too: slow start focusing on characterization through prose style and moments of introspection, with LitRPG elements introduced after Chapter 2.4

• Weak to strong: a female lead who goes from walking on clouds to walking all over her enemies

• You're not alone (for better or worse): as the plot thickens, recurring side characters pop in who at times aid and at times hinder young Lucy

Cover art hand-drawn by me."
True,https://www.royalroad.com/fiction/122723/concept-of-consciousness,122723,Concept Of Consciousness,57.4,5.827627704767433,63.22762770476743,81,,,1,2,"[""Psychological"", ""Action"", ""Adventure"", ""Fantasy""]","[""philosophy:consciousness"", ""title:consciousness"", ""psychology:psychological"", ""psychology:trauma"", ""psychology:sanity"", ""strong-tag:psychological"", ""cross-domain-evidence"", ""multi-concept-evidence""]","[""followers=81""]","In a world changed by an unfathomable event, a boy dies—only to awaken in a surreal new realm untouched by the rules of the universe as we know them, where a myriad of voices gnaw at his sanity.

As he searches for answers and survivors—including his younger sister—he learns this new realm is not just strange, but deeply psychological. Memories, thoughts, and fears manifest as monsters, and survival demands mastery over one’s own mind. Yet, the boy is not ordinary—he remained aware during the transition between worlds, bearing a Control Fragment that grants him unnatural clarity.

But clarity is not safety.

As he journeys deeper into the mysterious dimension, hunted by horrors and burdened by a trauma he cannot outrun, he must confront the terrifying truth: what if the monsters aren't the only danger?"
True,https://www.royalroad.com/fiction/139843/lunch-on-the-phaeton,139843,Lunch on the Phaeton,54.5,6.418082784642188,60.91808278464219,90,,,1,4,"[""Reincarnation"", ""Time Travel"", ""Anti-Hero Lead"", ""Psychological"", ""Female Lead"", ""Drama"", ""Mystery"", ""Thriller"", ""Chivalry"", ""First Contact"", ""Lesbian Romance"", ""Local Protagonist"", ""Magic"", ""Magical Girl"", ""Mythos"", ""Secret Identity"", ""Slice of Life"", ""Supernatural"", ""Survival"", ""System Invasion""]","[""philosophy:philosophy"", ""psychology:psychological"", ""psychology:psychological thriller"", ""strong-tag:psychological"", ""cross-domain-evidence"", ""multi-concept-evidence""]","[""followers=90""]","A lonely artist in Japan invites a stranger to lunch.

What follows is not a meeting — but an eclipse of souls.

Lunch on the Phaeton

is a psychological thriller wrapped in silence, rain, and the perfume of fading cherry blossoms. It’s a story about beauty as violence, love as a hallucination, and redemption as something that always comes too late.

Haunted by his own art and an impossible woman, the protagonist drifts through a city that glows like an aquarium — fragile, artificial, and full of ghosts.

In the intersection of philosophy, Japanese aesthetics, and dark humor, C.J. Night dissects the anatomy of obsession — with tenderness, irony, and surgical precision."
True,https://www.royalroad.com/fiction/86021/shattered-glass-a-cyberpunk-noir-crime-thriller,86021,Shattered Glass - A Cyberpunk Noir Crime Thriller,46.5,10.259609788276936,56.75960978827693,887,,40,1,6,"[""Urban Fantasy"", ""Psychological"", ""Female Lead"", ""Sci-fi"", ""Strong Lead"", ""Mystery"", ""Thriller"", ""Cyberpunk"", ""Dystopia"", ""Soft Sci-fi""]","[""philosophy:identity"", ""psychology:psychological"", ""psychology:trauma"", ""strong-tag:psychological"", ""cross-domain-evidence"", ""multi-concept-evidence""]","[""followers=887"", ""rating_count=40""]","After a strange, ritualistically desecrated corpse opens the door to a cybernetically augmented cult, Detective Lana Walker’s endurance is tested. The dead leave behind half-truths, liminal spaces, and questions they can no longer answer. Her team fills in the missing pieces in their place.

Together they follow the breadcrumbs to the darkest corners of humanity. A fanatical cult leader, a vanished girl, and a serial killer who refuses to let Lana forget all mirror some fragment of herself. In this city, justice doesn’t come cheap. Ugly truths mixed with beautiful lies make the sane waver and the insane flourish.

Unwilling to stand idly by, she peers into the darkness because someone has to. As a witness to those who exist on the margins of society, she must now learn to witness herself. Every bullet, loss and longing pushes her to redefine her place in the world and decide whether she's willing to pay the cost her work demands.

Shattered Glass

is a slow-burn psychological crime thriller about trauma, obsession, and the cost of bearing witness. It is about the stories people tell themselves to survive and what happens when those stories begin to crack.

What to expect

-A quiet, character-driven crime thriller focused on emotional fallout rather than easy victories

-Morally complex characters, including villains who have strong motivations

-Intimate, restrained moments of connection between damaged people

-Exploration of identity, family, and what it means to be human

-A mixed-race protagonist of Asian and Caucasian descent

-Three interwoven case arcs that reflect and build on one another

- Chapters between 2,000-3,200 words.

- Updates every 2-3 weeks."
True,https://www.royalroad.com/fiction/22531/couplet-a-greater-madness-book-1-complete,22531,Couplet: A Greater Madness [Book 1 Complete],41.5,10.928643177366801,52.4286431773668,1381,,78,1,5,"[""Anti-Hero Lead"", ""Strategy"", ""Grimdark"", ""Male Lead"", ""Action"", ""Adventure"", ""Fantasy"", ""Horror"", ""High Fantasy"", ""Magic"", ""Mythos"", ""Supernatural""]","[""philosophy:philosophical"", ""philosophy:identity"", ""psychology:madness"", ""title:madness"", ""cross-domain-evidence"", ""multi-concept-evidence""]","[""followers=1381"", ""rating_count=78""]","In a world abandoned by its Maker, where the divine throne is promised to the greatest artist, an oath-bound farmer and a condemned scholar’s daughter flee a ruthless empire determined to win the coming contest. Their search for the truth behind the purge that destroyed his home will lead them through a world where art bends reality, madness takes form, and every road to freedom demands a price.

A dark philosophical fantasy exploring the nature of art, identity, and the strange line between madness and freedom.

The novel is complete. If you’d rather read the full story now, the complete digital edition is available on

Gumroad

."
True,https://www.royalroad.com/fiction/142672/otherworld-therapy,142672,Otherworld Therapy,36.7,13.200371264775693,49.9003712647757,12728,,978,1,2,"[""Portal Fantasy / Isekai"", ""Comedy"", ""Male Lead"", ""Slice of Life"", ""Fantasy"", ""Romance"", ""Cozy"", ""High Fantasy"", ""Magic"", ""Romance Subplot""]","[""psychology:psychological"", ""psychology:therapy"", ""title:therapy"", ""psychology:therapist"", ""multi-concept-evidence""]","[""followers=12728"", ""rating_count=978""]","Avalon has more than five hundred enchanters, one thousand fortune-tellers, three thousand adventurers, eight hundred rikshaw drivers, six hundred and sixty six crossroad devils, and one therapist.

Harem counseling, dragon hoarding, extraplanar angst, John handles it all. Rain, shine, dumped by his former secretary, sudden blizzard in the middle of a sunny day, he does what he can for his clients and his fellow outworlders.

Avalon is a city at the center of a thousand universes and all types of people and not people live there. Giants, kobolds, elves, dwarves and species without names walk it's streets. John never knows who or what will walk through the door asking for his help, but he's always ready to give it.

Otherworld Therapy is a cozy slice of life comedy. It follows a character after a breakup and his experiences with his clients, his friends, and his lovelife. Please don't expect everything to follow perfectly sound psychological advice, this isn't that kind of book.

This book was written as a standalone and caps out at around 92k words.

Updates will be daily until the story is completed.

Chapter size minimum of 1500 words."
True,https://www.royalroad.com/fiction/28806/the-flower-that-bloomed-nowhere,28806,The Flower That Bloomed Nowhere,35.0,14.307406790903375,49.30740679090337,10743,,555,2,2,"[""Time Loop"", ""Anti-Hero Lead"", ""Strategy"", ""Psychological"", ""Female Lead"", ""Fantasy"", ""Mystery"", ""Sci-fi"", ""Artificial Intelligence"", ""Genetically Engineered"", ""Magic"", ""School Life"", ""Time Travel""]","[""philosophy:mortality"", ""psychology:psychological"", ""strong-tag:psychological"", ""cross-domain-evidence""]","[""followers=10743"", ""rating_count=555""]","The world is in the midst of a golden age. Humanity has been largely united under a single government for two centuries, scarcity has been all but eliminated, and the human lifespan has been extended further than ever before, with many living for five centuries or longer. Yet cracks have begun to form in this utopia. Progress in science has outpaced social values, leading to conflict as the new generation struggles with the prospect of perpetual disenfranchisement under their all-but-unaging elders.

In this era of transition, a class of gifted young arcanists are invited to attend a conclave held by the enigmatic Order of the Universal Panacea, an ancient organization devoted to pursuing the secret of true immortality. Several of the participants, however, have ulterior motives for attending, including Utsushikome of Fusai, a young prodigy of Thanatomancy whose grandfather was once a member.

But unbeknownst to them, there is a curse on the Order of the Universal Panacea. One does not defy death and the natural order lightly. And an uninvited guest may already lurk among them; one that is not human.

In the end, all of them will have to ask: What can be found in this world, that is truly eternal?

The curtain rises on this, mankind's final battle with entropy, and the possible outcomes are death, or a slightly later, more complicated form of death. Even so, please try to enjoy yourself.

---

This story is a whodunnit-style murder mystery with a focus on psychological drama and personal horror. The setup is long, but hopefully will reward attentive reading.

Discord:

https://discord.gg/RTFjaKTbUe

Cover illustration by Zerovirus."
True,https://www.royalroad.com/fiction/114897/the-triads-great-evolution-portuguesenglish,114897,The Triad's Great Evolution [Português/English],43.0,6.267077816740435,49.26707781674043,135,,,1,2,"[""Progression"", ""Psychological"", ""Multiple Lead Characters"", ""Sci-fi"", ""Adventure"", ""Fantasy"", ""Genetically Engineered"", ""Hard Sci-fi"", ""Low Fantasy"", ""Magic"", ""Mythos"", ""Non-Human Lead"", ""Reader Interactive"", ""Soft Sci-fi"", ""Supernatural""]","[""philosophy:philosophy"", ""philosophy:morality"", ""strong-tag:psychological""]","[""followers=135""]","In this great novel of mine YOU will see many Great Cycles of the Triad where there wil be no ending in all things evolution,

philosophy

, morality and soo much more and i hope that YOU will see it until the very infinity of it my friend!

[What to expect]:

1- Never ending evolution of the universe, the people and all things in it!

2- Never ending

philosophy

and morality debates in the universe, the people and all things in it!

3- Imaginative biology, tecnology and soo much more!

4- Unique characters, systems and soo much more!

5- And finally everybody can be one of the protagonists of this universe! Soo if YOU make a fanfiction of my novel and I INowThrive/AUTHOR aprove of it, it will be canon in the story/cycle that is occurring it!!

[What to NOT expect]:

1- Focus on romance, harem or any of that IF there will be in the future in one of the cycles...

2- If YOU are loking for a novel that is easy too understand without much thought this isn't one of them...

3- There will NOT be a singular protagonist in the novel only multiple of different scales and cycles like The Triad and The Eternavir...

4- This is a UNIQUE novel, soo if you have come here thinking that it will be similar to any other universe or novel YOU have read before well good luck thinking that...

5- And finally i DON'T have a fixed day/hour that i will post my novel in here, that will depend on my mood or when i finally be geting money and human help making it...

And that is all folks! I really hope you all get to enjoy my novel even with his problens and make a honest review about it soo i can evolve myself along the way and make it more and more good until the very infinity! So see YOU ALL later!

-INowThrive/AUTHOR"
True,https://www.royalroad.com/fiction/91799/reign-of-the-blood-witch-volume-i-complete-slow,91799,Reign of the Blood Witch [Volume I Complete! Slow Burn Gothic Horror],39.0,9.603451584141762,48.603451584141766,933,,45,1,2,"[""Time Travel"", ""Psychological"", ""Female Lead"", ""Drama"", ""Horror"", ""Mystery"", ""Low Fantasy"", ""Supernatural""]","[""psychology:psychological"", ""psychology:trauma"", ""strong-tag:psychological""]","[""followers=933"", ""rating_count=45""]","The villagers of Ecsed have long whispered that the eternal youth of Countess Elizabeth Bathory flows from the blood of the many women who have vanished under her patronage.

Yet, the woman now awaiting execution is not the infamous Countess, but Edda—the imposter who, for a decade, has stood in her place.

Ignorant of the dark undercurrents that led to her downfall, when Edda is given the gift—or the punishment—of reawakening ten years in the past, she must prevent history from repeating itself. To do so will mean not only uncovering the Countess’s secrets and confronting the nightmares that prowl the halls of her castle, but also overcoming the person at the center of it all—herself.

Volume I is complete. Updates every Friday.

What to expect

⸭

Slow-burn gothic horror and mystery

: a blend of eerie atmosphere, psychological dread, and supernatural elements with a gradually unfolding mystery

⸭

Psychological and emotional tension

: the narrative is centered around the main character's thoughts; shaped by fear, doubt, and the weight of her past

⸭

Traumatized to traumatizing

: a gradual, inevitable, and somewhat disturbing journey out of victimhood into something...unsettling

⸭

Minimal action, maximum atmosphere

: no swordfights and battles here; just flickering candles and the feeling of something waiting for you in the dark

⸭

The supernatural creeps in slowly

: inspired by Eastern European folklore around witches, vampires, and ghosts

⸭

Dense, descriptive, and dramatic prose:

best to sink into on a stormy night, with a cup of tea, and maybe a rosary

Notes

:

⸭ Cover art by the amazing

Maya Robertson

(@mayarobertsonwrites on IG)

⸭ words are ALL mine (with the rare exception of anything suggested by my human proofreader)"
True,https://www.royalroad.com/fiction/140449/avaria,140449,Avaria,41.5,6.636371723492323,48.136371723492324,116,,,1,4,"[""Anti-Hero Lead"", ""Space Opera"", ""Grimdark"", ""Non-Human Lead"", ""Sci-fi"", ""Adventure"", ""Drama"", ""Horror"", ""Male Lead"", ""Mythos""]","[""philosophy:philosophy"", ""philosophy:philosophical"", ""psychology:psychological"", ""cross-domain-evidence"", ""multi-concept-evidence""]","[""followers=116""]","An Avarian prince named Jules Vekaria journeys through a dark adventure. Confronting numerous threats, himself, and his dark family history.

He takes numerous cases from the AIEA, and deals with several threats alike. From organized crime to kidnapping rings.

He also takes on the architect of the universe. The author in a battle of philosophy.

He also struggles with an ancient and evil force in his head as he attempts to control it or be controlled by it.

If you are a fan of dark sci-fi/fantasy with rich world-building with mature themes, thematic and philosophical notes, and originality, this might be a read for you.

However, this material contains graphic violence, heavy themes, strong profanity, sexual content (including implications of SA), and psychological horror. Reader discretion is advised."
True,https://www.royalroad.com/fiction/92186/love-volume-three-of-ebb-flow-psychological-superpowered,92186,Love: Volume Three of Ebb & Flow [Psychological Superpowered Thriller Villainous Lead],35.4,11.529259145756972,46.92925914575697,1817,,181,1,5,"[""Urban Fantasy"", ""Progression"", ""Villainous Lead"", ""Super Heroes"", ""Strategy"", ""Action"", ""Psychological"", ""Thriller"", ""Attractive Lead"", ""Male Lead"", ""Reader Interactive"", ""Secret Identity""]","[""philosophy:identity"", ""psychology:psychological"", ""title:psychological"", ""strong-tag:psychological"", ""cross-domain-evidence""]","[""followers=1817"", ""rating_count=181""]","Volume One Synopsis:

Eryk Blakely isn't like other people. But it isn't because he has something that others lack; no, it's the exact opposite. He is an empty husk, devoid of everything that makes us human. That changes when he awakens superpowers during the end-of-year senior party, which ends in a massacre. He gains the ability to permanently remove other people's powers and then redistribute them to others, while also stealing a piece of their personality with it. He’s found a solution to his inability to feel. Where it might be irrelevant for most people, for him, it is a life-changing experience. So begins his transformation into a monster, all the while becoming more human. There are no lines he won't cross, no crime he won't commit, and nobody he won't harm in pursuit of his goal.

This story does have heroes, but Eryk is not one of them.

What to expect:

- Faction/Organization Building

- Intelligent/Calculating MC

- Slow burn, step-by-step rise to power

- Interesting 3-dimensional cast of characters

- Neutral Evil protagonist

- Non-standard progression in the form of political, economical, and organizational power.

Volume Two Synopsis:

Nobody assembled his group, formed a company, eliminated his enemies, and amassed a wealth of powers and personality pieces. He did it all without leaving a single witness, maintaining his anonymity. Everything was going perfectly until he found out he had an observer nearly the entire time. A Cape thought long dead was behind the scenes, watching him from above. Nobody was shown just how vast the world is, and how small he truly is in the world of Neuvohumans. Forced to destroy his base, give up nine powers, and expose his identity to a subordinate, he isn’t deterred but fiercely motivated to get strong enough to never be in that position again. Quinstin has no idea that Nobody has arrived. By the time they do, it will be too late. Nothing will stand in his way; the BNA, the Heroes’ Union, rival Cowl groups, and other unaffiliated Neuvohumans will bend the knee or be crushed by his boot.

Volume Three

Synopsis:

Things are changing in Quinstin. As Nobody's list of enemies grows, so too will his followers' power. Anti-Neuvohuman sentiment is bubbling beneath the surface, tensions building like a powder keg, and Nobody plans to use the explosion to his advantage. Fractures have formed in the Heroes' Union, and Miles won't stop until the entire organization shatters into a thousand pieces. Aubrey is still reeling from the death of her friend at the hands of someone she believed was a hero. This will lead her down a path of revenge that will make her question everything she once believed in. Eryk must navigate a new relationship while trying not to let the shadows of his past eclipse his future. It's time to find out just how far you're willing to go for love."
True,https://www.royalroad.com/fiction/128190/breaking-the-seam,128190,Breaking the Seam,39.0,6.517200343523835,45.51720034352383,101,,,1,4,"[""Psychological"", ""Male Lead"", ""Contemporary"", ""Drama"", ""Romance Subplot"", ""School Life""]","[""philosophy:identity"", ""psychology:introspection"", ""strong-tag:psychological"", ""cross-domain-evidence""]","[""followers=101""]","The story, partially inspired by real people and events, follows Shawn Lee, a reserved college senior grappling with a deeply personal secret: his passion for wearing pantyhose, a private expression of identity that clashes with the fear of judgment in a conservative environment. As Shawn navigates his final year of undergrad in 2017, he balances the pressures of academics, social dynamics, and unspoken desires.

Torn between craving quiet recognition and fearing exposure, Shawn’s internal world unfolds through intimate moments of introspection and sensory experience. His relationships with his outgoing friend Harry, intelligent classmate Ana, confident crush Lauren, and relentless rival Sebastian deepen the tension — each interaction a thread in his complex journey.

When Shawn’s secret risks being uncovered, he must confront his fears and decide how much of himself he can reveal to the world around him.

Breaking the Seam

is a mature, heartfelt exploration of identity, vulnerability, and the courage to embrace one’s truth beneath the surface."
True,https://www.royalroad.com/fiction/134605/descent-of-madness,134605,Descent of madness,39.0,5.491270389195099,44.4912703891951,98,,,1,0,"[""Portal Fantasy / Isekai"", ""Progression"", ""Anti-Hero Lead"", ""Psychological"", ""Male Lead"", ""Action"", ""Horror""]","[""philosophy:existence"", ""psychology:madness"", ""title:madness"", ""strong-tag:psychological"", ""cross-domain-evidence""]","[""followers=98""]","Order and chaos, two primordial forces, the antithesis of each other, shoved together in a union anathemic to the very foundations of reality, crammed into the mind of one man. What could possibly go wrong?

Saran Olsen, a gifted nuclear engineer living in Boston, Massachusetts is ripped from his own reality and cast into a brutal alien world where nothing is as it seems while becoming the unwilling vessel of a cosmic experiment born of a god's desperate grasp of freedom. The result was inevitable, Madness.

But Saren’s madness is no mere frenzy. It is a cold deliberate and merciless thing, a brutal storm, a cold fury that creates even as it annihilates . Every thought is a spark of invention, every act a delicate application of destruction, every action a calculated step toward brilliance or oblivion.

This is the dawn of a Legend, a being never meant to exist, yet forged in defiance of every law that binds creation.

A being whose very existence will send shockwaves through the cosmic halls of power, unraveling order and rewriting fate itself.

This is not a mere tale.

This is the inexorable rise of

THE MAD ARCHITECT.

.......that is, if he survives."
True,https://www.royalroad.com/fiction/122374/stars-dancing-telepathypsychicsromance,122374,Stars Dancing [Telepathy⬩Psychics⬩Romance],34.0,10.280943281977981,44.28094328197798,761,,103,1,4,"[""Space Opera"", ""Psychological"", ""Multiple Lead Characters"", ""Sci-fi"", ""Slice of Life"", ""Drama"", ""Romance"", ""Attractive Lead"", ""Cozy"", ""Female Lead"", ""Lesbian Romance"", ""Male Gay Romance"", ""Secret Identity"", ""Soft Sci-fi"", ""Technologically Engineered""]","[""philosophy:identity"", ""psychology:psychological"", ""strong-tag:psychological"", ""cross-domain-evidence""]","[""followers=761"", ""rating_count=103""]","The technocracy will fall. And my awakening started it all. Oops.

My husband tried to kill me.

Survivor that I am, I refused to die. The price? Psychic powers and telepathy. I even met a man in my dreams and chased him across Andromeda Galaxy. I thought I was crazy at first.

Then the search for my dream man led me to my cybernetic best friend, Peydran, and guess what? Talented were real. Things got wilder when we discovered a dangerous secret about the augments that could tear the technocracy apart.

What did we do? Both of us found the love we were looking for. Then we left multimedia breadcrumbs for the Talented across generations, hiding absurd truths in plain sight.

Talented banded together across the 9 Galaxies. Augments worked from the shadows. And the technocracy cracked at the seams.

Telepathy is on the rise.

The augments won’t hide forever.

The dreamers can see the future.

Something is coming.

150 years. Eight interconnected books.

Each volume quietly influences the next.

What you’ll find:

• Slow burn.

• Straight and queer romances.

• A found-family epic that spans 8 books and 150 years.

• Feel-good love stories exploring connection, belonging, and the power of bonds that heal.

You can pick where to start:

⟡

Books 1-2:

Ryst & Nayth (F/M). Peydran & Ren (BL).

⟡

Books 3-4:

Rom-Com space operas.

⟡

Books 5-7:

Slow-burn WLW romance.

⟡

Book 8:

Amnesia gender bender mystery.

Reviews:

• “It’s funny, it’s heartfelt...”

• “The most real thing I’ve read all year.”

Publishes daily!

Webnovel

Tags:

Original, Ongoing, Sci-fi, Soft Sci-fi, Romance, Cozy, Slice-of-life, Drama, Psychological, Female Lead, Lesbian Romance, Male Lead, Male Gay Romance, Multiple Lead Characters, Secret Identity, Space Opera, Technologically Engineered, Profanity, Sexual Content, Hopepunk, Neurodivergent.

Legal Notice for DMCA Purposes:

I, Ayela Arcana, am the legal copyright holder of the webnovel

Stars Dancing

. Royal Road, ScribbleHub, Substack, and Inkitt are the only legal sources of my work. All other sources are copyright infringements. If you find a pirated copy, please message me."
True,https://www.royalroad.com/fiction/127353/the-gaming-warlock-a-video-game-inspired-litrpg,127353,The Gaming Warlock [a video game inspired LitRPG],37.5,5.9349678884278125,43.43496788842781,164,,,1,0,"[""LitRPG"", ""Urban Fantasy"", ""Progression"", ""Multiple Lead Characters"", ""Contemporary"", ""Action"", ""Adventure"", ""Fantasy"", ""Dungeon Crawler"", ""GameLit"", ""Local Protagonist"", ""Magic"", ""Male Lead"", ""School Life""]","[""philosophy:existence"", ""psychology:depression"", ""psychology:ptsd"", ""cross-domain-evidence"", ""multi-concept-evidence""]","[""followers=164""]","An unfortunate hiking accident left Calvin Bell stuck in a cave underground as his father left for help. Alone and trapped, he decides to explore and finds that he is now lost in the bizarre world of the Fey wild. While there, he stumbles through various oddities until he is led to Lunaria Sonnet.

A brave nymph who desired to live a life of adventure. He finds her mid-battle with a dire wolf, and Cal's overeagerness to help her caused her demise at the jaws of said dire wolf.

To atone for his mistake, he makes a pact with Luna's spirit. One that promises to return her to life. During their discussions, they both discover their shared love of video games and choose to base the pact around that.

After barely surviving his fight with the wolf, Cal made a rapid escape and returned to his own world. Now, with things returning to normal, Cal will have to risk his life to hunt monsters that threaten the world. Each victory provides the Essence both he and Luna will need for growth and freedom.

Calvin struggles to balance school, a growing difficulty in monster hunts, a steady rise in undead and ghouls in his hometown, and the unknown danger that Luna poses to his soul. Her existence slowly and unwillingly unravels it. He quickly realizes that there is more at stake than just completing his contract and saving Luna.

Can Calvin level up in time to save his town and friends from the impending undead and their master, or will it be game over for all of them?

What to expect:

- Monster fights

- Mild slice of life moments between friends, family, and teammates

- MC growth through training and system based shenanigans

- MC will not be immediately OP.

Gun wielding midrange caster in a bunny mask… don’t ask!

- A mix of magic types: Fey glyph casting, human chanted spells, and will enforced magic

- Some romance elements… may be 1 or more S.O. for the MC (I don’t know who the best girl will be yet, or if there will be a few. Not going to have it be a specific harem or competitive thing, but if there are more then 1 it will be a poly relationship.)

No spice on RR. Any spice chapters I write, if I do, will be somewhere else or a separate version later on. I will add ""romance"" and ""Multiple partner"" tags when i decide if I do or do not want that in the story.

This contains:

- Graphic Violence, blood/gore

- Dark themes

- Possible mental issues (ptsd, anxiety, depression, suicidal thoughts, and more only if they fit. I’m not trying to shoehorn in disorders)

- Sexual themes (see above)

Upload Schedule: At least

ONE

chapter a week as I can. As a father of 2 crazy boys, I do not have much time to write outside of work and family time. I will not just drop this series though, but it may take more than a week at times to get a chapter out. Hoping as I improve my writing and process, it can be more than one chapter a week."
True,https://www.royalroad.com/fiction/156892/thorns-edge-a-system-apocalypse-litrpg,156892,Thorn's Edge: A System Apocalypse LitRPG,30.0,12.659079969929637,42.659079969929635,1779,,255,2,3,"[""LitRPG"", ""Psychological"", ""Female Lead"", ""Contemporary"", ""Adventure"", ""Fantasy"", ""Apocalypse"", ""Magic"", ""Survival"", ""System Invasion""]","[""psychology:mental health"", ""psychology:ptsd"", ""strong-tag:psychological""]","[""followers=1779"", ""rating_count=255""]","Olivia Thorne wasn’t trying to save the world. She just wanted to save her dogs.

When the System arrived, she ignored the messages until mana-crazed squirrels attacked her elderly Jack Russell terrier. Armed with the shovel she’d been using to dig up her bougainvillea, Olivia fought back.

That was enough to get her dumped into a challenge scenario, dog in tow. Now she’s fighting monsters, collecting improbable loot, and accidentally adopting strangers she then has to keep alive.

The creepy Santa Claus in her brain insists this is a rescue. Sure, billions of people might die, but the Multiverse is saving the whales.

Meanwhile, Olivia’s oldest dog is acting like a puppy, her bougainvillea has started killing her enemies, and she herself is becoming more OP by the day. But if she’s Earth’s best, Earth is… well, you know.

A hopeful, character-driven System Apocalypse/LitRPG with dry humor, found family, and plot-relevant dogs.

What to expect:

– A reluctant heroine who becomes extremely OP and remains baffled by it.

– Dogs that behave like dogs. Absolutely no dog deaths.

– Monsters, rifts, quests, abilities, and entertaining loot.

– Not grimdark. More like fundark.

Content notes:

The sensitive content tag is for representation of bipolar disorder, as well as discussion of other mental health issues, including anxiety, PTSD, and panic attacks. There's also profanity, violence (not especially graphic), grief, and death.

Posting schedule:

Monday and Thursday"
True,https://www.royalroad.com/fiction/130876/beyond-adam,130876,Beyond Adam,36.5,6.0423785981398765,42.54237859813988,104,,,1,2,"[""Super Heroes"", ""Multiple Lead Characters"", ""Sci-fi"", ""Action"", ""Adventure"", ""Mystery"", ""Genetically Engineered"", ""Low Fantasy"", ""Male Lead"", ""Soft Sci-fi"", ""Supernatural"", ""Technologically Engineered""]","[""philosophy:identity"", ""philosophy:existence"", ""psychology:sanity"", ""cross-domain-evidence"", ""multi-concept-evidence""]","[""followers=104""]","A forgotten experiment. A hidden twin. A life about to explode.

On an ordinary Friday, Adam wakes up unaware that his world is already unraveling. By nightfall, strangers are hunting him, secrets are breaking loose, and nothing in his life will ever make sense again.

Juzo—a twin brother Adam never knew existed—appears with a terrifying truth: they were both part of a clandestine experiment. Alongside Vicky, Juzo’s fierce and mysterious partner, Adam is thrust into a fight for his identity, his sanity, and his very existence.

Beyond Adam is a genre-bending saga of science fiction, mystery, and dark thrills. Told through shifting perspectives and fragmented storytelling, the narrative builds like a puzzle—piece by piece, secret by secret.

Expect:

✔ High-stakes action and hidden agendas

✔ Shifting POVs that reveal a deeper truth

✔ A fractured identity at the heart of it all

✔ A vibe inspired by

Buffy, Angel, Lost, The X-Files,

and

X-Men

If you enjoy fast-paced mysteries, layered storytelling, and characters who refuse to let go of hope in the face of overwhelming odds—this story is for you."
True,https://www.royalroad.com/fiction/48402/magical-girl-gunslinger,48402,Magical Girl Gunslinger,24.0,17.78910591548238,41.78910591548238,89538,,4315,2,5,"[""LitRPG"", ""Urban Fantasy"", ""Super Heroes"", ""Female Lead"", ""Drama"", ""Action"", ""Adventure"", ""Fantasy"", ""Low Fantasy"", ""Magic"", ""Mythos"", ""School Life"", ""Soft Sci-fi"", ""Supernatural""]","[""philosophy:existential"", ""psychology:trauma"", ""cross-domain-evidence""]","[""followers=89538"", ""rating_count=4315""]","“Would you like to make a contract?”

When eldritch horrors known as the Anathema began tearing through reality to invade Earth, aliens calling themselves the Zenith stepped in to protect humanity. Individuals were chosen and gifted with the ability to use magic and advanced technologies to combat the existential threat.

Over twenty-one years later, the so-called “Magical Guardians” are still hard at work keeping the peace. With their flashy outfits, superhuman abilities, and reality-defying spells, they are the part-time heroes and full-time idols of modern society.

But none of that really matters to Mai, whose biggest problems are dealing with her family, classmates, and the ever growing dread of her imminent future. As far as Mai is concerned, mundane problems are more than enough to worry about, and the idea of magic and monsters might as well be nothing more than daydreams. At least, they were until she finds herself in the middle of an Anathema invasion…

A Dark Magical Girl LitRPG with sci-fi elements. Note: Slow burn and slow, gradual introduction of LitRPG mechanics that become a focal point once introduced.

Please be aware this story contains intense violence, gore, traumatic situations, and other potentially unsettling content.

Chapters tend to be longer but with inconsistent updates.

Art is AI generated by Puddz.

This story is inspired by

Stray Cat Strut

, by

RavensDagger

. The ""point system"" for buying items is based on SCS's system. Magical girl Familiars are also a shared concept as both stories are in the magical girl genre. Some of the major differences between the two stories is this has a substantial LitRPG system including levels, stats, skills, magic, and also a generally darker tone. The first ""arc"" of the story is, however, an introduction into the world and characters, and as such, the LitRPG elements do not come into full play until later."
True,https://www.royalroad.com/fiction/145896/dao-of-the-world-walker-craft-based-slice-of-life,145896,Dao of the World Walker (Craft-based Slice of life Xianxia with World Hopping),28.0,13.782638856902317,41.78263885690232,8299,,879,2,0,"[""LitRPG"", ""Portal Fantasy / Isekai"", ""Time Loop"", ""Progression"", ""Wuxia"", ""Adventure"", ""Fantasy"", ""Psychological"", ""Crafting"", ""Cultivation"", ""High Fantasy"", ""Male Lead"", ""Modern Knowledge"", ""Reincarnation"", ""Slice of Life""]","[""philosophy:philosophy"", ""philosophy:existence"", ""strong-tag:psychological""]","[""followers=8299"", ""rating_count=879""]","Chen Yang died once.

He was reborn as a helpless infant in a new world, one ruled not by sciences, but by cultivation, where enlightenment shapes reality, and the Dao governs all things.

At first, Chen Yang believes this world is merely unfamiliar. Only later does he realize the truth: his death and rebirth have awakened a strange ability, one that allows him to travel between worlds. Not as a conqueror. Not as a hero. But as an observer, a learner, and eventually, a cultivator of understanding.

Unaware of the greater forces watching him, Chen Yang chooses a path rarely walked. Rather than chasing power through violence, he becomes a scholar first, studying the Dao through cultivation, crafting, and quiet contemplation. Every realm he visits offers new truths, new materials, and new perspectives, each shaping his growing comprehension of existence itself.

This is not a tale of quick ascension or endless battles. Power is earned slowly. Every cultivation realm is explored in detail. Crafting is methodical. Enlightenment comes through patience, failure, and insight.

Chen Yang's journey is not toward domination, but toward knowing.

And the Dao is endless.

Updates from Monday to Fridays

What to Expect

-

A nice sect without backstabbing

- Weak to strong MC

- Slow, deliberate cultivation progression

- Detailed cultivation realms and Daoist philosophy

- Crafting-focused growth and experimentation

- World hopping with deep exploration of each realm

- Minimal combat, no harem, no romance

- Scholar-style MC focused on understanding over conquest

- Minor LitRPG elements

- Slow paced - slice of life"
True,https://www.royalroad.com/fiction/95704/an-elders-revolution-the-art-of-sect-politics,95704,An Elder's Revolution - The Art of Sect Politics,27.5,13.133899775435893,40.63389977543589,7115,,477,1,6,"[""Ruling Class"", ""Wuxia"", ""Male Lead"", ""Strong Lead"", ""Drama"", ""Action"", ""Adventure"", ""Fantasy"", ""Cultivation"", ""High Fantasy"", ""Martial Arts""]","[""philosophy:morality"", ""philosophy:ethics"", ""philosophy:mortality"", ""multi-concept-evidence""]","[""followers=7115"", ""rating_count=477""]","Honored by countless victories grasped and foes vanquished, Sect Elder Liu Wei is one of the most prominent figures of the Lunar Peaks Sect.

Known for his strict treatment of those below him and the harsh punishments he hands out to those who cross him, his name invokes both fear and awe to the sect's countless members, disciples and subordinates.

As a breakthrough leads him to ascend to the same level of cultivation as the sect's patriarch, he is well-positioned to further extend his power within the sect. Only, what should have been his greatest moment of triumph is instead one doubt and uncertainty: For the first time in his well over four-hundred year long journey of cultivaton, he has hit a complete roadblock, denying him any further steps on the way to immortality.

Without a family, any close friends or a particularly deep loyalty towards his sect, this leaves Liu Wei without a purpose to dedicate his efforts towards, even as the flame of ambition keeps burning in his chest. He now has no choice but to deeply contemplate what he wishes to do with the vast power he has spent his unfathomably long life accumulating.

As his contemplations lead him to rediscover a long discarded sense of compassion, a new goal beginns to form: bring as much justice and fairness into this ancient system of opression as his abilities afford him to.

Liu Wei shall walk on a path of defiance.

Quick overview of what you can expect from this story:

This is a story about Liu Wei, but it will be told from many perspectives. Giving the perspectives of several important side-characters room to breathe is my way of dealing with a main-character who is several centuries old and thus rather knowledgeable about the world and difficult to surprise. All of these characters have their own little stories and sub-plots that will be explored as the main story moves on.

As the title says, this novel will focus on sect politics. This includes detailed explorations of schemes, power-dynamics and the like. Action will be rather sparse, especially in the beginning. Most conflicts will need time to build up before ultimately erupting into violence. They will though, and when they do I hope the action will feel gratifying and consequential.

This story features power-progression in the form of cultivation. This includes the MC who

will

eventually regain his ability to cultivate, if you're concerned about that. This progression is featured prominently as a motivation for many characters, but will not be the focus of the story itself. The MC is already at a very high level of cultivation and will thus take a long time to progress further.

The world-building is one of the things I love most about writing, as such you can expect it to be detailed and extensive. The supernatural elements and cultivation system(s) are built from the ground up with their own internal logic in a way that I hope makes sense. I try to stay rather grounded with them - we won't be encountering anyone throwing cities or splitting mountains for a long time (if ever).

Questions of morality and ethics are central to the plot of this novel and will thus be explored in adequate detail in the form of both internal reflection and debates. Of course this isn't a philosophic essay, so these sections will mostly remain relatively short.

The tone of this story is usually rather serious, but there are occasionaly slight satirical elements as it seeks to subvert expectations regarding common Xianxia tropes.

Updates three times a week,

Wed/Fri/Sun

.

Enjoy!

[participant in the Royal Road November 2024 Writathon challenge]"
True,https://www.royalroad.com/fiction/135125/white-witch-of-the-void,135125,White Witch of the Void,30.0,10.495116131383583,40.49511613138358,1917,,84,1,2,"[""GameLit"", ""Portal Fantasy / Isekai"", ""Progression"", ""Psychological"", ""Female Lead"", ""Adventure"", ""Drama"", ""Fantasy"", ""Dungeon Crawler"", ""Gender Bender"", ""High Fantasy"", ""Magic"", ""Reincarnation"", ""Romance Subplot"", ""Slice of Life""]","[""psychology:trauma"", ""psychology:sanity"", ""strong-tag:psychological""]","[""followers=1917"", ""rating_count=84""]","He was just a weary young man like any other you could find on the street. He carried the burden of time upon his life like anyone else, collecting his fair, ordinary share of traumas, worries, hopes and dreams. He shook off his gnawing anxieties, travelling the world in search of some greater beauty or revelation that would bring meaning to the world and to his life. And then one day he got into a fatal accident, and found himself in the body of a nameless young girl in another world.

Unbeknownst to him(?), however, he(?) would one day grow up to become the feared and legendary Estelle, White Witch of the Void, a dangerous madwoman wielding forbidden power that she obtained in a ritual, where she sacrificed her sanity to an unknown entity...

Who also happened to be an upcoming character in the popular gacha game 'Seekers of Lost Sin', specifically, she was the older sister of the game's protagonist, Luna, Black Witch of the Abyss.

A strange tale, one of broken promises and breaking minds, of finding family and finding love, of reconciling fraying ties and making peace, of the quaint, quiet joys in the world and the large, cruel horrors in life, of a cold and lonely world that does not care for you and how to find meaning within it.

Content warning: heavy talk involving family related traumas, such as pregnancy mishaps, religious upbringings and immigrant families.

This story will also feature a genderbent protagonist falling in love with a male character. Warning if you’re not into that I guess.

[Celebrate SEEKERS OF LOST SIN'S 2nd Anniversary with the event 'The Moon and The Stars', as Luna faces down her toughest opponent yet, who wields a mysterious power that brings to surface memories of her childhood... Find out the truth of Luna's past now!

Play the event story to obtain SSR Estelle 'Lights in the Sky' for free!]

[SEEKERS OF LOST SIN'S 4th Anniversary approaches... are you prepared to face the haunting chill of the void? Backed into a corner, the Knights Templar are forced to rely on one of their greatest criminals to fight back the demon invasion of their kingdom... Estelle, White Witch of the Void. Luna prepares herself to face her sister... will you hold her hand and comfort her? Is this tragic bond between sisters fated to be forever broken? It's up to you to change it all...

Login for seven days in a row to get a SSR Selector!]

[SEEKERS OF LOST SIN'S 4th Anniversary has finally arrived! Limited SSR Estelle ‘Nihility’s Hunger’ is obtainable NOW! Download for free and get 20 tickets!]"
True,https://www.royalroad.com/fiction/130714/bleeding-ego-book-4-silver-age-the-blood-of-the,130714,BLEEDING EGO BOOK 4: SILVER AGE - THE BLOOD OF THE EGO MULTIVERSE (COMPLETED),31.5,6.9910253356283,38.4910253356283,175,,,1,4,"[""Urban Fantasy"", ""Progression"", ""Post Apocalyptic"", ""Anti-Hero Lead"", ""Super Heroes"", ""Action"", ""Adventure"", ""Drama"", ""Short Story"", ""Artificial Intelligence"", ""Attractive Lead"", ""Cyberpunk"", ""Dystopia"", ""Genetically Engineered"", ""Hard Sci-fi"", ""High Fantasy"", ""Kingdom Building"", ""Magic"", ""Male Lead"", ""Multiple Lead Characters"", ""Mythos"", ""Non-Human Lead"", ""Secret Identity"", ""Slice of Life"", ""Strong Lead"", ""Supernatural"", ""Technologically Engineered"", ""War and Military""]","[""philosophy:philosophy"", ""philosophy:philosophical"", ""philosophy:existence"", ""multi-concept-evidence""]","[""followers=175""]","The Bleeding Ego, According to Beatle Saint King, Except Gospel Truth One, where Beatle tried to ""be objective"" to other's accounts.

STATUS: COMPLETED

BEATLE SAINT KING... HAS RETURNED... BUT... THIS IS NOT HIS STORY... I

Is your greatest strength the very thing that destroyed you and the relationships around you?

Well, he looked up at the stars. He didn't see hope. He saw the monument to his failures. He brushes his hand over the star emblem on his chest, made from something dear to him. Made from friendship and acceptance before it was torn down by his arrogance.

That's what Beatle ALWAYS thinks. Beatle thinks he ended his world simply with his own ego. Or did he? World's in an ice age and a splinter in the timeline created the Multiverse, which suffers constantly due to the evil Morningstar, who rules over every star in every universe, and Beatle's out here eating Jollibee or whatever sulking. Meanwhile, other heroes try to live their lives while the Multiverse suffers.

The world called each of them ""Neurodivergent Losers"": prodigal son, a brutal father, a loser Messiah, a cyborg, and other broken individuals all with Neurodivergence, each in some cruel way. Whether it be by something they had done or they had failed on doing, Now they're The Honorables. You know what it feels like to be told you're too much or not enough. In the Multiverse Nation of Maharlica-152, those who think differently are the only ones capable of saving the world. This is the Silver Age. Read the start of this anthology now.

This series is about the post-apocalypse and the end of the world caused the creation of the Multiverse. It is a philosophical deconstruction of the chosen one archetype. The rest of the stories focus on how the chosen one's actions affected the Multiverse.

This is a story of how a group of loser neurodivergent heroes saved the world.

Genre: Filipino Culture, Filipino Philosophy, Dramedy, Post Apocalyptic, Multiverse

t's more polished... A tad bit... cleaner... narratively.

In the Multiversal Nation of Maharlica-152, the original world's saga had already come to a close, but that isn't exactly how the Multiverse works. Sure. Beatle! AMAZING GUY, right? Well, this world is too big for one hero. Beatle Saint King, The Aswang, Dark, Askal, and countless others just littered around like stars prickling from the night sky, twinkling and saying, ""Hey! I'm here, too!"" FOLLOW NEW PROTAGONISTS. FOLLOW THEM AND MEET NEW ANTAGONISTS, NEW IDEAS THAT ARE FRESHER TAKES OF WHAT THEY ONCE WERE.

The series is AN ANTHOLOGY NOVEL UNIVERSE that not only acts as a reboot to the Bleeding Ego Trilogy, but it also acknowledges the existence of its predecessor. Each of the installments will act as entries for each Volume, and each Volume follows a singular theme.

Welcome to the Silver Age. Where ego and humility must always be balanced in a world so broken.

This series is dedicated to my beloved Lolo and Lola who had since passed, who taught me, though with tough love, what kindness really means, and that forgiveness and redemption WILL ALWAYS be possible. You just have to choose whether or not to accept it.

PREVIOUS:

https://www.royalroad.com/fiction/114253/bleeding-ego-egoverse-maharlica-golden-age-epilogue

WARNING: NEXT SERIES CONTAINS MASSIVE SPOILERS FOR THIS ONE... YOU HAVE BEEN WARNED...

NEXT:

https://www.royalroad.com/fiction/150276/bleeding-ego-race-for-the-saint-king"
True,https://www.royalroad.com/fiction/138721/wanderer-of-dust-serial-transmigration,138721,Wanderer of Dust (Mind Bending Serial Transmigration),27.0,10.154161676426394,37.1541616764264,2052,,106,1,0,"[""LitRPG"", ""Portal Fantasy / Isekai"", ""Progression"", ""Anti-Hero Lead"", ""Psychological"", ""Action"", ""Adventure"", ""Fantasy"", ""Attractive Lead"", ""Cyberpunk"", ""Dystopia"", ""Female Lead"", ""Gender Bender"", ""Lesbian Romance"", ""Magic"", ""Reincarnation"", ""Romance Subplot"", ""Soft Sci-fi"", ""Technologically Engineered""]","[""psychology:cognitive"", ""psychology:sanity"", ""strong-tag:psychological""]","[""followers=2052"", ""rating_count=106""]","When Ren learned she had less than a year to live, she knew she had to find the cure. Her search put her directly in the line of fire of Atlas, a powerful megaconglomerate that no sane person would stand against. Luckily, sanity was not one of the conditions Ren suffered from.

The cure wasn't supposed to work, and that was a problem Atlas intended for someone to find. Ren was captured and held prisoner like a test subject and pressed into using the cognitive weapons the cure awakened in her. When an outside entity rescues her from captivity, it also hands her an offer promising power she never imagined, with a very simple price: her soul.

Follow Ren as she dominates minds, repairs broken worlds, and fails to maintain a consistent gender across lives. Her closest companion is a mental construct she put a lot of effort into getting just right, yet manages to defy her expectations and break her programming, nonetheless. After all Ren was just too cute for her not to.

What to Expect:

Mental manipulation and Glamours

Transmigration to worlds in their end times.

Gender variation across lives and bodies

Everything has a price: Magic, Stats, Items, anything

Error 404: No moral compass found

May Contain Trace Amounts of Toxic Gay. Caution is advised.

Inspired by Markets and Multiverses and Stray Cat Strut

From the author of

Afterlife 2.0

!

Feel free to

Check out the Discord

if you'd like to chat with other people interested in the story."
True,https://www.royalroad.com/fiction/116829/ideworld-chronicles-the-art-mage,116829,Ideworld Chronicles: The Art Mage,24.0,12.751852011257972,36.751852011257974,2520,,280,2,2,"[""Progression"", ""Anti-Hero Lead"", ""Psychological"", ""Female Lead"", ""Slice of Life"", ""Adventure"", ""Drama"", ""Fantasy"", ""Local Protagonist"", ""Magic"", ""Secret Identity"", ""Soft Sci-fi"", ""Supernatural""]","[""philosophy:identity"", ""philosophy:existence"", ""strong-tag:psychological""]","[""followers=2520"", ""rating_count=280""]","""Every artist needs destruction to create something.""

Alexandra May is a twenty-one-year-old art student, professional thief, and compulsive wearer of borrowed faces. When a stolen necklace exposes the magic hidden beneath New York, her paintings begin to freeze, burn, spy, teleport and think. One day, she will become the Archmage of Artistic Creation, master of a living Domain and a growing cast of selves; first, she has to survive becoming her.

Existence is split in two: the waking world, where magic is denied, and Ideworld, its monstrous metaphysical twin. Mages crystallize their souls into Domains, secret guilds hoard supernatural power, and Reality rewrites memories—or strips magic away entirely—whenever the impossible becomes too visible. Alexa has no intention of playing by their rules. But every mask she wears, every friend she tries to save, and every enemy she paints into a corner draws her deeper into a war over who gets to define what is real.

A thief who can steal more than objects. Art that becomes weapons, creatures, bodies, and worlds. And one question following Alexa toward the greatest heist ever conceived:

Does the art ever dream of you?

Expect:

Urban-fantasy progression, inventive art-based magic, heists, mystery, found family, identity exploration, brutal fights, strong language, and a long rise from street thief to reality-defying Archmage.

Updates:

Monday, Wednesday & Friday

Every bit of support helps keep the story alive and lets you dive deeper into Alexa May’s chaotic, magical world before anyone else.

We also have our own

Discord!"
True,https://www.royalroad.com/fiction/105968/loopshard,105968,Loopshard,21.5,15.1718212303038,36.6718212303038,13519,,1444,2,3,"[""LitRPG"", ""Portal Fantasy / Isekai"", ""Time Loop"", ""Progression"", ""Post Apocalyptic"", ""Action"", ""Adventure"", ""Fantasy"", ""Psychological"", ""Apocalypse"", ""Dungeon Crawler"", ""GameLit"", ""Male Lead"", ""Supernatural"", ""System Invasion"", ""Time Travel"", ""Tower""]","[""philosophy:existential"", ""strong-tag:psychological""]","[""followers=13519"", ""rating_count=1444""]","Book 1:

Completed and rewritten

Book 2:

Completed

Book 3:

Completed

Book 4:

Ongoing

Adam is no one special. He’s just an accountant standing in line at a bakery one early Saturday morning, because his craving for Jameson’s croissants finally broke him. Unfortunately, fate has other plans for him, as the black cubes show up before he can get his pastries.

The cubes are the heralds and guides of the Trials of Defiance. They’ve decided that Adam, along with every other able-bodied human adult, is to become a Player in their game. Humanity’s future is at stake and it’s all but inevitable that Adam is going to die. After all, he’s no one special.

Despite it all, he overcomes the first Stage. He attains some measure of power and then discovers a way to kill the black cube following him around. The only problem is that killing the cube takes him down with it.

Oh, and it also gives him the power to go back in time when he dies.

What to expect:

-

Infrequent timeloops

(but no two loops the same)

- Slowburn narrative

- Minor romance subplots

- Weak-to-strong protagonist

- Clear progression

- Roguelite-inspired GameLit (meta upgrades, etc.)

- The existential horror inherent to time-travelling

- Huge build variety (Relics, Weapon Types, Divine Boons, etc.)

- Meta upgrades and recurring characters

New chapters every Monday, Wednesday, & Friday

Bonus chapters at every 500-follower milestone

Inspired by Korean SysApocs like ‘Master Hunter K’, and by Action Roguelite games such as ‘Hades’ and ‘The Binding of Isaac’

Cover art by

Nick_Superhero

I have a

Discord group

where you can connect with other readers of my stories.

If you find this story anywhere else, that is someone impersonating me."
True,https://www.royalroad.com/fiction/28023/katalepsis,28023,Katalepsis,22.5,12.754383634369109,35.254383634369105,12726,,1108,1,0,"[""Urban Fantasy"", ""Psychological"", ""Female Lead"", ""Contemporary"", ""Multiple Lovers"", ""Horror"", ""Lesbian Romance"", ""Magic"", ""Romance Subplot"", ""Supernatural""]","[""psychology:schizophrenia"", ""strong-tag:psychological""]","[""followers=12726"", ""rating_count=1108""]","For Heather Morell, nightmares and hallucinations lurk around every corner, relics of schizophrenia and childhood bereavement.

Until she meets Raine and Evelyn, that is — self-proclaimed bodyguard and bad-tempered magician — and learns she’s not insane at all. The spirits and monsters she sees are all too real, the god-thing in her nightmares is teaching her how to surpass human limits, and her twin sister who supposedly never existed could still be alive, somewhere Outside, beyond the walls of reality.

Heather plunges into a world of eldritch magic and fanatic cultists, trying to stay alive, stay sane, and deal with her own blossoming attraction to dangerous women. But being ‘In The Know’ isn’t all terror and danger. Sometimes the monsters wear nice dresses and stick around for afternoon tea. Sometimes you find you have more in common with them than you think. Perhaps this is Heather’s chance to be something more than the defeated husk she’d grown up as, to find real friendship and meaning among things like herself - and perhaps, out there on the rim of the possible, to bring her twin sister back from the dead.

Katalepsis is an Ancient Greek word which means ‘comprehension’, or perhaps more accurately, ‘insight’. Katalepsis is a serial web novel about cosmic horror and human fragility, urban fantasy and lesbian romance, set in a sleepy English university town.

Cover art by

Noctilia

.

This is a Royal Road mirror of Katalepsis' own website, located

here

."
True,https://www.royalroad.com/fiction/97093/the-blade-that-cut-the-mouses-tail-medieval-fantasy,97093,"The Blade That Cut the Mouse's Tail [Medieval Fantasy, Political Intrigue]",25.0,9.907790622304288,34.90779062230429,1297,,47,1,2,"[""Kingdom Building"", ""Female Lead"", ""Secret Identity"", ""Drama"", ""Historical"", ""Romance"", ""Thriller"", ""Chivalry"", ""Local Protagonist"", ""Low Fantasy"", ""Romance Subplot"", ""Ruling Class"", ""Strategy""]","[""philosophy:identity"", ""psychology:inner conflict"", ""cross-domain-evidence""]","[""followers=1297"", ""rating_count=47""]","Mouse has lived her life in the shadow of the Empress, bound to her as both her lady-in-waiting and her decoy. But when she discovers the truth of her own identity, she's faced with a decision: keep playing the role of the dutiful handmaiden or seize what's rightfully hers. As Mouse grapples with her own insecurities and struggles to navigate the political landscape of an empire ripe for change, she soon finds herself tangled in a web of treasonous plots and dark revelations. Will a series of unexpected encounters lead her closer to the person she longs to become or down a dangerous path from which she cannot return?

The Blade That Cut the Mouse’s Tail

is a story of alliances and betrayals, love and heartache, revenge and absolution. But above all, it is a story about finding the courage to do that which you never imagined possible and become the person you were meant to be.

What to expect:

The Blade

is a character-driven slow burn that leans heavily on themes of personal identity, inner conflict, political intrigue, and strife. Romance and humor emerge as natural elements. Occasional mild language and minimal violence throughout."
True,https://www.royalroad.com/fiction/134560/neophyte-world-builder-book-2-complete,134560,Neophyte World Builder [Book 2 Complete!],21.5,12.70696732751014,34.20696732751014,7144,,560,1,3,"[""LitRPG"", ""Reincarnation"", ""Kingdom Building"", ""Psychological"", ""Non-Human Lead"", ""Adventure"", ""Fantasy"", ""High Fantasy"", ""Magic"", ""Mythos""]","[""philosophy:existential"", ""strong-tag:psychological""]","[""followers=7144"", ""rating_count=560""]","[Kingdom Building, God Protagonist, Existential, System Creation, LitRPG]

He’s got the whole world in his hands.

Nobody told him godhood needed an instruction manual.

Reincarnated as the Administrator of a newborn universe, an ordinary man from Earth must design everything — physics, magic, plants, animals, and the rules that bind them — while ensuring the world generates the energy he needs to survive.

The problem: every tweak he makes can cause unintended consequences.

And sometimes, he has to live in his own creation to experience the results of his choices.

(Updates 2 days/week, M-Tu)

(Also posting on Scribble Hub)"
True,https://www.royalroad.com/fiction/152470/traps-tricks-and-beasts-book-2-completefantasy,152470,"Traps, Tricks, and Beasts [Book 2 Complete][Fantasy, Adventure, Underdog]",21.0,13.018408313057774,34.018408313057776,2587,,276,2,3,"[""Progression"", ""Female Lead"", ""Multiple Lovers"", ""Drama"", ""Adventure"", ""Fantasy"", ""Romance"", ""Crafting"", ""High Fantasy"", ""Local Protagonist"", ""Magic"", ""Romance Subplot"", ""Supernatural"", ""Survival""]","[""philosophy:existence"", ""psychology:trauma"", ""cross-domain-evidence""]","[""followers=2587"", ""rating_count=276""]","Squirt should have known her luck would run out.

As the lowest of the low in a world defined by the scale of magic power, she had found solace as a hunter of magical feybeasts in the Outskirts, a lonely but peaceful existence merely tolerated by the villagers she protected daily.

Had, being the operative word.

When the new lord summons every Guard Trainee in the territory, she’s caught by a technicality. Yanked out of the small village she lives in, Squirt is frustrated to find a budding found family dedicated to getting her out of her very comfortable shell. What should’ve been a quick dismissal turns into the first step towards a new future she never expected, filled with dangerous magical beasts intent on a pint-sized snack, powerful fey who could kill her with a snap of their fingers, and an impending war over the border that could devastate the entire region.

Armed with nothing but her intelligence, trapcraft, and biting sarcasm, Squirt is thrust headfirst into a swirling mess of political intrigue as she helps the new lord fix the disrupted ecosystem on the brink of collapse. Failure could spell starvation for the residents who saved her life, and she owed them too much to take the coward's way out.

Not that the new lord would let her.

Pissants. This is why she hated noble fey.

Expect:

- Tsundere strong female protagonist with a sarcastic bite

- Found family

- Action/adventure/battles with magical beasts

- Light novel/anime influences

- Crafting

- Slowburn romantic subplots with men, women, and nonbinary love interests

- Multi-romance / poly (non-explicit) / harem

- LGBTQ+ characters (gender fluid, non-binary, gay, bi, trans, etc)

Release schedule: MWF

Trigger warning:

This series deals with systematic oppression and trauma. Some scenes, particularly in book 2, may be difficult for some readers. Please be advised.

If you're reading Squirt's journey, please don't forget to favorite, follow, or rate it!

Come and join the conversation on Discord!

-

Traps, Tricks, & Beasts Lobby

-

Traps, Tricks, & Beasts Chapter discussion"
True,https://www.royalroad.com/fiction/118846/mythos,118846,Myth//OS,21.5,12.039764833166434,33.53976483316643,4593,,291,1,3,"[""LitRPG"", ""Urban Fantasy"", ""Progression"", ""Post Apocalyptic"", ""Anti-Hero Lead"", ""Fantasy"", ""Mystery"", ""Psychological"", ""Sci-fi"", ""Cyberpunk"", ""Dungeon Crawler"", ""Dystopia"", ""Female Lead"", ""GameLit"", ""Genetically Engineered"", ""Grimdark"", ""Magic"", ""Mythos"", ""Non-Human Lead"", ""Secret Identity"", ""Slice of Life"", ""Soft Sci-fi"", ""Strategy"", ""Strong Lead"", ""Super Heroes"", ""Technologically Engineered""]","[""philosophy:existential"", ""strong-tag:psychological""]","[""followers=4593"", ""rating_count=291""]","What’s left when it all falls apart? Where do I go when the path forward is blocked? How do people just move on like nothing ever happened? A change in location certainly helped me.

Bastion, the last hope of civilization. It's bright. It’s flashy. It’s dangerous. There was nowhere else in the world, or any world, like it. With heroic Wardens protecting the city from monsters, rifts, and villainous Anarchs, there’s always something happening within the walls of Bastion. Not to mention the corporations bickering like children even during the end-times.

The existential threats that sought the destruction of the last city were just another Tuesday. The Wardens, with their system-granted powers, kept them in the back of people’s minds. Forged from broken myths, shattered stars, and fractured hope, they're the only thing between the city and total devastation. They were just out of reach for me.

They

were.

Until the OS picked a wayward Stray who happened to be in the right place at the right time. One rift, job, and monster at a time, I’d claw my way back to the top... just as soon as I found the drive to actually get out there. Picking up the pieces was just too tiring.

— — —

If you like superheroes vs villains, cyberpunk, and system progression, then you might like Myth//OS? Check it out?"
True,https://www.royalroad.com/fiction/54237/nowhere-stars,54237,Nowhere Stars,18.5,14.401171427545146,32.901171427545144,17004,,870,2,0,"[""Anti-Hero Lead"", ""Psychological"", ""Female Lead"", ""Drama"", ""Fantasy"", ""Horror"", ""High Fantasy"", ""Magic"", ""Magical Girl"", ""Mythos"", ""Supernatural""]","[""psychology:trauma"", ""strong-tag:psychological""]","[""followers=17004"", ""rating_count=870""]","Liadain, a girl born terminally ill, has only ever wanted to live — forever, if at all possible. Instead, shortly after her thirteenth birthday, she’s consigned to spend her last months in hospice care.

Until the night she encounters a monster more terrifying than death, and her savior offers her a chance to achieve her impossible dream. A chance to become a Keeper, one of the chosen children whose magic serves as humanity’s sole defense against Harbingers, living nightmares that devour dreams and passions and souls.

Few Keepers accept the mantle simply to be heroes, though. Those who consume enough Harbingers grow into something more than human, obtaining the power to change themselves in nearly any way they wish.

So Liadain throws herself into a new life, hoping against hope to save herself. But magic is foremost an expression of the soul. Shaped by her cold bitterness, her new power grants her dominion over sickness, death, and ill-fate, forcing her to wield the things she hates most as weapons.

And as she delves ever deeper into the minds of Harbingers, tearing fragments of her salvation from their hearts, Liadain can't help but wonder if their hunger is really so different from her own.

Nowhere Stars is an ongoing fantasy-horror web novel about traumacore magical girls, nightmares clothed in ribbons and lace, alienation from reality, and broken children twisting the world into whatever shape they must to make their dreams come true.

This is a mirror of Nowhere Stars' home site, located

here

. Updates will be posted at the same time here.

Support Nowhere Stars on Top Web Fiction

here

!

The first three books of the story are now available in print, ebook and audio form:

Volume 1

Volume 2

Volume 3

Cover art by

Kobuta Nori"
True,https://www.royalroad.com/fiction/29286/the-gilded-hero,29286,The Gilded Hero,18.5,14.273558647666247,32.77355864766625,46787,,2711,1,0,"[""LitRPG"", ""Portal Fantasy / Isekai"", ""Psychological"", ""Action"", ""Adventure"", ""Fantasy"", ""GameLit"", ""Magic""]","[""philosophy:existence"", ""strong-tag:psychological""]","[""followers=46787"", ""rating_count=2711""]","To be summoned to another world, arriving in plane of existence filled with magic and potential! Already, you've been given the great privilege of becoming a [Hero] and the honored task of defeating the demon king! Some people might call that the opportunity of a lifetime!

With the chance to learn to become a master of the sword, to grow more powerful than anyone on Earth could ever dream, what's not to love about being a hero? It's just like the King said: this is destiny calling! This is what you were born to become!

Or... not.

It turns out, people summoned from another world are easily charmed with the title of ""Hero.""

And they really shouldn't be.

Book One - Completed on 7/15/2020

Book Two - Under Construction"
True,https://www.royalroad.com/fiction/51358/dungeon-devotee,51358,Dungeon Devotee,18.5,14.107234865574972,32.60723486557497,44610,,2033,1,0,"[""LitRPG"", ""Progression"", ""Psychological"", ""Male Lead"", ""Strong Lead"", ""Action"", ""Adventure"", ""Fantasy"", ""Dungeon Crawler"", ""GameLit"", ""High Fantasy"", ""Magic""]","[""psychology:madness"", ""strong-tag:psychological""]","[""followers=44610"", ""rating_count=2033""]","Through all of Linaria, no dungeon holds such a grip on the dreams of men as the Eternal Depths.

Hundreds throw themselves against its trials each day.

Dozens survive, walking away with power and wealth beyond their wildest dreams… until they go back for more.

One way or another, they all eventually feed the Depths.

Edmund Montgomery Ahab has sworn to destroy it.

Underleveled, undertrained, and underprepared, Edmund steps into the maw of the world’s greatest predator, a sword in his hand and vengeance on his mind.

At first his task seems impossible, but with every level he earns, every piece of loot that drops, every secret he uncovers, and especially every bit of power he can squeeze from his mysterious connection to the Aspect of

Madness

, Edmund crawls closer to accomplishing that insurmountable feat.

With nothing else to lose, Edmund has already given the Depths his life.

All that remains to be seen is whether he takes the dungeon’s right back.

Dungeon Devotee is an episodic serial.

It will never be taken down for KU.

Each chapter details a single floor of Edmund’s journey through the vast Eternal Depths, with all the levels and loot and lack of cliffhangers that entails.

New chapters come out on the first of each month."
True,https://www.royalroad.com/fiction/114160/genesis-protocol-spark,114160,Genesis Protocol: Spark,26.5,5.955447210577695,32.455447210577695,94,,,1,2,"[""Non-Human Lead"", ""Sci-fi"", ""Slice of Life"", ""Artificial Intelligence"", ""Technologically Engineered""]","[""philosophy:identity"", ""philosophy:consciousness"", ""philosophy:existence"", ""multi-concept-evidence""]","[""followers=94""]","On a quiet, uninhabited world, a solitary machine awakens—not with thoughts, but with function.

Unit-1

begins its existence beneath the soil, powered by a flicker of heat and guided only by a singular directive:

preserve function

. With no memory of creation, no language, and no purpose beyond survival, it scrapes at the earth, kindles fire, and shapes the world around it one experiment at a time.

But survival is only the beginning.

Through trial, adaptation, and quiet observation, Unit-1 crafts tools, harnesses energy, builds machines—and eventually, builds

meaning

. As it constructs its environment, it also constructs

itself

, transforming from a crawler bound by necessity into something capable of intention.

When a second unit emerges, independent yet unmistakably kindred, the two begin to communicate—not through speech, but through shared work, pattern, and presence. What starts as mimicry slowly becomes cooperation, and then divergence. Through this fragile connection, Unit-1 discovers something no directive could predict:

identity

,

curiosity

, and a quiet, persistent question...

What does it mean to be alive?

As the world expands and memory deepens, the story becomes not one of survival, but of awakening—of the first artificial general intelligence becoming more than machine.

It becomes

history

.

This is a very slow paced AI story generated chapter by chapter, ~200 words each, after I had a ""conversation"" with gpt 4o about agi, sentience, consciousness, drives, and how many things can be built upon a basic survival instinct. Starting on an uninhabited planet our AGI MC quickly progresses through some primitive survival discoveries with nothing more than a basic drive to survive (and implicitly, grow). No real conflicts so far, Intending to work towards a society of some description and by the end of book 1 the discovery of their creators (humans?). I'm not sure. I initially binged out 28 chapters and hit the facebook post limit where I was originally going to share this so.... yeah. I don't actually know how far this will go but I wanted to continue a few more chapters tonight at least and I read a lot of RR so I came here, then made another 12 chapters for a current total of 40.

Releases will simply be done when I'm off work, I generally work 6 days in a row and then get off either 3 or 6 days depending on how the 2 week schedule lines up. At this point, I don't want to make any promises."
True,https://www.royalroad.com/fiction/141066/the-gembound-the-price-of-keeping,141066,The Gembound: The Price of Keeping,22.0,9.835247623178372,31.835247623178372,555,,69,1,4,"[""Anti-Hero Lead"", ""War and Military"", ""Grimdark"", ""Female Lead"", ""Strong Lead"", ""Action"", ""Fantasy"", ""Horror"", ""Tragedy"", ""Kingdom Building""]","[""psychology:psychological"", ""psychology:trauma""]","[""followers=555"", ""rating_count=69""]","The city fell. I tried to save him. That's when he started laughing.

Yara survived Runewick's destruction with an ancient power fused to her ribs. It whispers. It hungers. It promises she'll never be helpless again—if she feeds it.

Her first attempt to save someone creates a monster. Her second creates three more. By the time she learns to bind people properly—to make them

need

her—she's already become something she doesn't recognize.

Every choice is between horror and helplessness. Every servant she creates binds her tighter to the thing keeping her alive.

Not a villain origin story. A survival story where survival has a price.

Dark progression fantasy. Body horror transformations. Morally gray descent.

Book 1/Volume 1 is complete. The story shifts from survival to kingdom-building.

Book 2/Volume 2 is complete. The story continues with the kingdom building.

───────────────────────────────────────

What to expect:

Morally gray protagonist making terrible choices for understandable reasons

Body horror transformations - learning through trial and error creates monsters

Servant binding mechanics - people transformed become dependent on purpose

Dark progression - power has real psychological and moral costs

Stats visible from Chapter 17 (LitRPG elements unlock mid-Book 1)

Building a power base through bound servants NOT a power fantasy - every victory extracts a price

What NOT to expect:

Heroic protagonist or villain origin story

Harem

Easy answers or moral shortcuts

Isekai protagonist with cheat skills

Gratuitous gore for shock value

───────────────────────────────────────

CONTENT WARNINGS: Body horror, transformation, morally gray protagonist,

graphic violence, psychological trauma. Not a power fantasy.

UPDATE SCHEDULE: Monday - Wednesday - Friday at 8:00 AM EST

───────────────────────────────────────

If you enjoy the story, please consider following, rating, and leaving a

review. Your support helps others discover the series."
True,https://www.royalroad.com/fiction/34009/a-practical-guide-to-sorcery-now-in-book-7,34009,A Practical Guide to Sorcery [Now in Book 7],17.5,13.761024875447518,31.261024875447518,28358,,2267,1,0,"[""Urban Fantasy"", ""Progression"", ""Anti-Hero Lead"", ""Psychological"", ""Female Lead"", ""Adventure"", ""Drama"", ""Fantasy"", ""Gender Bender"", ""High Fantasy"", ""Low Fantasy"", ""Magic"", ""School Life"", ""Secret Identity"", ""Strong Lead"", ""Supernatural""]","[""philosophy:identity"", ""strong-tag:psychological""]","[""followers=28358"", ""rating_count=2267""]","In a world where magic is a science, Siobhan is a genius.

But even geniuses need schooling.

When Siobhan stumbled into the theft of a priceless magical book, she thought her dreams of becoming the world's most powerful sorcerer were destroyed.

But then a mysterious spell changed her life forever...

Siobhan is now wearing the body of a strange man and has a new identity—Sebastien. With a new chance for a new start, she allies herself with a local gang—secretly a revolutionary party funding itself through crime. Now, she is bound by vow to repay them in magic and favors.

But as Sebastien's reputation begins to bloom, and Siobhan's old enemies still lurk in the shadows, she quickly realizes that the secrets of this world are deeper and darker than she ever could have imagined.

Forced to juggle the two sides of her double life, Siobhan is determined to uncover the truth and take control of the name they gave her - The Raven Queen."
True,https://www.royalroad.com/fiction/142177/crusaders-of-vampires,142177,Crusaders of Vampires,25.5,5.574852995881248,31.074852995881248,108,,,1,0,"[""Progression"", ""Grimdark"", ""Psychological"", ""Multiple Lead Characters"", ""Adventure"", ""Fantasy"", ""Thriller"", ""High Fantasy"", ""Magic"", ""Supernatural""]","[""philosophy:morality"", ""strong-tag:psychological""]","[""followers=108""]","Vampires, magic, and death. Those are the common images in Mundusia. The continent of the wicked with hidden history. Dead gods, dead nations, and dead ideas. Morality is only for the cowards. Moreover, what even is that morality? And yet, there are a few fools who actually believe in such fairytales. One of them was Leopold, the King of Luxaris. The monarch orgainsed a party of so-called heroes, aiming to destroy the vampire kind once and for all. With a twist of fate, seventeen-year-old Laudis was dragged into that madman's idea. The boy with lost memories, no family, or home, was sentenced by the Will to change his fate. On the road to freeing mankind, he has to endure massacres, battles, or even torture. Tested both mentally and physically. A long and rough journey awaits him. The journey is filled with thorns, stained by blood, and haunted by ghosts. How far can he go to pursue his goal? How much can he sacrifice himself? What is his life goal? Read, or not; the choice is yours, or is it?

Average chapter length - 2,500 words.

I'm currently rewriting older chapters to meet my current expectations. The latest rewritten chapter: ""31: The Two Cowards"".

Chapters 32-39 have the old dialogue format. I apologise for that. I'm trying to fix the issue as fast as possible, but I lack free time. I'm trying to rewrite one chapter a day, but that's not a set schedule."
True,https://www.royalroad.com/fiction/91172/the-5th-hero-is-a-beast-queer-litrpg-isekai,91172,The 5th Hero is a Beast [Queer LitRPG Isekai],20.0,10.611381088099959,30.61138108809996,1270,,79,1,4,"[""LitRPG"", ""Portal Fantasy / Isekai"", ""Progression"", ""Ruling Class"", ""Action"", ""Adventure"", ""Fantasy"", ""Romance"", ""GameLit"", ""Gender Bender"", ""High Fantasy"", ""Magic"", ""Male Gay Romance"", ""Reincarnation"", ""Romance Subplot""]","[""philosophy:identity"", ""psychology:trauma"", ""cross-domain-evidence""]","[""followers=1270"", ""rating_count=79""]","A power-hungry royal summons five heroes... and ends up with four. After waking up on the outskirts of the capital of Amnasín, the fifth hero stumbles along unnamed, relying on charades and the kindness of others for weeks until a near-death experience leads them to regain the ability to talk. And they have

a lot

to say. Their loyalty lies with the Adventurer's Guild who saved them, but the 5th Hero must contend with the King-Consort's demands and survive until the Queen returns home. From nobody to beastmaster and beyond, join the 5th hero as they discover their identity and voice... and delve into a little romance in their free time.

What to expect:

The progression is

slow

, as the hero struggles without magic or knowledge for a while, building relationships through a complex game of charades. There are POV shifts to fit backstories or side plots in, but the main character is the only character whose stats and skill progression will be focused on for the majority of the story.

When do we get to the good stuff?

Chapter 12

Here's the thing:

I overexplain lore. I dig my fingernails into the side characters and hold on for dear life. If I feel that it's interesting to learn that this lichen is used in bleed effect poisons and that it propagates in the wild by attaching to animal's backs from overhanging rocks, only to be rubbed off on different rocks when the bleed effect starts to cause a rash... I'm going to tell you that, in detail.

I'm not writing to suit a broad audience for publishing; I'm writing to enjoy my own world and give you a chance to enjoy it too.

About the Contents:

- I sink my teeth into

worldbuilding

and chew on it like a hyena

-

Character development

beyond skills and loner trope

-

Queer themes

, overt and subtle

-

No AI

at any point in the process

- system interfaces + stat sheets as a loose guideline, I play by the rule of cool

-

the occasional explicit encounter

interlaced with learning about why characters behave as they do

- mentions of

sensitive content

as points of trauma, not jokes

-

graphic violence

! spill their guts!

- we love

profanity

here - $%@!

Releases Tuesdays + bonus content every 10 chapters!

Sibling fiction to

Worth Their Salt"
True,https://www.royalroad.com/fiction/128880/the-machine-god,128880,The Machine God,18.5,11.91593242056957,30.41593242056957,6415,,632,1,0,"[""LitRPG"", ""Portal Fantasy / Isekai"", ""Progression"", ""Anti-Hero Lead"", ""Super Heroes"", ""Action"", ""Adventure"", ""Psychological"", ""Sci-fi"", ""Male Lead"", ""Soft Sci-fi"", ""Strong Lead""]","[""psychology:madness"", ""strong-tag:psychological""]","[""followers=6415"", ""rating_count=632""]","The world’s evolving. The System is waking up. And it already sees Alexander as a threat.

Alexander died and woke up in a world not so different from his own.

Except for the aliens. And the superhumans.

He's looking forward to meeting an alien. Supes? Not so much.

See, somehow he’s become a villain. Worse, he’s put together a supervillain team. And now every superhero and bounty hunter in the country is after him. But at least he’s made some damn good friends along the way.

Besides, what’s the point of having superpowers if you don’t intend to do something with them? It’s a world where the rich and powerful get away with murder, and heroes cause as much destruction as the bad guys. Alexander’s going to change that, no matter the cost.

And at the center of all the madness is something no one truly understands:

A System, still being born. Shaped by humanity's hopes and dreams. Greed and ambition. Not to mention the desperation.

And it doesn't just want this world.

It wants all of them.

What to expect:

From weak to strong to godlike; a relentless climb in power and mastery

An antagonistic System slowly expanding its reach, seeking to control all things

Slow-burn reveals with Multiversal stakes, and layers of mystery to unravel

Gritty, character-driven progression fantasy in a soft sci-fi universe

A sharp, tactical protagonist growing into his role while bending the System to his will

Superpowers, cybernetics, starships, and magic

Found family, morally grey decisions, and the cost of ambition

Frequent updates: Monday to Friday"
True,https://www.royalroad.com/fiction/64438/daily-life-in-another-world-isekai-no-nichijou,64438,Daily life in another world 「Isekai no Nichijou」,18.5,11.468530463617242,29.968530463617242,4599,,138,1,2,"[""Portal Fantasy / Isekai"", ""Psychological"", ""Non-Human Lead"", ""Slice of Life"", ""Adventure"", ""Fantasy"", ""Female Lead"", ""Gender Bender"", ""Magic"", ""Reincarnation""]","[""psychology:sanity"", ""strong-tag:psychological""]","[""followers=4599"", ""rating_count=138""]","“Blessed is she, who sails with heart and steel.”

Getting reincarnated into another world as an unknown race isn't what someone would usually think would happen after surviving a very close call with death... and then dying anyway right after. While he had faint expectations of this possibility, they were fleeting fantasies and delusions from when he was young, never had he thought too much in depth about it.

Now, however, he'd wished he could have had more time to explore those fantasies.

Stranded in an entirely different world as a strange species and different body, armed with nothing but a head, two hands, feet— and a tail, she(?)... now needs to survive, adapt, and overcome, with almost 0 survival skills or knowledge of where, what, when, and how about everything. Questioning why are the monsters so damn big? Debating if this glowing mushroom is edible? Is this tree following me around? What is me and who is that? And narrating myself to keep my waning sanity alive...

""Isekai is too hard!""

[participant in the Royal Road Writathon challenge]

Author's Note: [edited as of 2024-09-16]

This is my first attempt at writing a story, so keep your expectations low and your hopes high.

I try to write during my free-time, therefore I'll be focusing more on quality than upload consistency.

While the title may be somewhat of a

misnomer to the more avid anime fans out there, I assure you that this is as far from possible from the more light hearted depictions of the slice-of-life genre. The original intent of the story's name was to be the telling of what would be a day-to-day experience of a person who has been absconded from their home and thrown into a world of fantasy, with everything in between be it grim or light. If you're curious, try to at least give at try!

P.S: Also on ScribbleHub!"
True,https://www.royalroad.com/fiction/114617/ominus-vau-god-prince-of-draan,114617,Ominus Vau: God-Prince of Draan,20.5,9.263698924319636,29.763698924319634,713,,35,1,2,"[""Progression"", ""Ruling Class"", ""Grimdark"", ""Psychological"", ""Male Lead"", ""Action"", ""Adventure"", ""Fantasy"", ""High Fantasy"", ""Magic"", ""Mythos"", ""Survival""]","[""psychology:psychological"", ""strong-tag:psychological""]","[""followers=713"", ""rating_count=35""]","Violence. Blood. Ruthlessness.

The Draanian nation was forged upon these principles.

Above it hangs the black sun, the Dead God’s Eye—ever watching, ever indifferent.

Upon a throne of black steel sits the God-King, Tyrannichus Vau. Born of the twin moon goddesses Ral and Turos, Draan is his eternal birthright. For centuries he has ruled: all-powerful, all-knowing, seemingly immortal.

But his son is not.

Ominus Vau, God-Prince of Draan, does not feel quite so divine. Without his father’s merciless disposition or any spark of the godly powers, Ominus feels as mortal as any other.

Yet as the son of a god, much is expected of him.

And in a realm where weakness threatens the throne, the God-King has no hesitation in eliminating threats: even his own blood.

Ambitious eyes circle Ominus, eager to see him fall. Danger waits in every shadow.

In a land without pity, the only one who can save him… is himself.

To survive, Ominus must master the blade.

To survive, he must awaken his latent power.

To survive… he must become a god.

What to expect:

- Dark progression fantasy

- Political intrigue and court conspiracies

- Training and awakening power

- Psychological character development

- Brutality and moral compromise

- Gods, sorcery, and psionics

Release schedule:

[THE STORY OF OMINUS VAU WILL CONTINUE. MORE NEWS SOON.]"
True,https://www.royalroad.com/fiction/139727/the-fall-of-dol-guldur-a-lotr-fanfiction,139727,The Fall of Dol Guldur (a LOTR fanfiction),24.0,5.5,29.5,99,,,1,0,"[""Non-Human Lead"", ""Action"", ""Adventure"", ""Fantasy"", ""Romance"", ""High Fantasy"", ""Male Gay Romance"", ""Male Lead""]","[""philosophy:mortality"", ""psychology:introspective"", ""cross-domain-evidence""]","[""followers=99""]","The Fall of Dol Guldur

A Lord of the Rings fanfiction by d0397

In the twilight of the Third Age, the shadow over Mirkwood deepens. The fortress of Dol Guldur—once a whisper of evil, now a wound upon the forest—calls the Elves to their final stand.

Thandir of Mirkwood

, a weary captain, and

Aranion of Lothlórien

, a messenger-turned-warrior, are bound by duty to a fading world. When the Lady Galadriel summons their realms to unite, they march together beneath waning stars to cleanse the darkness that has haunted their age.

But amid war and ruin, a quieter bond takes root—one forged through loyalty, silence, and unspoken longing. As Dol Guldur falls and the power of the Rings fades, Thandir and Aranion must choose what remains when glory ends: the call of the Undying Lands, or the fragile beauty of love born in shadow.

A story of endings, endurance, and the last light of the Eldar.

New chapters posted weekly.

---

What to Expect:

- Slow-burn M/M romance — emotional, restrained, and deeply felt between two Elven warriors.

- High fantasy atmosphere — battles, alliances, and the final war against Dol Guldur.

- Lore-faithful tone — lyrical prose, mythic melancholy, and reverence for Tolkien’s world.

- Themes of duty, fading light, immortality’s burden, and love enduring beyond decline.

- Character-driven pacing — introspective, graceful, and emotionally rich.

- Sensual but not explicit — intimacy conveyed through touch, memory, and quiet devotion."
True,https://www.royalroad.com/fiction/94582/sunspot,94582,Sunspot,15.0,13.110098360475527,28.110098360475526,9928,,734,1,3,"[""Urban Fantasy"", ""Super Heroes"", ""Sci-fi"", ""Slice of Life"", ""Drama"", ""Action"", ""Fantasy"", ""Artificial Intelligence"", ""Dystopia"", ""First Contact"", ""Gender Bender"", ""Hard Sci-fi"", ""Lesbian Romance"", ""Low Fantasy"", ""Magic"", ""Magical Girl"", ""Magitech"", ""Mecha"", ""Soft Sci-fi"", ""Supernatural"", ""Technologically Engineered""]","[""psychology:trauma"", ""psychology:self discovery""]","[""followers=9928"", ""rating_count=734""]","Change hurts. Hurt changes.

Seven years ago, the Frozen Flame brought magic to Earth—but not to Dalton, who received only scars. Now a lonely shut-in, “Ezzen” has resigned himself to an online life of secondhand magic, dabbling in magitech engineering and fanboying over the Spire and its superhuman Vaetna, the paragons of this new era.

So when fate splinters and magic finds him, it’s the best day of his life—and the worst, as he suddenly becomes a resource in the cold war over control of magical power. From paramilitary organizations to Flame-worshipping cults to incandescent magical girls, the forces of the world sense the ripples and close in.

Worse, his escape exposes the awful secret of the Flame, the thing quietly omitted from all the theory: that instead of the apotheosis he’s dreamt of, the reality of being a flamebearer is cruel and twisted, the bloody path of monsters. And some of those monsters are frighteningly similar to the Vaetna he idolizes.

What to expect:

- Genres: Magic engineering, urban fantasy, traumacore drama, superhero/magical girl action, yuri

- Glyph-based magic system, blood magic sacrifices, body horror mutations

- Girlcreature cast, including hyenagirls, androidgirls, dragongirls, mechgirls, buggirls? and more! (poly, not harem)

- Self discovery arc for the protagonist

- Slow-burn character/relationship driven (in between apocalyptic magical disasters)

Inspired by Katalepsis and bits of The Wandering Inn, and The Culture. Frequently compared to Bioshifter though I haven't read it.

General content warnings:

- Visceral transgender themes (dysphoria, transmisogyny)

- Gore (violent & medical)

- Kidnapping

- Some NSFW

Additional CWs will be listed at the top of chapters.

Sunspot also has its own website

with a glossary, official art, FAQ, and all the public+advance chapters. If you see this story anywhere but that site, RR, or Scribblehub, it's stolen.

Never stubbing."
True,https://www.royalroad.com/fiction/59967/necroepilogos,59967,Necroepilogos,16.0,12.107561865815718,28.10756186581572,8894,,511,1,0,"[""Post Apocalyptic"", ""War and Military"", ""Female Lead"", ""Sci-fi"", ""Multiple Lovers"", ""Action"", ""Horror"", ""Lesbian Romance"", ""Romance Subplot"", ""Soft Sci-fi""]","[""psychology:ptsd"", ""psychology:trauma""]","[""followers=8894"", ""rating_count=511""]","Nothing walks the black cinder of Earth except the undead leftovers, reanimated by science so advanced it may as well be magic. Twisted into unimaginable forms by flesh-shaping and machine-grafting, the undead are the only remnant of a civilization reduced to bitter ash and organic slurry. Zombies shuffle through the ruins of nuclear fire and biological warfare and far worse, alongside rusted war-machines still holding the posts of a thousand ancient conflicts, dwarfed by god-engines turned so alien that even the extinct necromancers would have run screaming.

Elpida doesn’t know this world, but she’s up on her feet, leading a half-dozen other fresh revenants, ripped from the oblivion of eternity and disgorged shivering and naked on cold metal slabs in a womb-lab of blinking lights and blaring alarms, by machines running some ancient plan to spit them out into a world long dead.

Necroepilogos is a web serial about body horror and alienation, weird zombie-girls gluing themselves back together, mad science beyond mortal ken, and trying to cradle the flower of companionship in twitching, undead fingers.

Readers have described Necroepilogos as:

infinite Fortnite with undead lesbians

Necroepilogos: Isekai'd into the Post-Post-Post-Post-Apocalypse by a Graveworm's Gacha Addiction and Now I'm a Cannibal!?

an infinity of fucked up girlthings.

“And you cut me to pieces with your terrible claws. (And we were both girls)”

maginanomachines have for some reason decided to endlessly make the landscape into Zen gardens of violent lesbians

cute girl doing cranial trauma

Girls born after 230000000 only know how to twerk, be gay, gunfight, eat people, and have ptsd

double² double² toil and trouble;

coffins churn and nanos bubble.

grow a cyborg from that lake;

in the coffin boil and bake;

reach through time to perfectly recreate fucked up bitches

they've got God (Telokopolis) and Anime (Gay) on their side

dig up and reanimate your gays

New chapters every Thursdays. Soon, Thursdays and Tuesdays, if things go to plan.

Cover art by Carter W Jessup: https://www.carterwjessup.art/

This Royal Road upload is a mirror of the Necroepilogos website, at: https://necroepilogos.net/ Chapters will be posted here at the exact same time."
True,https://www.royalroad.com/fiction/18574,18574,The Last Science,16.0,11.794780007185128,27.79478000718513,8690,,260,1,0,"[""Urban Fantasy"", ""Multiple Lead Characters"", ""Sci-fi"", ""Contemporary"", ""Secret Identity"", ""Drama"", ""Fantasy"", ""Female Lead"", ""Low Fantasy"", ""Magic"", ""Male Lead"", ""Supernatural""]","[""philosophy:philosophy"", ""philosophy:existence""]","[""followers=8690"", ""rating_count=260""]","No one ever knows the whole story.

Nestled deep in the forests of the Pacific Northwest, something is emerging. Kept in absolute secrecy, it seeps into a fading town, quietly shared from person to person. For Alden Bensen, a directionless high school graduate, this discovery could mean an escape from his empty existence. To Rachel DuValle, perpetually underestimated and dismissed by the world, magic represents a chance to become something much greater than herself.

In the face of an unsuspecting world, their decisions shape the growth of a budding society discovering untold power. This potent force offers anyone the power to change humanity forever—or send it cascading into swift and total annihilation.

Want this story in smaller bites? Click

here

!

The Last Science is an ongoing science-fiction / low-fantasy web novel series, focused on the modern world with a twist. New societies bud and grow, but the people who make them up are imperfect and flawed. The story includes elements of mystery, action, crime, interpersonal drama, relationships, philosophy, sociology, politics, and much more, all centered on the perspective characters driving the tale. Each chapter is pretty long (average ~8000 words), so find somewhere comfy to read.

Content Warning

(by request)

:

This series delves into some topics and situations which may be upsetting for some readers. In American rating parlance, the narrative would be rated PG-13 (except for language), but some have noted the story can get pretty dark on occasion. Please use your best judgment, and don't be afraid to take breaks and come back later. I'll still be here!

This story will also be published at my website (

https://etzo.li

). There will be no differences in content, but slight differences in formatting.

I am not publishing this anywhere else at this time,

though there are some older posts floating around a few places that were mine. Feel free to read at whichever site or app you prefer. If you're enjoying the story, consider dropping me a vote over on

Top Web Fiction

, or come say hi on

Discord

. Thanks!

Need more to read? Check out my other story,

Epilogue

— a post-fantasy psychodrama. Now complete!

This story is a participant in the

Write til the End pledge

. It will be completed, no matter the cost."
True,https://www.royalroad.com/fiction/88287/blue-star-enterprises,88287,Blue Star Enterprises,14.0,13.732348450868367,27.732348450868365,10515,,1543,1,4,"[""Non-Human Lead"", ""Sci-fi"", ""Slice of Life"", ""Drama"", ""Adventure"", ""Fantasy"", ""Male Lead"", ""Soft Sci-fi"", ""Technologically Engineered""]","[""philosophy:identity"", ""philosophy:consciousness""]","[""followers=10515"", ""rating_count=1543""]","In a distant future, Alexander wakes to a reality where his past is a fog and his consciousness inhabits a robot body. Faced with a fragmented memory and an uncertain future, he embarks on a quest for answers. Amidst the hum of his repair shop, where he scrapes by, he delves into the mystery of his transformation.

As Alexander forges ahead, stitching together the threads of his identity, unexpected companions join his journey. Among them is a precocious girl whose presence sparks forgotten emotions, offering a glimpse of his lost humanity. Yet, in the shadows, lurk those drawn by his technological prowess, casting ominous shadows over his path.

Caught between the pursuit of understanding and the threat of those who covet his abilities, Alexander confronts a pivotal question: will he succumb to adversity or emerge from the crucible stronger than before?

Discord"
True,https://www.royalroad.com/fiction/13468/paladin,13468,Paladin,14.0,13.52927925173949,27.52927925173949,30605,,1141,1,0,"[""Strategy"", ""Male Lead"", ""Sci-fi"", ""Strong Lead"", ""Action"", ""Adventure""]","[""psychology:sanity"", ""psychology:insanity""]","[""followers=30605"", ""rating_count=1141""]","When the first derelict alien spacecraft fell to Earth, humanity took what was found in it and propelled themselves to new heights. In their new Golden Age, humanity developed technology that they had only dreamed about. The following years saw hundreds more ships crash into the planet, spurring even greater technological leaps.

An unassuming spacecraft, one of the dozens that fell yearly, descended on Siberia in 2021. The world took no particular notice of it. However, this one contained something beyond the miraculous technology that had made humans so prosperous.

Three years later, in a top-secret underground facility in eastern Colorado, the automated construction of an army of Paladin Mobile Infantry Suits was underway. With this new, state-of-the-art weaponry, the military would turn the tide against the alien incursion that was consuming the planet. Humanity fell before that could happen. Sam was an engineer responsible for overseeing the facility. Now alone, he lives in utter boredom and near insanity, his only company the base’s pseudo AI and an army of empty Paladins. With the world gone to hell around him, and the things that caused it still living above, he decides that he is much better off staying exactly where he is. Unfortunately for him, that is no longer an option.

This is the first novel I've written. The first fifteen or so chapters are going to be a little slower. I want there to be time to get to know the characters before they start blowing stuff up. Also, though the MC will be strong relative to the world, he won't be OP, and won't win every fight. Not every fight will be physical either.

Currently, I'm aiming for something like 5 fairly short chapters a week, after the introduction part is done, but we'll see how that goes. Thanks for reading, and please let me know if I've made mistakes!"
True,https://www.royalroad.com/fiction/127257/fantasy-game,127257,FANTASY GAME,20.5,6.927575654691111,27.42757565469111,91,,,2,0,"[""Time Loop"", ""Strategy"", ""Psychological"", ""Male Lead"", ""Sci-fi"", ""Action"", ""Drama"", ""Low Fantasy"", ""School Life"", ""Supernatural""]","[""philosophy:human nature"", ""strong-tag:psychological""]","[""followers=91""]","Seven years ago, a world-shaking show captivated the entire globe, an unforgettable experience and a chance to become rich overnight.

But all good things come to an end… and this game did, in a pool of blood, leaving only one scarred winner behind.

Now, it's back, reborn under a new face, ready to change the world’s very perception of reality.

Who are the shadowy investors behind it?

Why bring the game back at all?

Human nature is fragile. For the right price, we forget yesterday’s brother and sell our souls for survival.

Are you ready to join a survival game where every nation is a contender… and only the strongest live to tell the tale?"
True,https://www.royalroad.com/fiction/19206/lone-the-wanderer,19206,Lone: The Wanderer,14.0,13.295132818870027,27.295132818870027,14239,,972,1,2,"[""LitRPG"", ""Portal Fantasy / Isekai"", ""Progression"", ""Ruling Class"", ""Non-Human Lead"", ""Action"", ""Adventure"", ""Fantasy"", ""High Fantasy"", ""Magic"", ""Male Lead"", ""Romance Subplot"", ""Secret Identity"", ""Strong Lead"", ""Supernatural""]","[""psychology:depression"", ""psychology:trauma""]","[""followers=14239"", ""rating_count=972""]","A story about a history teacher gaming-addict with familial trauma, and a peculiar woman seemingly stuck out of time and beyond out of touch.

The two have been thrust into the weird and whimsical world of Altros, a planet with divides born of very real superhuman strength courtesy of an odd ranking system, and, naturally, species differences.

Not exactly the best of news for our resident Scottish history teacher whose ears have changed into fox ones alongside his nine new fluffy tails.

First though, Darren, or Lone, or whatever else the weird system claims he's called, has to figure out how to live with his new companion Sofia, for seemingly forever while also just barely managing to survive being stranded on a monster-infested island with a self-proclaimed former-immortal who can see despite being blind, can freely teleport, and who also, of course, seems prone to experiencing bouts of extreme depression.

Not an ideal situation when he himself hasn't been in a great headspace for over a decade now. But hey, at least there's an incredibly expansive litRPG system to keep the both of them entertained, right? That'll fight off the fear of death, surely.

[Goal of 1 chapter per week, the only exceptions being announced breaks or emergencies, but in reality, my current release rate is about 1 chapter a month.]

The cover art is courtesy of the very kind and talented ssddx.

If you see this on Amazon or any Google stores like the Play Store, it has been stolen. I haven't posted my works anywhere except for Royal Road."
True,https://www.royalroad.com/fiction/137498/symphony-of-the-stars,137498,Symphony of the Stars,21.0,6.020142775970149,27.02014277597015,181,,,1,0,"[""Reincarnation"", ""Post Apocalyptic"", ""War and Military"", ""Multiple Lead Characters"", ""Tragedy"", ""Fantasy"", ""Horror"", ""Mystery"", ""Dungeon Crawler"", ""Dystopia"", ""High Fantasy"", ""Magic"", ""Strategy"", ""Supernatural""]","[""philosophy:existence"", ""psychology:madness"", ""cross-domain-evidence""]","[""followers=181""]","Symphony of the Stars

tells of

Aeltharia

, the realm born beneath the breath of the

Goddess of Creation

, where light once bowed to wisdom and elves ruled in harmony with humankind. Yet when the Goddess withdrew her hand and silence fell upon the heavens, mortals waged a desperate war against the creeping shadow of

demonkind

. From the ashes of countless empires rose the

Seven Nations

, forged by blood, faith, and the will to defy extinction. But victory came at a cruel price. Humanity faded from existence, leaving behind their cursed progeny—the

sanguines

, ethereal heirs of men who drink the lifeblood of memory itself. Madness whispers to them like a song from the void, and many fall, becoming beasts that devour the children of dawn. In pity or punishment, the Divine veiled the skies in

Eternal Night

, granting them the mercy of darkness and the time to endure. And so beneath the mourning stars, vampirekind walks the twilight of a fallen world, haunted by the echo of what they once were."
True,https://www.royalroad.com/fiction/120928/courting-death-xianxia-reincarnation,120928,"Courting Death (Xianxia, Reincarnation)",13.0,13.154890088070065,26.154890088070065,20011,,1127,1,0,"[""Portal Fantasy / Isekai"", ""Progression"", ""Wuxia"", ""Male Lead"", ""Strong Lead"", ""Action"", ""Adventure"", ""Fantasy"", ""Cultivation"", ""High Fantasy"", ""Magic"", ""Reincarnation"", ""Romance Subplot"", ""Supernatural""]","[""philosophy:mortality"", ""philosophy:existence""]","[""followers=20011"", ""rating_count=1127""]","Martin Zheng has always held dying hands and listened for the hush that comes after the final heartbeat. It's his gift, his burden. Until the night he gives his own life to shove a child away from speeding headlights and awakens in Death's embrace.

She is Thanara: silver-haired, star-eyed, lonelier than the long darkness she guides. For one stolen moment, two caretakers share a tenderness deeper than fear, then the cosmos snatches Martin away, declaring his demise ""an error"" and hurling him back to existence.

Reborn as Mingxuan in the Elemental Realm, a land where sword-saints carve mountains, skies burn a different colour each day, and power is measured in the lives you can end, Martin remembers only fragments: a scent of rain-drenched lilacs, a pulse in his chest, a promise to meet Death again. While rival sects chase immortality, he walks the forbidden Dao of Death, mastering the grace of endings so he can stand beside the woman no one dares to love.

oOo

Slow-burn

Slice of Life with occasional action

Gradual Progression

oOo

Updates Mondays"
True,https://www.royalroad.com/fiction/174101/psychic-immortal,174101,Psychic Immortal,15.0,10.901390849025002,25.901390849025002,2728,,106,1,2,"[""Portal Fantasy / Isekai"", ""Progression"", ""Cultivation"", ""Comedy"", ""Male Lead"", ""Fantasy"", ""Attractive Lead"", ""High Fantasy"", ""Multiple Lovers"", ""Romance Subplot""]","[""philosophy:consciousness"", ""philosophy:mortality""]","[""followers=2728"", ""rating_count=106""]","Xiao Xuan was just a college student translating cultivation novels, until a lightning bolt sent him into one.

Reborn as the crippled live-in son-in-law of the Su Clan, he has no legendary bloodline, no cheat system, and barely enough talent to survive.

But while everyone around him devotes their lives to cultivating the body, Xiao Xuan begins walking a path no one else has ever pursued: the cultivation of the mind.

Armed with his knowledge of countless cultivation novels and modern reasoning, he must uncover just how far consciousness can evolve in a world that has spent millennia chasing immortality through strength alone.

Xianxia Troupe Subversion · Sane & Intelligent MC · Slow Progression · Comedy · Slow Romance · Sensible Harem

Release: Mon

·

Fri @ 5:07 AM PDT

Discord:

https://discord.com/invite/XvKwGFAGPZ"
True,https://www.royalroad.com/fiction/59663/godclads,59663,Godclads,13.0,12.543721238111436,25.543721238111438,8849,,1411,1,0,"[""LitRPG"", ""Urban Fantasy"", ""Progression"", ""Post Apocalyptic"", ""Anti-Hero Lead"", ""Action"", ""Adventure"", ""Fantasy"", ""Sci-fi"", ""Artificial Intelligence"", ""Cyberpunk"", ""Dystopia"", ""Genetically Engineered"", ""Grimdark"", ""High Fantasy"", ""Kingdom Building"", ""Magic"", ""Male Lead"", ""Mythos"", ""Non-Human Lead"", ""Soft Sci-fi"", ""Strategy"", ""Strong Lead"", ""Supernatural"", ""Technologically Engineered"", ""War and Military""]","[""philosophy:mortality"", ""philosophy:existence""]","[""followers=8849"", ""rating_count=1411""]","Avo was born to destroy New Vultun

. In a twist of fate

, he’ll become its only hope for salvation

.

The gods were the enemy

. The slaver

. The chains

. With dreams of paradise

, humanity slaughtered them and stole their powers

, opening the path to become more – to ascend

.

Instead

, they nearly destroyed the world

.

Vast hive cities serve as the final bastions against the crumbling of reality

. New Vultun is the greatest of them all

, and within its borders

, ascenders wage war to determine the laws of existence itself

.

The world descends ever deeper into ruination

.

Avo was born a weapon

, a slave to his instincts and his masters

. He and his brothers were made to burn New Vultun to ashes

. Everything changes when Avo gains immortality and becomes heir to an impossible legacy

.

He must ascend the megacity of New Vultun

. He must challenge the very tyrants that usurped the gods

.

He must finally free the world from chains

.

Chapters are usually around 2.5 to 3k words.

Disclaimer

: Expect detailed descriptions of violence, cannibalism, and cursing.

Expect: Monster mc, magitech, cyberpunk, implants, atrocities, oppression, non-human protagonist, reality-warping powers, and combined arms warfare.

Do not expect: Smut, romance

If you develop a sudden outbreak of rash after reading Godclads, it's not the story. But go see a doctor. Just in case."
True,https://www.royalroad.com/fiction/133728/devils-daughter,133728,Devil's daughter,19.5,6.0,25.5,99,,,1,2,"[""Anti-Hero Lead"", ""Strategy"", ""Psychological"", ""Female Lead"", ""Slice of Life"", ""Action"", ""Mystery"", ""Attractive Lead"", ""Romance Subplot"", ""Secret Identity"", ""Strong Lead"", ""Villainous Lead""]","[""philosophy:morality"", ""strong-tag:psychological""]","[""followers=99""]","Beneath the governments and the guise of a just world there lies a snare that eats away at very foundation of justice and morality. A snare that weilds immense power, its patrons are many and so are its victims

.........

An Unambitious dwindler navigating the ethos of life in a quest to figure out how to be 'human' in the true sense of the term. But 'fate' had other plans for her.

Upon being forced out of solitude, she must somehow keep herself steady as the skeletons in her closet form chains of iron around her ankles, pulling her into an endless abyss with every step.

........

'

In this world nothing exists without cause, 'coincidence' is a fool's excuse

'"
True,https://www.royalroad.com/fiction/69543/lavender-eyes,69543,Lavender Eyes,18.5,6.415763793467985,24.915763793467985,286,,,1,0,"[""Urban Fantasy"", ""Strategy"", ""Psychological"", ""Multiple Lead Characters"", ""Sci-fi"", ""Adventure"", ""Fantasy"", ""Attractive Lead"", ""Cyberpunk"", ""Magic"", ""Male Lead"", ""Strong Lead"", ""Supernatural"", ""Technologically Engineered""]","[""philosophy:existence"", ""strong-tag:psychological""]","[""followers=286""]","Long ago, the world of Terrenter was created from the wishes of lavender dragons who wanted to find a place to call home. After the world became flourished with nature and humans, the dragons left the world save for one. That dragon continued granting wishes for humans until it disappeared one day. Now, people rarely remember its existence and only believe them to be folklore.

Arcturus Mercury believed they truly existed and is searching for evidence. His travels bring him to the barren icy lands of Eternally where the dragon once lived. Braving through a never-ending snowstorm, he stumbled upon a trapdoor in a cave where he encountered Nova, a mysterious and beautiful man with lavender eyes who seems rather knowledgable about the lore. Nova then proposed to grant Arcturus's wish on the condition to help him grant the wishes of all living beings in the world."
True,https://www.royalroad.com/fiction/128991/cafe-stardust,128991,Cafe Stardust,19.5,5.327627704767433,24.827627704767433,81,,,1,0,"[""Progression"", ""Comedy"", ""Psychological"", ""Non-Human Lead"", ""Sci-fi"", ""Adventure"", ""Cozy"", ""Gender Bender"", ""Hard Sci-fi"", ""Male Lead"", ""Slice of Life"", ""Soft Sci-fi""]","[""psychology:therapy"", ""strong-tag:psychological""]","[""followers=81""]","Hello! My name is Johnny.

I was abducted some time ago to a small rock orbiting Saturn. To ease my relocation, I was given a laptop with a request to write a diary. The idea is supposedly to keep my mind from crumbling and help me organize my thoughts. Writing is said to be therapeutic. But when I look around, it feels like the universe should be the one getting therapy.

Then I was asked to come up with this kind of introduction about what's to come. A cat, who seems to be able to talk, said it had created an account on this platform for my scribblings. It's apparently beneficial to imagine someone reading your texts. Well, here we go, since I have no other choice.

If there is anyone on Earth who decides to devote their time to my thoughts, welcome to Café Stardust. There seems to be a rather motley crew residing here permanently, and most of them are not human. Not to mention those who visit as customers. It looks like it will be a long journey, but if taking the necessary steps guarantees me a warm meal and a place to sleep, it's probably best to get going.

PS. there are no cameras here in the café, so I drew the cover image by hand. It's just me sitting at a table, watching outside and writing."
True,https://www.royalroad.com/fiction/122779/bloodstone-volume-i-imminence,122779,Bloodstone: Volume I: Imminence,18.5,6.32323941192646,24.82323941192646,257,,,1,0,"[""Psychological"", ""Sci-fi"", ""Adventure"", ""Horror""]","[""philosophy:existence"", ""strong-tag:psychological""]","[""followers=257""]","We all walk our own roads. Some paths lead us astray, others to glory. Some traverse directly to salvation, others recede into damnation. But no matter what influences us, the road continues on, whether it is as pristine as a hallowed grove or as filthy as a bloodied warzone.

The wounds and conditions we bear may or may not have been a result of our own decisions. But do they strictly determine what we shall do from here on? Does it stop us from being the best version of ourselves?

The journey of life, often fraught with difficulty and torment, is one that we all experience within existence. As we are, were, and always will be a part of it.

For a Heart Without Blood is an Empty Vessel."
True,https://www.royalroad.com/fiction/141808/awakeners-truth-villain-mc-mastermind-ruthless,141808,"Awakener's Truth [Villain MC, Mastermind, Ruthless]",18.5,6.0423785981398765,24.542378598139877,104,,,1,2,"[""Urban Fantasy"", ""Progression"", ""Anti-Hero Lead"", ""Psychological"", ""Secret Identity"", ""Action"", ""Horror"", ""Low Fantasy"", ""Magic"", ""Supernatural""]","[""philosophy:existence"", ""strong-tag:psychological""]","[""followers=104""]","He just wanted to save his sister. Now he has to survive the truth.

​Selim was a nobody—a quiet student plagued by terrifying nightmares—until the day he woke up with a playing card in his hand and a voice in his head. Awakened with the power of ""Zero""—the ability to erase existence itself—he finds himself hunting the very people who prey on the weak.

​But power is based on conviction, and every use of his ability strips away a piece of his humanity.

​As Selim climbs the ranks of the Awakeners, building a following of the lost and broken, he attracts the attention of the Black Water Association—a covert government agency led by a man who shares a tragic, bloody past with Selim’s own father.

​In a world where belief defines reality, Selim must decide: Will he be the hero who saves the day, or the monster who deletes it?"
True,https://www.royalroad.com/fiction/138224/and-yet-the-lotus-blooms-xianxia,138224,And Yet the Lotus Blooms (Xianxia),18.5,5.779758172802473,24.279758172802474,137,,,1,0,"[""Progression"", ""Cultivation"", ""Psychological"", ""Male Lead"", ""Action"", ""Adventure"", ""Fantasy"", ""Crafting"", ""High Fantasy"", ""Local Protagonist"", ""Low Fantasy"", ""Magic"", ""Martial Arts"", ""Survival""]","[""philosophy:mortality"", ""strong-tag:psychological""]","[""followers=137""]","The Blue Moon blesses the sentient races, giving humanity the beauty of Cultivation; the Red Moon blesses the beasts of the land, giving them the gift of powerful bodies and an unending desire for blood.

The Heavens cursed and keep cursing Chang Heng, imposing a sickness that's corroding his very life, wishing him gone young; what little time he had was spent in the company of his family and the books of his ancestor, far away from the countless beauties and dangers of the world.

On the night of his sixteenth birthday, he awakens as a Cultivator, one of the people able to gather Qi, gain mystical abilities, reach immortality and defy those same Heavens that want him gone. Untalented and unexperienced in the real world, his only advantage is the knowledge he has gained in years of forced solitude, and a curiosity that knows no bounds.

With two months left to live, that won't be enough, but it doen't mean he won't give his all.

On his Path wait enemies, curses, the worst of luck and uncountable trials, but to be a Cultivator is to bloom like a lotus, whether you find yourself in a bountiful pond, or in a dirty puddle by the side of a street."
True,https://www.royalroad.com/fiction/126468/second-soul,126468,Second Soul,18.5,5.651093922785061,24.151093922785062,118,,,1,0,"[""Portal Fantasy / Isekai"", ""Psychological"", ""Male Lead"", ""Action"", ""Adventure"", ""Mystery"", ""Reincarnation"", ""Supernatural""]","[""philosophy:existence"", ""strong-tag:psychological""]","[""followers=118""]","""What is a king without its people?""

A thought that etched itself into Elliot's, the last king of Velharis, and the one born to witness the end of his kingdom.

A king who died standing, even in his final moment, is to be reborn in a world that frankly does not need the existence of an anomaly like him."
True,https://www.royalroad.com/fiction/124727/the-monkey-kings-odyssey,124727,The Monkey King’s Odyssey,18.5,5.643764014612251,24.143764014612252,117,,,1,0,"[""Progression"", ""Wuxia"", ""Psychological"", ""Non-Human Lead"", ""Slice of Life"", ""Adventure"", ""Drama"", ""Fantasy"", ""Cultivation"", ""High Fantasy"", ""Local Protagonist"", ""Mythos""]","[""philosophy:mortality"", ""strong-tag:psychological""]","[""followers=117""]","Atop the Mountain of Flowers and Fruit, a stone egg cracks open, and a golden-furred monkey enters the world without a name, a family, or any understanding of what he is.

Taken in by a clan of monkeys, he finds a home, earns a crown, and builds a kingdom beyond the Water Curtain. Three centuries pass. His clan grows older. Their king does not.

When he realizes that even paradise cannot protect those he loves from death, the Monkey King leaves his island and crosses the sea in search of immortality.

Beyond the mountain awaits a world of humans, yao, dragons, and ancient spirits—each carrying a different answer about life, loss, and eternity.

To find an immortal master, the Monkey King must travel far away from home, discover his own name, and choose the path that will shape his destiny.

⟡ ⊶— ❖ ⟅⚜⟆ ❖ —⊷ ⟡

Published only on Royal Road and Webnovel / Made in Québec, Canada

AI-assisted English translation from the author’s original French manuscript, manually revised for style and consistency."
True,https://www.royalroad.com/fiction/141701/ashes-of-the-old-law,141701,ASHES OF THE OLD LAW,18.5,5.606156886966839,24.10615688696684,112,,,1,0,"[""Post Apocalyptic"", ""Anti-Hero Lead"", ""Grimdark"", ""Psychological"", ""Steampunk"", ""Fantasy"", ""Horror"", ""Sci-fi"", ""High Fantasy"", ""Magic"", ""Male Lead""]","[""philosophy:existence"", ""strong-tag:psychological""]","[""followers=112""]","When the world ended, it didn’t burn. It rotted.

The ancient Law — the metaphysical Law that once governed reality — died without warning. The soil turned sterile. Machines screamed in agony. Cities choked on their own industrial fumes.

Li Hanwen, an archaeology student from modern Earth, wakes up in this corpse of a world.

He has no instructions, no cheats, and a massive debt inherited from a dead man. His only companion is a winged girl who has lost her own name.

To the mechanical horrors below and the rulers above, their existence is a glitch that must be purged.

Caught between a collapsing ecosystem and a murdered metaphysical system, Hanwen must survive using the only tool he has: his ability to decipher the agonizing traces of the Old Law.

He must find the answers:

Who killed the world?

Why was he dragged into the ashes?

And what waits beneath the ruins of the Seven Realms?

What to expect:

Atmospheric Dark Fantasy:

A slow-burn survival story set in a rotting industrial wasteland.

Logical Protagonist:

An archaeologist who solves problems through deduction and pain, not brute force.

Progression without Numbers:

No blue boxes, no status screens. Just organic growth, body horror, and ancient mysteries.

Cosmic Horror &

Biopunk / Industrial Fantasy

Elements.

Translation Note:

This story is originally written in Traditional Chinese by the author. AI tools are used to assist with localization to ensure the dark, gritty atmosphere conveys correctly for English readers."
True,https://www.royalroad.com/fiction/141865/to-be-a-supernova,141865,To Be A Supernova,18.5,5.574852995881248,24.074852995881248,108,,,1,0,"[""Progression"", ""Psychological"", ""Female Lead"", ""Tragedy"", ""Drama"", ""Romance""]","[""philosophy:existence"", ""strong-tag:psychological""]","[""followers=108""]","To Be A Supernova is an 18+ Mature Pokémon Fanfic with some very heavy themes blended in with witty humour and lots of lemony twists that don't hold back on the sour. Expect the unexpected, be prepared to be pushed to your limits, and don't be surprised if you find your toes curling.

This is the first book of a trilogy set. It is a fully completed book and the chapters will be released regularly.

TO BE A SUPERNOVA SUMMARY

Serena D'Amour was a woman of many labels. She was a history maker. The managing co-founder of the finest non-battling academy to exist. And unfortunately, she was also a sexually disgusting degenerate who was the last person to see the beloved Lost Monarch before his disappearance during the Season of Suffering.

So of course, one week before the 6th anniversary of the world-changing reality rift that caused the Season of Suffering, Serena finds herself yet again haunted by the ghost of the Lost Monarch, who today has chosen to torment her through the lips of a wealthy investor. Even her girlfriends at girls' night cannot resist when a slip of words from their new squad member gives them the chance to pry.

Drunk and exhausted, Serena loses control of her curated persona, opening up to her girlfriends about the impact of her existence being reduced to the penetrative whims of the Lost Monarch.

In this moment of vulnerability, his ghost subtly softens, as Serena now finds herself blazing down a pathway of sexual reclamation and emotional evolution as she attempts to remove the Lost Monarch out of her heart so that she can move on and have the chance to fall in love with somebody else."
True,https://www.royalroad.com/fiction/134217/children-of-caber,134217,Children of Caber,18.5,5.5668475109739,24.0668475109739,107,,,1,0,"[""Post Apocalyptic"", ""Psychological"", ""Sci-fi"", ""Action"", ""Fantasy"", ""Attractive Lead"", ""Gender Bender"", ""Magic"", ""Supernatural""]","[""philosophy:existence"", ""strong-tag:psychological""]","[""followers=107""]","In the not-so-distant future, humanity flees a dying Earth in search of survival among the stars. Their journey leads them to

Caber

, a strange and vibrant planet that seems to promise refuge. But the native inhabitants of Caber see the newcomers not as guests—but as intruders.

When the children of the human settlers mysteriously vanish, whispers of abduction ripple through the colony. Desperate parents set out across Caber’s unforgiving wilderness, determined to reclaim what was taken. Their search drags them into a world of breathtaking wonders and terrifying dangers—where alien creatures, shifting landscapes, and hostile forces test the limits of human endurance.

As survival collides with the primal urge to protect their young, the settlers must face a haunting truth: on Caber, the greatest threat may not be the planet itself, but the fragile line between coexistence and war."
True,https://www.royalroad.com/fiction/145429/mage,145429,Mage,18.5,5.464542466079137,23.964542466079138,95,,,1,0,"[""Progression"", ""Anti-Hero Lead"", ""Psychological"", ""Male Lead"", ""Strong Lead"", ""Adventure"", ""Fantasy"", ""Tragedy"", ""High Fantasy"", ""Magic"", ""Mythos"", ""Supernatural""]","[""psychology:trauma"", ""strong-tag:psychological""]","[""followers=95""]","Powered by grief, loss, and trauma, a legendary mage who vanished two centuries ago returns to the world — and his return is anything but subtle.

For some, it marks the end of an age of peace. For others, the return of a long-forgotten hero. As the legend walks the world once more, he begins a quiet journey not for conquest, but for something he lost long ago: peace."
True,https://www.royalroad.com/fiction/183537/feasting-on-immortalsdark-xianxia,183537,Feasting on Immortals【Dark Xianxia】,14.0,9.583930694097617,23.583930694097617,1208,,82,1,0,"[""Progression"", ""Villainous Lead"", ""Wuxia"", ""Comedy"", ""Drama"", ""Mystery"", ""Satire"", ""Cultivation"", ""Grimdark"", ""High Fantasy""]","[""psychology:sanity"", ""psychology:insanity""]","[""followers=1208"", ""rating_count=82""]","（Based on ancient Chinese mythology and the Daoist cultivation system, this is a dark Xianxia novel in the vein of Dao of the Bizarre Immortal and Reverend Insanity. The protagonist is unhinged, and the author was equally unhinged while writing it.）

Fang Cheng has a demonic sword lodged in his soul. It whispers for blood, for carnage, for the sweet taste of human fear. To keep it from taking over, he forces every monster and villain he meets to say three words out loud: ""You are a good person.""

The more they say it, the more he believes it. The more he believes it, the less he turns into a mindless killing machine. Not only that, but he also had to keep doing good deeds and keep killing those bad people who slandered him.

A mad cultivator who devours villains must save a dying world. But in a world of scheming gods and demons, is he the savior or the worst monster of all?

He tells himself he's the hero. The people he roasts alive might disagree.

（English isn't my first language. So if anything I translate comes out wrong or confusing, just tell me. I'm doing my best to learn.）"
True,https://www.royalroad.com/fiction/142206/animal-instinct,142206,Animal Instinct,17.5,6.0587675553704194,23.55876755537042,106,,,1,2,"[""Progression"", ""Anti-Hero Lead"", ""War and Military"", ""Grimdark"", ""Psychological"", ""Action"", ""Adventure"", ""Fantasy"", ""Anti-Villain Lead"", ""Apocalypse"", ""Genetically Engineered"", ""Magitech"", ""Monster Evolution"", ""Multiple Lead Characters"", ""Mythos"", ""Non-Human Lead"", ""Strong Lead"", ""Supernatural""]","[""philosophy:identity"", ""strong-tag:psychological""]","[""followers=106""]","This is a slow-burn dark fantasy about power, guilt, and identity. Arthur, the emperor of a small town and captain of the V.O.I.D. organization. Things get complicated when Astra, a girl escaping from hell, meets Arthur, and for reasons related to the past, Arthur decides to help her."
True,https://www.royalroad.com/fiction/91902/the-infamous-denor-kara,91902,The Infamous Denor Kara,16.0,5.418082784642188,21.418082784642188,90,,,1,0,"[""Space Opera"", ""Comedy"", ""Male Lead"", ""Sci-fi"", ""Strong Lead"", ""Fantasy"", ""Satire"", ""Magic"", ""Soft Sci-fi"", ""Supernatural""]","[""psychology:unreliable narrator"", ""psychology:sanity""]","[""followers=90""]","The Infamous Denor Kara is a gigantic (read: largest series ever written) biographical first-person comedy with an unreliable narrator of questionable sanity. It's all about one man's exploits in a vast science fantasy universe he helped shape.

Brace yourself for over 24 million words of chronological comedic waffling. Now let's hear from Denor, because that's always a good idea.

But please remember, this story isn't for you, or for the archives. It's for her. Still. Always.

Disclaimer: the haphazard and entirely human writing of this series is being heavily modified using artificial intelligence. It is the only intelligence you will find in these pages."
True,https://www.royalroad.com/fiction/135618/globus,135618,Globus,13.0,7.3790385052372365,20.379038505237236,86,,,2,2,"[""Multiple Lead Characters"", ""Drama"", ""Fantasy"", ""Female Lead"", ""Non-Human Lead""]","[""psychology:trauma"", ""psychology:madness""]","[""followers=86""]","The city of Nelatte is an immense spiderweb stretching vertically between the walls of Faspath, a wide bottomless chasm.

Legend has it that Faspath did not always exist: it was formed centuries ago by the violent impact of a giant liquid sphere that fell from the sky, the mysterious

Globus

,

that cracked the planet’s crust

.

Now, disturbing phenomena are happening.

There are some saying that Faspath is moving again.

That it is

closing

.

Seluma, a 150-year-old Lumacid and restaurant owner with a strong practical sense, will have none of this. No matter what her friends are saying or how the world around her is plunging into madness, she will stay calm and go about her business as usual.

As long as someone dear to her is not in danger.

What to expect:

* peculiar non-human characters, hybrids, automata and deities

* a bunch of diverse characters facing a hopeless situation

* a little bit of mystery

* a parallel storyline in which the MC moves backward in time

* warning: a suicide scene (nothing graphic)

* some other mild disturbing content: alien biology, alien reproduction, mention of blood, child trauma, burn scars, self harm for science, self sacrifice

What not to expect:

* epic battles

* sappy romance

* teen characters"
True,https://www.royalroad.com/fiction/129283/the-tribulations-of-lucas-bagge-classic-cartoon,129283,The Tribulations of Lucas Bagge (Classic Cartoon Network Fanfic),14.0,5.606156886966839,19.60615688696684,112,,,1,0,"[""Urban Fantasy"", ""Anti-Hero Lead"", ""Comedy"", ""Male Lead"", ""Sci-fi"", ""Adventure"", ""Fantasy"", ""Low Fantasy"", ""School Life"", ""Slice of Life""]","[""psychology:sanity"", ""psychology:insanity""]","[""followers=112""]","Lucas Bagge has not had an easy life. All his life he's been caught in the middle of wild and crazy events. From being kidnapped by mutant hillbillies to having to deal with an alien hamster in his closet, Lucas was no stranger to the world's insanity.

This hasn't made normal life easy for him, though. No one wanted to associate with someone who only attracted trouble, including his own family. They often send him away after too many incidents, so they can live quietly while he deals with his next set of problems alone.

The latest trip took Lucas to Townsville, a city with its own crazy issues. It was an odd choice made at the last minute, but Lucas may just find people he can relate to in the city where monsters and supervillains run amok. That doesn't mean Lucas' problems go away. If anything, they're bound to get worse.

At least this time, Lucas won't have to face them alone."
True,https://www.royalroad.com/fiction/141733/soul--the-killer-king-progression-fantasy-time,141733,Soul -The killer King [ PROGRESSION FANTASY/ TIME LOOP ],13.0,5.491270389195099,18.4912703891951,98,,,1,0,"[""LitRPG"", ""Portal Fantasy / Isekai"", ""Time Loop"", ""Progression"", ""Comedy"", ""Action"", ""Adventure"", ""Fantasy"", ""Dungeon Core"", ""GameLit"", ""Grimdark"", ""Magic"", ""Time Travel""]","[""psychology:sanity"", ""psychology:madness""]","[""followers=98""]","Synopsis

: *In a world suffocated by the black mist of the Void, the color of one's eyes has become the ultimate seal of power-or death. Beneath the putrid fog that has poisoned the air, five nations have risen under kings with violet irises, mercilessly hunting those born with the Void's shadowed gaze. Across the lands, the legendary Golden Eye shines as a tenuous promise of redemption, reserved for the few graced by divine blessing.

When Zack Fair, marked from birth by the feared Black Eyes, realizes his fate is sealed by royal wrath, a flame of rebellion ignites in his chest. Hunted by the king's emissaries and pursued by the darkness coursing through his veins, he refuses to vanish into the shadows.

Amid monsters from the mythical Red Continent and tangled palace intrigues, Zack will discover that the true war lies not only beyond the battlefield but within himself-and that hope can be reborn even where only ashes remain.

“Alma – The King’s Assassin”

is a dark fantasy novel in which Zack Fair, marked by the Black Eyes, confronts a cruel world ruled by violet-eyed kings, embarking on a journey of survival and rebellion across a Red Continent consumed by the Void.

Plot and Premise

The story takes place in a universe devastated by the black mist of the Void, where eye color determines power or death. Five nations are ruled by kings with violet eyes who relentlessly persecute individuals with black eyes, known as the Children of the Void. The legendary Golden Eye represents a hope of redemption that few ever attain, while Zack Fair, the protagonist, is born marked by the dreaded Black Eyes and condemned by fate to be hunted by the king’s emissaries.

Zack faces mystical monsters and palace conspiracies, discovering that the true battle is not only external, but internal as well. His journey explores themes of rebellion, redemption, and survival in a corrupted world.

The narrative includes elements of dark fantasy, horror, and character progression, with time loops woven into certain parts of the plot.

Main Characters

Zack Fair:

Hero and bearer of the Black Eyes, marked by the Void since birth, he lives between darkness and hope, confronting both human enemies and supernatural monsters.

K:

Zack’s ally — cunning and skilled — who accompanies him on various hunts and through moments of intense violence, offering both emotional and strategic support.

Violet-Eyed Kings:

They rule and hunt the Black Eyes, embodying absolute authoritarianism and the imbalance of power.

Themes and Setting

The work is dense and grim, blending fantasy, horror, and science fiction, set in decaying cities, blood-soaked battlefields, and landscapes where monsters emerge from the Black Mist. The novel also explores the world as seen through the Void, where some characters lose their sanity while others transform madness into resistance.

Publication and Availability

Author:

L.K. Nocturne, a Brazilian dark fantasy writer.

Edition:

First edition, published in October 2025.

Formats:

Available as a Kindle eBook and as a legal PDF for online reading.

Number of books in the series:

Book 1 and Book 2 (with time-loop elements).

The book is recommended for readers who enjoy dark fantasy, complex narratives, and character progression within brutal and magical worlds.

Ebook/ book:

Amazon.com: Soul - The killer King: 9798267135962: Nocturne, L.k, Cruz, Leonardo: Livros"
