selected,url,story_id,title,popularity_score,read_count,vote_count,comment_count,popularity_hits,genres,tags,quality_reasons,synopsis
True,https://www.wattpad.com/story/5095707,5095707,After,90.06940714999514,727680462,11516092,6902791,1,"[""Fanfiction"", ""Fiction""]","[""FANFIC"", ""AFTER"", ""FAN"", ""TEXTTOSPEECH""]","[""reads=727680462"", ""votes=11516092"", ""comments=6902791"", ""listing-hits=1""]","Tessa Young is an 18 year old college student with a simple life, excellent grades, and a sweet boyfriend. She always has things planned out ahead of time, until she meets a rude boy named Hardin, with too many tattoos and piercings who shatters her plans."
True,https://www.wattpad.com/story/18024139,18024139,Chasing Red,85.63067106998345,261858759,3953883,3198618,1,"[""Romance"", ""Fiction"", ""Comedy"", ""Drama""]","[""BAD BOY"", ""COLLEGE AND UNIVERSITY"", ""ARROGANT"", ""BAD"", ""BADBOY"", ""BOY"", ""COCKY"", ""COLLEGE"", ""COMPLETED"", ""FIRSTLOVE"", ""HOT"", ""HUMOR"", ""ISABELLERONIN"", ""LOVE"", ""NEWADULT"", ""PLAYBOY"", ""PLAYER"", ""RICHBOYS"", ""ROOMMATES"", ""SASSY"", ""SEXY"", ""SUSPENSE"", ""UNIVERSITY"", ""WATTPADORIGINALS""]","[""reads=261858759"", ""votes=3953883"", ""comments=3198618"", ""listing-hits=1""]","It started on Wattpad but now is EVERYWHERE! with a published book, a captivating Webcomic on WEBTOON, a published graphic novel, and an upcoming film adaptation by Wattpad WEBTOON studios in Partnership with Stampede. Read, scroll, or watch - Enjoy this romance in any way you like. Stay tuned for film release updates!

Basketball star Caleb Lockhart had it all - until a chance encounter with a mysterious woman in red changed everything. For the first time in his life, Caleb wanted something; something he could never have.

*****

College heartthrob Caleb Lockhart is the last person a girl like Veronica Strafford should be involved with. Intelligent and ambitious, with good reason to be cynical of the world, Veronica refuses to be the campus player's next conquest, even after a chance encounter sparks an undeniable attraction between them. But with nowhere to stay, and running from recent tragedy, Veronica finds herself leaning on someone else for the first time. Caleb has never wanted something like this before and he's determined to pursue her, even as the secrets of their pasts threaten to break them apart.

Book 1 in the Red series"
True,https://www.wattpad.com/story/7483469,7483469,My Fake Boyfriend,81.51855444747537,101591048,3044866,2532952,1,"[""Romance"", ""Fiction"", ""Drama""]","[""OPPOSITES ATTRACT"", ""ARROGANT"", ""BOYFRIEND"", ""ENEMIESTOLOVERS"", ""FAKEDATING"", ""FAKERELATIONSHIP"", ""FAMILYDRAMA"", ""FIGHTFORLOVE"", ""FIRSTLOVE"", ""GEEK"", ""HAPPILYEVERAFTER"", ""HOTENCOUNTER"", ""JEALOUSY"", ""LOVETRIANGLE"", ""OPPOSITESATTRACT"", ""PLAYER"", ""SECRETS"", ""SLOWBURN"", ""STANDALONE"", ""TEXTTOSPEECH"", ""TRAGICPAST"", ""YOUNGADULT"", ""YOUNGADULTROMANCE""]","[""reads=101591048"", ""votes=3044866"", ""comments=2532952"", ""listing-hits=1""]","When Alexis agrees to help the school's player, she must guard the secret that could unravel everything - even as unexpected feelings complicate the game.

***

What happens when Alexis Dawson, the 'resident loser' of Redwood High, agrees to help the school's notorious player, Aaron Walker? How can she stop herself from falling for him?

It isn't all love and romance - Alexis has a secret of her own. Join them on a journey of jealousy, betrayal, trust, friendship, and love. A little favour just got a whole lot more complicated.

***

He was so close, his breath hit my lips. His eyes darted from my eyes to my lips. I stared intently, awaiting his next move. His lips fell near my ear.

""Shut up and kiss me"" He whispered roughly. A chill shot up my spine. I pulled back, staring at his eyes and leaned in..."
True,https://www.wattpad.com/story/89677983,89677983,The Boy I Admire From Afar,80.50493459929234,79523128,3685605,777575,2,"[""Romance"", ""Fiction""]","[""FRIENDS TO LOVERS"", ""HIGHSCHOOL"", ""BOY"", ""CRUSH"", ""EROS"", ""HUMOR"", ""LOVE"", ""NEILANIALEJANDRINO"", ""PETRAKIS"", ""SWEETDREAMER33"", ""TBIAFA"", ""TEENAGER"", ""TEENFICTION"", ""TGHNN"", ""WATTPAD"", ""WATTPADORIGINALS"", ""WATTPADSTAR"", ""WATTPADSTARS"", ""WATTPRIDE"", ""WATTYS2018"", ""ZION""]","[""reads=79523128"", ""votes=3685605"", ""comments=777575"", ""listing-hits=2""]","As Claire aims to leave her oppressive stepfamily behind, she befriends Zion. Will he be her ticket to freedom or a distraction in achieving her dreams?

*****

Claire Olsen has had a crush on Zion Petrakis since the first time she laid eyes on him, but he never noticed, instead only having eyes on the school's it girl, Maddie Jennings. Knowing she couldn't compete with Maddie, Claire hid her feelings for Zion, satisfied with admiring him from afar. However, when a series of events led Claire closer to Zion, her feelings for him grew from infatuation to love. And despite fighting hard to keep her feelings contained by distancing herself from Zion, he was determined to show her that he's earned a spot in her life.

[[word count: 100,000-150,000 words]]"
True,https://www.wattpad.com/story/765329,765329,In 27 Days (Watty Award Winner 2012),78.576393828024,51598773,2116122,1895219,1,"[""Adventure"", ""Fiction"", ""Drama""]","[""ACTION AND THRILLER"", ""ARCHER"", ""CITY"", ""DARK"", ""DEATH"", ""HADLEY"", ""HAVOC"", ""HUMOR"", ""LIFE"", ""LIGHT"", ""LOVE"", ""NEW"", ""SERIOUS"", ""TASK"", ""TEEN"", ""TEXTTOSPEECH"", ""TIME"", ""VACATION"", ""WINTER"", ""YORK""]","[""reads=51598773"", ""votes=2116122"", ""comments=1895219"", ""listing-hits=1""]","Hadley Jamison doesn't know what to think when she hears that her classmate, Archer Morales, committed suicide. She didn't exactly know him, but that doesn't stop her from feeling like there was something she could have done to help him.

So to Hadley's surprise, on the very night of Archer's funeral, she has a run in with Death himself and is offered the chance to go back in time to stop Archer from ending his life. The catch? She only has twenty-seven days to do it. And if Hadley doesn't succeed? Well, she doesn't want to think about that."
True,https://www.wattpad.com/story/105872,105872,A and D,78.06659567377874,45883819,822030,265683,1,"[""Fiction"", ""Romance""]","[""TEEN FICTION"", ""FRIENDS TO LOVERS"", ""HIGHSCHOOL"", ""BASKETBALL"", ""BESTFRIEND"", ""CLIQUE"", ""COMPLETED"", ""FAMILY"", ""FILIPINO"", ""FRIENDSHIP"", ""GENERAL"", ""JOCK"", ""LOVE"", ""NERD"", ""SCHOOL"", ""TEEN"", ""TEENFICTION"", ""WATTPADORIGINALS"", ""YOUNGADULT""]","[""reads=45883819"", ""votes=822030"", ""comments=265683"", ""listing-hits=1""]","Nerdy Dakota Evans makes the biggest mistake of her life by falling in love with her best friend, Aaron Ford. Despite coming from entirely different cliques in school, will their relationship have a chance?

***

In a high school where everyone belongs to cliques, nerdy and boyish Dakota Evans' friendship with basketball jock, Aaron Ford, becomes a big issue. Aaron's highly protective of Dakota and doesn't realize that she's in love with him. With their friendship eventually going on the rocks, will Aaron finally realize his true feelings for Dakota before it's too late?

[[word count: 90,000-100,000 words]]"
True,https://www.wattpad.com/story/21530897,21530897,Boot Camp,75.93863611116682,28110178,1054592,388738,1,"[""Romance"", ""Fiction"", ""Drama""]","[""OPPOSITES ATTRACT"", ""ROMANTIC COMEDY"", ""SLOW BURN"", ""CAMP"", ""COLLEGE"", ""HIGHSCHOOL"", ""HUMOR"", ""LOVE"", ""NEWADULT"", ""OPPOSITES"", ""SUMMER"", ""SUMMERROMANCE"", ""SUMMERVACATION"", ""TEENFICTION"", ""TEXTTOSPEECH"", ""WATTYS2015"", ""YOUNGADULT""]","[""reads=28110178"", ""votes=1054592"", ""comments=388738"", ""listing-hits=1""]","From Wattpad story to published book to a movie! Watch your favorite coming-of-age camp romance come to life on screen now!

***

After running away from her problems for four years - her inability to run a mile ironically being one of them - Whitney Carmichael knows a fitness camp will kick start some change in her life.

Little does she expect her high school archenemy will be there trying to make amends. Or that she'll ditch her wallflower status and find herself at the center of a web of toxic friendships and petty lies.

And working out? It's not so bad when her new personal trainer, Axel Chandler, is pretty easy on the eyes...and she has everything to lose.

[Wattys 2015 Talk of the Town winner]"
True,https://www.wattpad.com/story/890487,890487,Float,75.91865062962479,27981117,617559,327236,1,"[""Romance"", ""Fiction"", ""Action"", ""Adventure"", ""Comedy"", ""Drama""]","[""ENEMIES TO LOVERS"", ""HIGHSCHOOL"", ""ANGST"", ""BADBOY"", ""BEACH"", ""CUTE"", ""ENEMIESTOLOVERS"", ""FAMILY"", ""FRIENDSHIP"", ""FUNNY"", ""HUMOR"", ""LOVE"", ""POPULAR"", ""SUMMER"", ""TEEN"", ""TEENFIC"", ""TEENFICTION"", ""TEENROMANCE"", ""WATTPADORIGINALS"", ""YOUNGADULT""]","[""reads=27981117"", ""votes=617559"", ""comments=327236"", ""listing-hits=1""]","It started on Wattpad but now is EVERYWHERE! With a bestselling book by WWBG, a captivating Webcomic on Webtoon, and a film adaptation by Wattpad WEBTOON studios, you can read, scroll, or watch - there's an experience for everyone to dive into Waverly and Blake's journey.

*****

In order to fit in during her summer visit to a beachside town, Waverly must take swimming lessons from Blake, the moody (but gorgeous) lifeguard next door.

*****

Seventeen-year-old Waverly Lyons is from Alaska. She doesn't do sun. But after her divorced parents can't agree on who gets to have her for the summer, Waverly gets shipped off to Holden, Florida, to spend a couple months with her aunt, Rachel. There's one minor hiccup: Blake Hamilton, Rachel's seventeen-year-old neighbor. He's athletic, outgoing, arrogant, tan, and pretty much Waverly's exact opposite. She's eager to avoid him at all costs, hoping to fit in with the other kids in Holden without drawing too much attention to herself. But when Blake discovers that Waverly has been hiding the rather embarrassing secret that she can't swim, he does the unthinkable: He offers to teach her.

[[word count: 100,000-150,000 words]]"
True,https://www.wattpad.com/story/11070537,11070537,Death is My BFF Rewritten (Book 1 of the Rewritten Death Chronicles),75.12801673481866,23323926,864155,893898,1,"[""Fantasy"", ""Fiction"", ""Supernatural""]","[""DARK FANTASY"", ""ANGEL"", ""ARROGANT"", ""BADBOY"", ""COCKY"", ""DARK"", ""DARKLOVE"", ""DEATH"", ""EVIL"", ""FALLEN"", ""FUNNY"", ""GRIMREAPER"", ""HOT"", ""HUMOR"", ""KATROCKS247"", ""KISS"", ""LOVE"", ""LOVE-HATE"", ""NAUGHTYCUPCAKE"", ""PIERCINGS"", ""POSSESSIVE"", ""SARCASM"", ""TATTOO""]","[""reads=23323926"", ""votes=864155"", ""comments=893898"", ""listing-hits=1"", ""presentation:excessive-punctuation""]","Death is ready to visit a new world! Based on the published novel and Wattpad sensation, Death is My BFF is now a webcomic! Experience the story like never before now only on WEBTOON!

This is a VERY rough, early draft of ""Death is My BFF"" and the published version looks very different! :)

******

(2014 WATTY AWARD WINNER!) The legendary Angel of Death has spared Faith Williams' divine soul. However, this merciful act comes at a price. When she turns eighteen, her soul and everything that she is, will belong to him. The problem? Faith's not going to hell without a fight. Death isn't the only creature that has taken notice in her uniqueness. Demons, monsters, one vengeful demi-god, and a notorious playboy are all wrecking havoc on her life. Torn between two worlds, Faith must decide once and for all whom she can trust, and whom she can allow herself to love, before all of hell breaks loose. Even if it means striking another deal with Death.

* * *

FAQ:

HELLO, YOU BEAUTIFUL PERSON! :)

You CAN read this story without reading the Original Death series. DEATH IS MY BFF REWRITTEN is a total rewrite of the first draft of ""Death is My BFF"", which I wrote when I was 14. The ORIGINAL series is on my profile, but it does not line up with this book. Again, the book you are currently on is ""Death is My BFF Rewritten,"" which is part of the Rewritten Death Chronicles, and this book does not line up with the original Death series.

Again, the Rewritten Death Chronicles will share similarities to the original series, but should be considered a SEPARATE from the series I wrote when I was 14! Please enjoy!!!!!

Xoxo,

Katarina E. Tonks

* * *

JOIN THE FACEBOOK GROUP FOR THE DEATH SERIES!!! (Thank me later!!! LOL.)

https://www.facebook.com/groups/308207282529485/"
True,https://www.wattpad.com/story/391172,391172,Death Is My BFF (Book 1 Original Series),74.82074155929676,21730721,766550,533560,1,"[""Fiction"", ""Romance"", ""Drama"", ""Horror""]","[""HUMOR"", ""DARK ROMANCE"", ""SUSPENSE"", ""ANGELS"", ""ARROGANT"", ""CRIMINAL"", ""DEATH"", ""DEVIL"", ""FRIENDS"", ""FUNNY"", ""HEAVEN"", ""HELL"", ""HOT"", ""KAT"", ""KATROCKS247"", ""LOVE"", ""SARCASTIC"", ""SCARY"", ""SERIES"", ""TEXTTOSPEECH""]","[""reads=21730721"", ""votes=766550"", ""comments=533560"", ""listing-hits=1""]","Watty Award Winner 2011) *ORIGINAL SERIES*

This is the first book of the Original Death Is My BFF Series, which won the Watty Awards in 2011!

***

Death came knocking at her door.

Well actually, he pounded.

Faith Williams has always been a little odd, but never before did she think she was one of a kind. Enter Death, the legendary, sadistic, and irresistible Grim Reaper who sparred Faith's life when she was a child. The more she tries to resist him, the more he's popping up in her life and turning it entirely upside down. Death is dangerous with a dark past and a thirst for revenge, and Faith Williams is slowly becoming unable to resist his power over her.

Who is the man under the hood? What does he want with her?

Most importantly, why the hell does he have a name for his scythe?

**

This is the FIRST of the DIMBFF series.

***

Fan Made Book Cover uses image from = michellemonique on Deviantart.com! http://michellemonique.deviantart.com/

MY WRITING PAGE! Please join!

http://www.facebook.com/pages/Kat-aka-katrocks247-from-Wattpad/208740202517075"
True,https://www.wattpad.com/story/1001445,1001445,The Bro Code,74.76677434784212,21462357,446324,158190,1,"[""Romance""]","[""TEEN FICTION"", ""FANFIC"", ""BOYNEXTDOOR"", ""BADBOYGOODGIRL"", ""BESTFRIEND"", ""BESTFRIENDS"", ""BRO"", ""BROTHERSBESTFRIEND"", ""CANCER"", ""COMPLETED"", ""CRUSH"", ""CUTE"", ""FIRSTLOVE"", ""FORBIDDEN"", ""FORBIDDENLOVE"", ""FRIENDSHIP"", ""HIGHSCHOOL"", ""HIGHSCHOOLSWEETHEARTS"", ""HUMOR"", ""LOVE"", ""SISTER"", ""SOCCER"", ""TEEN"", ""TEENFICTION"", ""WATTPADORIGINALS"", ""YOUNGADULT""]","[""reads=21462357"", ""votes=446324"", ""comments=158190"", ""listing-hits=1""]","WATTPAD ORIGINAL EDITION

The Bro Code says to leave no bro behind... But what happens when you have to choose between love and friendship?

*****

Nick Maguire would never betray his best friends, Carter and Austin, by breaking The Bro Code, and he knows they'd never do that either. They've got each other's backs. That is, until Carter's sister, Eliza, returns from Australia. Unfortunately, Eliza is basically incredible, and Nick almost immediately falls head over heels. The two begin to form an undeniable bond that crackles with electricity - and spells a whole lot of trouble. Nick is about to find out that codes are made to be broken.

[[word count: 60,000-70,000 words]]"
True,https://www.wattpad.com/story/355057092,355057092,𝐓𝐄𝐑𝐈 𝐃𝐄𝐄𝐖𝐀𝐍𝐈 [𝖳𝗁𝖾 𝖨𝗇𝗇𝗈𝖼𝖾𝗇𝗍 𝖫𝗈𝗏𝖾] (Duet #1),74.03076503782422,18116591,1144571,1054754,1,"[""Romance"", ""Fiction"", ""Comedy""]","[""FIRST LOVE"", ""HIGHSCHOOL"", ""OPPOSITES ATTRACT"", ""ARMY"", ""BOLLYWOOD"", ""CHILDHOODSWEETHEARTS"", ""CRUSH"", ""FIRSTLOVE"", ""HIGHSCHOOLLOVE"", ""INDIAN"", ""INDIANARMY"", ""INDIANSTORIES"", ""INNOCENT"", ""LOVEATFIRSTSIGHT"", ""OLDSCHOOLROMANCE"", ""SCHOOL"", ""SCHOOLLOVESTORY"", ""SCHOOLROMANCE"", ""TEENFICTION"", ""TEENLOVE"", ""TEENROMANCE"", ""TEXTTOSPEECH""]","[""reads=18116591"", ""votes=1144571"", ""comments=1054754"", ""listing-hits=1""]","𝙏𝙪𝙣𝙚 𝙠𝙮𝙖 𝙠𝙖𝙧 𝙙𝙖𝙡𝙖 , 𝙈𝙖𝙧 𝙜𝙖𝙮𝙞 𝙢𝙖𝙞 𝙢𝙞𝙩 𝙜𝙖𝙮𝙞 𝙢𝙖𝙞

𝙃𝙤 𝙜𝙖𝙮𝙞 𝙢𝙖𝙞......

♡ 𝙏𝙀𝙍𝙄 𝘿𝙀𝙀𝙒𝘼𝙉𝙄 ♡

Shashwat Rajvansh - An introvert, calm and ambitious guy studies in class 12th. For him ""Rules are meant to be followed"". He is a bookworm and topper of his class . He is prince charming of almost all girls of school but never give a glance to them . His dream is to join Indian army and for that he is studying very hard . He has no time for Love.

Siya Malhotra - An exovert and chirpy girl studies in class 11th . She is always ready to break the rules and have zero interest in study . She has promised herself to not to fall in love but a sudden encounter with her senior ""Shashwat Rajvansh"" Changed her perspective about love when she slowly started falling for him who doesn't seem to be interested in her. The more she is getting to know him the more she is falling for him.

**************************************************

""For me, Love is devotion."" She said, her eyes were drawn to the resplendent Krishna idol.

""Then I am devoted to you, Siya, the way you are devoted to your Krishna."" He replied looking at her with an intensity akin to how a priest gazes at an idol.

***************************************************

Jump inside the story to know more ❤️✨.

______________________________________________

There is no cheating, no toxicity and no love angle. It is just a simple school love story which includes Love, friendship and lots of fun that would probably take you back to your school days.

______________________________________________________"
True,https://www.wattpad.com/story/988649,988649,Friendship for Dummies,73.13049493164725,14724802,449508,236873,1,"[""Fiction""]","[""HUMOR"", ""SOCIAL THEMES"", ""DISCRIMINATION AND BULLYING"", ""BEST"", ""CHILDHOOD"", ""CONNOR"", ""CUTE"", ""DUMMIES"", ""FRIENDS"", ""FRIENDSHIP"", ""FUNNY"", ""GEORGIE"", ""HIGH"", ""JERK"", ""KIDS"", ""LOVE"", ""TEXTTOSPEECH""]","[""reads=14724802"", ""votes=449508"", ""comments=236873"", ""listing-hits=1""]","""Being reunited with your childhood best friend after eight years apart? Sounds like a heart-warming story. Finding out that said best friend is now a complete jerk who's determined to make your life hell? Not so much.""

Georgie and Connor were once inseparable. Best friends from birth, they did everything together - well, that was until Connor's dad got a once-in-a-lifetime job opportunity and the family was forced to relocate to New York. At age sixteen, Georgie's life is totally different - her main goal being to keep her head down and escape the brutalities of high school with as little emotional scarring as possible. Balancing school, work and her dwindling social life is enough of a challenge, but it's about to get a bit more complicated when her conceited ex-best friend gets thrown into the mix.

Maybe friendship should come with an instruction booklet."
True,https://www.wattpad.com/story/6868016,6868016,He's A Bad Boy,73.09583951988151,14607770,280085,77645,1,"[""Fiction"", ""Romance""]","[""HUMOR"", ""BAD BOY"", ""ROMANTIC COMEDY"", ""BABE"", ""BABY"", ""BADBOY"", ""BADGIRL"", ""COMPLETED"", ""FUNNY"", ""HUMOUR"", ""LOVE"", ""SPIDER"", ""TEXTTOSPEECH"", ""WATTYS""]","[""reads=14607770"", ""votes=280085"", ""comments=77645"", ""listing-hits=1""]","""He's a bad boy. He's bad news""

Abigail Antonias was warned as soon as she entered her fourth high school that a particular boy named Nathaniel Reece was the definition of a bad boy, and is best to just avoid. But that just made Abigail's curiousity peak. What could be so 'Bad' about him?

And sometimes, the worst decisions are the best ones.

(Note: Not totally cliche, believe me)"
True,https://www.wattpad.com/story/94495934,94495934,Trouble In Paradise?,72.76625335882242,13540207,506094,318168,1,"[""Fiction"", ""Romance""]","[""HUMOR"", ""HIGHSCHOOL"", ""BAD BOY"", ""BADBOY"", ""DISEASE"", ""FEATURED"", ""LOVE"", ""PARADISE"", ""TEXTTOSPEECH"", ""TROUBLE"", ""WATTYS2018""]","[""reads=13540207"", ""votes=506094"", ""comments=318168"", ""listing-hits=1""]","After battling with a life threatening disease, Stephanie finally got the all clear on her health. She was free to live her life.

She is starting a new school at the start of the year, planning to just finish high school with no problems.

But then a certain asshole and his friends come barging into her life and she is thrown into a world of chaos.

*Added to @humour's 'Young.Dumb.Full Of Fun!' reading list 8/8/2018*

* Reached #1 on Humor's official hot list 1/1/2020*"
True,https://www.wattpad.com/story/209697,209697,The Transient Wife,72.61607644379411,13079996,310261,22571,1,"[""Fiction"", ""Romance""]","[""HUMOR"", ""MARRIAGE AND DIVORCE"", ""SUSPENSE"", ""ACCIDENT"", ""ACT"", ""ACTING"", ""QUARREL"", ""TEXTTOSPEECH"", ""TRANSIENT""]","[""reads=13079996"", ""votes=310261"", ""comments=22571"", ""listing-hits=1""]","One drunken day, Cassandra gets the proposal she can never refuse from the arrogant Philip Strindberg. Thrown into a marriage she never wanted in the first place, Cassandra will struggle on how to maintain her carefree attitude while trying to keep her cool whenever she is around her husband. Pranks, adventure, chores, and secrets will test their transient marriage. In the end, will there be a chance for their transient charade to become permanent?"
True,https://www.wattpad.com/story/240256215,240256215,𝐓𝐡𝐞 𝐁𝐨𝐲 𝐖𝐡𝐨 𝐋𝐨𝐯𝐞𝐝 (Harry Potter x Reader),72.30388488643402,12172743,345118,3237174,1,"[""Fanfiction""]","[""FANFIC"", ""WIZARDING WORLD: HARRY POTTER"", ""DRACO"", ""DRACOMALFOY"", ""GOBLETOFFIRE"", ""GOLDENQUARTET"", ""GOLDENTRIO"", ""HAROLD"", ""HARRY"", ""HARRYPOTTER"", ""HARRYPOTTERANDTHEPRISONEROFAZKABAN"", ""HARRYPOTTERFANFICTION"", ""HARRYPOTTERFLUFF"", ""HARRYPOTTERXREADER"", ""HARRYXREADER"", ""HPXREADER"", ""NEWT"", ""NEWTSCAMANDER"", ""POTTER"", ""PÒA"", ""REMUSLUPIN"", ""ROLFSCAMANDER"", ""SLOWBURN"", ""TEXTTOSPEECH"", ""THEMARAUDERS"", ""XREADER"", ""YULEBALL""]","[""reads=12172743"", ""votes=345118"", ""comments=3237174"", ""listing-hits=1""]","☽༓･*˚⁺‧͙ (Harry Potter x Fem! Reader)

❝ 𝐀𝐟𝐭𝐞𝐫 𝐚𝐥𝐥 𝐭𝐡𝐨𝐬𝐞 𝐲𝐞𝐚𝐫𝐬, 𝐥𝐨𝐫𝐝 𝐤𝐧𝐨𝐰𝐬 𝐡𝐨𝐰 𝐚𝐧𝐝 𝐰𝐡𝐲, 𝐭𝐡𝐞 𝐛𝐨𝐲 𝐤𝐧𝐞𝐰 𝐡𝐞'𝐝 𝐛𝐞𝐞𝐧 𝐝𝐞𝐬𝐢𝐠𝐧𝐞𝐝 𝐭𝐨 𝐥𝐨𝐯𝐞 𝐡𝐞𝐫 𝐬𝐢𝐧𝐜𝐞 𝐭𝐡𝐞 𝐯𝐞𝐫𝐲 𝐛𝐞𝐠𝐢𝐧𝐧𝐢𝐧𝐠.

𝐇𝐞 𝐰𝐨𝐮𝐥𝐝 𝐥𝐨𝐯𝐞 𝐞𝐯𝐞𝐫𝐲 𝐬𝐢𝐧𝐠𝐥𝐞 𝐩𝐚𝐫𝐭 𝐨𝐟 𝐡𝐞𝐫 𝐮𝐧𝐭𝐢𝐥 𝐡𝐢𝐬 𝐥𝐚𝐬𝐭 𝐛𝐫𝐞𝐚𝐭𝐡- 𝐭𝐡𝐞 𝐩𝐚𝐫𝐭 𝐭𝐡𝐚𝐭 𝐥𝐨𝐯𝐞𝐝 𝐡𝐢𝐦 𝐛𝐚𝐜𝐤, 𝐭𝐡𝐞 𝐩𝐚𝐫𝐭 𝐭𝐡𝐚𝐭 𝐦𝐚𝐝𝐞 𝐡𝐢𝐦 𝐥𝐚𝐮𝐠𝐡- 𝐞𝐯𝐞𝐧 𝐭𝐡𝐞 𝐩𝐚𝐫𝐭 𝐭𝐡𝐚𝐭 𝐜𝐫𝐮𝐬𝐡𝐞𝐝 𝐡𝐢𝐬 𝐡𝐞𝐚𝐫𝐭 𝐢𝐧𝐭𝐨 𝐮𝐧𝐜𝐨𝐮𝐧𝐭𝐚𝐛𝐥𝐞 𝐩𝐢𝐞𝐜𝐞𝐬. ❞

ϟ

𝐓𝐡𝐢𝐬 𝐬𝐭𝐨𝐫𝐲 𝐜𝐨𝐧𝐭𝐚𝐢𝐧𝐬...

- Swearing

- No smut

- Mostly fluff

- Books-based storyline

- A sprinkle of Draco Malfoy

ϟ

*I DO NOT OWN HARRY POTTER*

STARTED: 18.09.20

FINISHED: 25.10.21"
True,https://www.wattpad.com/story/48487557,48487557,Playing By The Rules,71.56949345033158,10278963,53452,16065,1,"[""Fiction"", ""Romance"", ""Sports""]","[""TEEN FICTION"", ""BAD BOY"", ""HIGHSCHOOL"", ""BADBOY"", ""BROKEN"", ""COMINGOFAGE"", ""COMPLETED"", ""CONTEMPORARY"", ""CUTE"", ""DEATH"", ""FRIENDSHIP"", ""GOODGIRL"", ""GROWTH"", ""HEARTBREAK"", ""HOCKEY"", ""ICE"", ""LOSS"", ""LOVE"", ""RULES"", ""TEENFICTION"", ""TEENROMANCE"", ""TRAVEL"", ""WATTPADORIGINALS"", ""YOUNGADULT"", ""YOUNGLOVE""]","[""reads=10278963"", ""votes=53452"", ""comments=16065"", ""listing-hits=1""]","What happens when an arrogant hockey star falls for an honor student that only wants to stay away from trouble? On the ice, Caleb Dawson is unstoppable, but his talent alone might not be enough to win Jennifer's heart, especially when his bad boy reputation is exactly what she's not looking for...

*****

Jennifer Beckett is academically gifted, but while she may seem flawless in the classroom, she spends her life hiding her insecurities. Boy trouble is the last thing she would want to get involved in, so when she collides with Caleb Dawson, the cocky and self-centered hockey player that everyone worships, Jennifer can't get away fast enough. The problem is, the two of them keep gravitating toward each other. Does Caleb have what it takes to be in a relationship, despite his arrogance from being one of the best teenage hockey players in America? And can Jennifer see past her own issues to give him - and herself - a chance?

[[word count: 100,000-150,000 words]]

Cover designed by Ray Gardener"
True,https://www.wattpad.com/story/7880288,7880288,The Bad Boy Stole My Notebook,71.49304044657093,10099596,411328,209851,1,"[""Fiction"", ""Romance""]","[""HUMOR"", ""BAD BOY"", ""HIGHSCHOOL"", ""TEXTTOSPEECH""]","[""reads=10099596"", ""votes=411328"", ""comments=209851"", ""listing-hits=1""]","Lilah is the plain, simple girl that no one notices. She's just another face in the crowd, nothing more. Her world is very different from the ones of her two best friends, which causes them to rarely see each other. So, they share a notebook. They write their feelings and their secrets in this notebook and it is only passed between them.

Until Lilah loses it in the hallway.

Reece is the school's bad boy, street fighter, and also the boy who finds Lilah's notebook. But Reece doesn't want to be nice and simply give the notebook back to her, not unless he gets something out of it.

How far will Lilah go to get her notebook back?

Guess you'll have to read to find out. ;)

(This is not edited)"
True,https://www.wattpad.com/story/11287503,11287503,"You Have No Idea, My Dear Alpha",71.17322044649838,9382574,326522,64439,1,"[""Fiction"", ""Paranormal"", ""Romance""]","[""WEREWOLF"", ""SHIFTERS"", ""ACTION-ROMANCE"", ""ALPHA"", ""FAMILY"", ""FRIENDS"", ""HUNTERS"", ""LOVE"", ""LOVESTORY"", ""LUNA"", ""MATE"", ""NEWGIRL"", ""PACKS"", ""POSSESSIVE"", ""RELATIONSHIP"", ""SECRETS"", ""SHAPESHIFTER"", ""SHIFT"", ""SHIFTER"", ""TEENAGE"", ""TEXTTOSPEECH"", ""TIGER"", ""UNIQUE"", ""WHITETIGER"", ""WOLF""]","[""reads=9382574"", ""votes=326522"", ""comments=64439"", ""listing-hits=1""]","•••Completed•••

••He pushes me against a wall, like yesterday, but this time he starts trailing small kisses along my collar bone and up my neck before whispering in my ear.

""You really shouldn't talk to me like that sweetheart.""

I focus on not letting my trembling lips influence my voice.

""Why should I listen to you?""

He continues trailing kisses along my neck,

""Because you're mine.""••

Mara Banks isn't a normal teenager. She was left as a newborn baby on someones doorstep and taken in and cared by her new parents. But, something unusual happens on her thirteenth birthday.

She shifts into a tiger.

Now she is seventeen and she gets seen in her tiger form by some hunters, her family have no option but to move to a small town and start fresh. Little did the family know that they were now in someone's territory; werewolf territory. There her life changes when bad boy, Ryder Jackson shows up.

Why does Mara get lost in his glorious green eyes and get tingles every time he touches her? All she knows is that she has to keep her secret, what will her new friends think if they find out?

But what happens when these hunters won't give up? Mara needs to make her decision of letting her secret out to her friends. Because not only Mara, but Ryder will get hurt if she chooses wrong.

•••Irregular occurring coarse language•••"
True,https://www.wattpad.com/story/16072466,16072466,The Invisible Best Friends,70.99857565497383,9012754,358920,122594,1,[],"[""HUMOR"", ""FANFIC"", ""FOOTBALL/SOCCER"", ""BESTFRIENDS"", ""FRIENDS"", ""FUN"", ""POPULAR"", ""SCHOOL"", ""TEXTTOSPEECH"", ""WATTYS2016""]","[""reads=9012754"", ""votes=358920"", ""comments=122594"", ""listing-hits=1""]","Meet Alyssa Bent, she's a nerd. But not your typical one. She likes to read, but her world doesn't totally revolve around books. She's not shy nor does she stutter when someone tries to corner her. She can stand up to anyone provided it doesn't involve attention. Attention is the only thing that scares her, and like always, there's a reason behind it.

Maintaining a balance of grades and producing comebacks with sarcasm dripping from each word isn't the only talent she possesses.

Enter Aaron Pelt, the most popular boy at Gradient High. Girls fawn over him. Well, who wouldn't? He's the star soccer player, after all. With the looks no less than a model, he has no problem maintaining his status on the social ladder. He maintains a cool aura around him all the time.

They both go to Gradient High, a school that is divided into two social groups: the popular ones and the nerds. The popular ones are the wealthy snobs and the nerds are the ones who practically are their slaves.

At Gradient High, these two groups can never get along! Like Ever! But who knew that the most popular guy and the nerd would actually be best friends?

That's right! Alyssa and Aaron have been best friends since their diaper days. But at school, they are forced not to acknowledge each other's presence because if they did, Aaron's reputation might suffer and Alyssa may be subjected to something she hates the most: attention.

While Aaron may not know, the reason why Alyssa hates attention might be even more than she lets him believe. A reason that might even force her to throw away her future dream.

So will Aaron be able to break through the walls and push her out even when he has the pressure of popularity and the school status weighing him down?

Get ready to expect the unexpected. You might want to change your definition of clichè after reading......

#1 Humour- 08.01.16

(Cover by: -infinities)

*NOT EDITED SO KINDLY BEAR WITH ME!"
True,https://www.wattpad.com/story/218611602,218611602,Second Chances,69.97146764400276,7114538,182294,28568,1,"[""Romance""]","[""SHORT STORY"", ""FANFIC"", ""NFL/FOOTBALL"", ""ATHLETE"", ""CLICHE"", ""COLLEGE"", ""CUTE"", ""FOOTBALL"", ""LOVE"", ""LOVEATFIRSTSIGHT"", ""NEWADULT"", ""OLDLOVE"", ""REKINDLED"", ""ROMANCESTORIES"", ""ROMCOM"", ""SAD"", ""SECONDCHANCES"", ""SHORTSTORY"", ""TEEN"", ""TEXTTOSPEECH"", ""WATTYS2020"", ""WATTYS2022""]","[""reads=7114538"", ""votes=182294"", ""comments=28568"", ""listing-hits=1""]","Mia Gibson and Hunter James were always meant to be. But dating the star quarterback that was destined to be in the NFL was not easy. Especially when even his parents believed you were ruining his career.

With no other option Mia broke up with Hunter, pushing aside her feelings in order for his dreams to come true.

Five years pass after their breakup. Hunter's dream came true however Mia's life turned out different than she hoped.

But what happened when they cross paths once again years later? Old sparks start to fly but can they rekindle the love they use to have?

New cover done by: @hornsOfARebel

Previous COVER DONE BY the amazing @kimberly_white101"
True,https://www.wattpad.com/story/5927047,5927047,Face Your Fears,69.77741261955926,6803638,289612,249319,1,"[""Paranormal"", ""Fiction""]","[""SUPERNATURAL CREATURES"", ""ARCHER"", ""HADLEY"", ""SEQUEL"", ""TEXTTOSPEECH""]","[""reads=6803638"", ""votes=289612"", ""comments=249319"", ""listing-hits=1""]","Archer Morales's life is finally perfect. He's married to the girl of his dreams and finally has a job he enjoys. But when something completely unexpected happens, Archer discovers that his wife, Hadley, has been keeping secrets, and that his past isn't going to be staying in the past for much longer."
True,https://www.wattpad.com/story/339317918,339317918,ENCHANTED- BY LOVE (completed),69.75728428717002,6772178,466913,86365,1,"[""Romance"", ""Fiction"", ""Historical""]","[""ENEMIES TO LOVERS"", ""FIRST LOVE"", ""SLOW BURN"", ""ARRANGE"", ""ARRANGEDMARRIAGE"", ""DESI"", ""ENCHANTEDSERIES"", ""ENEMIESTOLOVERS"", ""FAMILY"", ""FUNNY"", ""HAPPYENDING"", ""HUMOR"", ""INDIAN"", ""KING"", ""LOVE"", ""LOVESTORY"", ""MARRIAGE"", ""POSSESSIVE"", ""PRINCE"", ""PRINCESS"", ""QUEEN"", ""ROYAL"", ""SLOWBURN"", ""WAR""]","[""reads=6772178"", ""votes=466913"", ""comments=86365"", ""listing-hits=1"", ""presentation:excessive-punctuation""]","*** Reviews below 👇 ***

The story of king Adinath, a righteous king known for his anger, and Queen Vaishnavi, an innocent girl whose horoscope got her married to the King of the Nine Kingdoms.

This is the kind of book that can make you smile and relax after a bad day and fill your heart with happiness and love!!!

There are moments that will make you laugh, moments that will you make you think, moments that will make you feel good, but mostly moments that will put a smile on your face :)

Step into the beautiful world of Royal love yourself or look at some of the comments from our readers below for a quick sneak-peak

""From ""I cannot understand your silence"" to ""Silence can speak too"" 💗💗💗""

""Made my heart melt😭💗""

""THE STORY IS SO DIFFERENT AND AMAZING especially the bickerings btw second couple and I've no words to describe how beautiful the king and the queen's bond is ❤️""

""The way you portray the emotions and feelings, makes this story too surreal""

""Aww this was so beautiful that I teared up a little please😭💗🦋✨💫🌸""

""This is the most beautiful and elegant way to describe romance""

""This book has the most heart touching man I have ever read""

""Omg finallyy😭💗✨ the line tho- oh my heart😭❤""

""Who confesses oh so casually 😫""

""This is getting close to my heart""

""This is so cute 😍🌸""

""I could not help but smile""

""I read it at one go ....it's really interesting n beautifully written""

""This book is my therapy ❤️""

So ready to step in for the ride?

Note: Updates every Friday at 4:00 PM IST"
True,https://www.wattpad.com/story/3212402,3212402,After the Ink [PUBLISHED],69.6177187589842,6558006,150141,48842,1,"[""Fiction"", ""Romance""]","[""TEEN FICTION"", ""BAD BOY"", ""HIGHSCHOOL"", ""APOLOGIES"", ""BADBOY"", ""BOY"", ""BOYFRIEND"", ""CHEATING"", ""DYLAN"", ""EXBOYFRIEND"", ""GIRL"", ""GIRLFRIEND"", ""GRADUATION"", ""HUMAN"", ""HUMOR"", ""JACOB"", ""KISS"", ""LACEY"", ""LIES"", ""LOVE"", ""PARTY"", ""PROM"", ""REPUTATION"", ""TEENFICTION"", ""YOUNGADULT""]","[""reads=6558006"", ""votes=150141"", ""comments=48842"", ""listing-hits=1""]","PUBLISHED! Now available on Amazon and Kindle Unlimited!

Lacey Reyes seems to have it all: parents who love her, a best friend who is always there for her, and a boyfriend who might be the one. Then life comes crashing down at the end of her junior year of high school when she loses her parents in a car accident and her boyfriend cheats on her. Still grieving, she moves in with her aunt, ends her relationship, and just wants everything to work in her favor again.

Coming back from a stress-free summer, she's ready to take on her senior year without any obstacles. What she doesn't expect is to catch the attention of Dylan Parker, the mysterious boy with a bad reputation. And to top it all off, her ex is aiming to mend their broken bond. Should she forgive the boy who broke her heart and says he's still in love with her? Or should she give her heart to a new boy who makes her feel alive again, but comes with some serious baggage?

[Previously titled Her Tattoo]

SEQUEL: Maid in Ink

[Disclaimer: due to copyright reasons, chapters have been taken down]"
True,https://www.wattpad.com/story/12671173,12671173,OMEGA (Under Rewrite),69.53748746230515,6437966,173165,42350,1,"[""Fiction"", ""Paranormal""]","[""WEREWOLF"", ""WEREWOLVES"", ""ALPHA"", ""BULLIED"", ""CONFUSION"", ""FOREST"", ""FREEDOM"", ""FRIENDS"", ""HURT"", ""JEALOUSY"", ""LOSS"", ""LOVE"", ""OMEGA"", ""ROUGES"", ""TEXTTOSPEECH"", ""WATTYS2016"", ""WOLVES""]","[""reads=6437966"", ""votes=173165"", ""comments=42350"", ""listing-hits=1""]","She's the Omega; he's the Alpha's son.

Her life's been full of pain; his has been full of parties, popularity, and potential.

She's filled with shame; he's filled with pride.

She's had to learn independence; he doesn't know the meaning of the word.

No guy would want to be seen dead with her; he's got girls begging for his attention.

She's accepted she's nothing; his ego is the size of the sun.

She's the shadow; he's the light.

They're from completely opposite ends of the spectrum.

How can two people have both lived for the same amount of years but the outcomes be so different?

And can you believe that they used to be best friends when they were younger?

How will they react when they both find out that they're predestined mates?

And what happens when they're forced to work together to help protect the Pack?

Read 'OMEGA' to find out!

This story is completed but soon to be under major construction so apologies for any plot holes/time gaps/confusion that may occur until it's finished!!

The cover was made by 0LizzyBrown0 :)"
True,https://www.wattpad.com/story/155084955,155084955,The Marriage Law - A Slytherpuff Story ✓,69.5254165743558,6420097,180980,186622,1,"[""Fanfiction"", ""Romance""]","[""FANFIC"", ""WIZARDING WORLD: HARRY POTTER"", ""ARRANGED"", ""ARRANGEDMARRIAGE"", ""BLAISEZABINI"", ""COMPLETED"", ""COUPLE"", ""DRACO"", ""DRACOMALFOY"", ""HARRY"", ""HARRYPOTTER"", ""HOGWARTS"", ""HOUSE"", ""HUFFLEPUFF"", ""LOVE"", ""MALFOY"", ""MARRIAGE"", ""MARRIAGELAW"", ""PANSYPARKINSON"", ""POTTER"", ""SCHOOL"", ""SLYTHERIN"", ""SLYTHERPUFF"", ""TEXTTOSPEECH""]","[""reads=6420097"", ""votes=180980"", ""comments=186622"", ""listing-hits=1""]","Now that the war is over, Katherine Bright goes back to Hogwarts to finish her studies, but she's not the only one returning.

She was hoping for a peaceful and normal last year, but with a new law in the way, things don't go as planned.

""Her eyes wandered towards the Slytherin table, where she accidentally locked eyes with someone. She recognized him in a heartbeat, one just couldn't not know those grey eyes and platinum blonde hair.""

COMPLETED

SPIN-OFF // In Your Shadow [COMPLETED]"
True,https://www.wattpad.com/story/300237069,300237069,MISTRESS OF NATURE,69.05793134284528,5764917,368227,100623,1,"[""Fantasy"", ""Fiction"", ""Adventure"", ""Romance""]","[""MAGICAL KINGDOMS"", ""BETRAYAL"", ""COMPLETED"", ""DEITY"", ""ENGLISH"", ""FAMILY"", ""FRIENDSHIP"", ""KINGDOM"", ""LOVE"", ""MISTRESS"", ""NATURE"", ""POWER"", ""QUEEN"", ""RAGE"", ""REVENGE"", ""ROYALTY"", ""TEST"", ""WATTPADORIGINALS""]","[""reads=5764917"", ""votes=368227"", ""comments=100623"", ""listing-hits=1""]","Betrayed by the people she once loved, cared for, and protected, Queen Gatria is determined to make everyone suffer and feel her wrath. With the intent of saving her sisters while executing her revenge, can the Mistress of Nature carry out her plans and succeed in time?

******

Finally free from being held captive for two centuries, Queen Gatria Valen Balsatra sets on a quest to free her sisters and exact her revenge. With her heart full of wrath, she is prepared to slaughter everyone who would stand in her way, her ex-lover included. Now faced with numerous betrayals and hindrances, Queen Gatria is put to the test. Can she save her people and live up to her role as the Mistress of Nature and overseer of Azitrea? Or will her unending rage cause everything to crumble down and die?

[ BOOK 2 OF AZITERA: YTHER'S QUEEN ]

CECELIB | C.C.

COVER: Regina Dionela"
True,https://www.wattpad.com/story/31760,31760,The Psychic Next Door,68.92528562245874,5591502,119428,21410,1,"[""Paranormal"", ""Fiction"", ""Mystery"", ""Supernatural""]","[""OCCULT & AFTERLIFE"", ""SUPERNATURAL CREATURES"", ""WITCHES"", ""CREATURE"", ""CURSE"", ""DEMON"", ""DONTREADTHISATNIGHT"", ""GHOST"", ""HAUNTED"", ""HAUNTING"", ""HEARTBREAK"", ""MAGIC"", ""MONSTER"", ""NEWADULT"", ""PSYCHIC"", ""SPIRIT"", ""SPIRITS"", ""TEXTTOSPEECH"", ""WATTPADSTARS""]","[""reads=5591502"", ""votes=119428"", ""comments=21410"", ""listing-hits=1""]","Rachel Vaughn is being hunted by something... unexplainable. And she can't help but think it has something to do with Luc, the handsome but mysterious guy who lives next door.

{ Book I of The Psychic Curse }

After her boyfriend cheats on her, Rachel Vaughn needs a fresh start. She finds it in a new apartment, and despite having some seriously weird neighbours, she quickly settles into her new home. But her cozy little apartment soon becomes hostile as strange things start happening. Small things start to go missing, she hears voices at night, and once... once Rachel swore she heard a growl.

Though her friend Polly fears Rachel may be losing her mind, it soon becomes clear that Rachel is being hunted by something... unexplainable. And she can't help but think it has something to do with Luc, the handsome and mysterious guy who lives next door.

Eerie, thrilling, and romantic, The Psychic Next Door twists, turns and tortures you until its heart-stopping climax.

Rankings

-----

Previously featured on Wattpad

Featured on the Wattpad Stars profile

#1 in #Psychic

#1 in #Spirit

#1 in #Haunting / #Haunted

#2 in #Ghost

#3 in Paranormal"
True,https://www.wattpad.com/story/11384798,11384798,ALMOST A BRIDE (Open On Annie),68.90706870367715,5568097,215951,23487,1,"[""Fiction"", ""Romance"", ""Comedy""]","[""HUMOR"", ""ROMANTIC COMEDY"", ""FIRST LOVE"", ""ARRANGEDMARRIAGE"", ""BEACH"", ""CHICKLIT"", ""COCKY"", ""COMEDY-ROMANCE"", ""CONTEMPORARY"", ""FASHION"", ""FASHIONDESIGNER"", ""FIRSTLOVES"", ""FUNNY"", ""HEARTBREAK"", ""HUSBAND"", ""HUSBANDANDWIFE"", ""LOVE"", ""LOVESTORY"", ""PASSION"", ""SEXY"", ""TEXTTOSPEECH"", ""TRAVEL"", ""WEDDING""]","[""reads=5568097"", ""votes=215951"", ""comments=23487"", ""listing-hits=1""]","(#1 ChickLit) Annie is having a very bad day! First, she walks in on her boyfriend having sex with another woman (the kinky kind), then she accidentally gets arrested and loses her job. Unfortunately for Annie, her very bad day lands up turning into a very bad year.

So when her sister invites her on Holiday to Mauritius, she jumps at the opportunity to get away from it all. But her holiday soon turns into a nightmare when she discovers her ex and 'the other woman' are staying at the same resort. #Anniesbigday

Enter Chris, a cynical screenwriter with a bad case of writers block, who agrees to play her 'pretend boyfriend'- so she doesn't land up looking like the single, lonely, pathetic ex."
True,https://www.wattpad.com/story/125047432,125047432,Her Younger Mate (Old Version),68.8835436298196,5538017,205977,29297,1,"[""Fiction"", ""Paranormal"", ""Action"", ""Comedy"", ""Romance""]","[""WEREWOLF"", ""WEREWOLVES"", ""HUMOR"", ""LOVE"", ""SARCASM"", ""SECRETS"", ""TEENFICTION"", ""TEXTTOSPEECH"", ""WATTPRIDE"", ""WOLF"", ""WOLFPACK"", ""YOUNGADULT""]","[""reads=5538017"", ""votes=205977"", ""comments=29297"", ""listing-hits=1""]","The edited version of this book is being updated under the name ""That's Inappropriate, Mr. King.""

Twenty-two-year-old Anna wonders if she will ever find her mate. After her brother suggests that she should go to her original pack and try her luck, she decides to move there and gets her first job as a high school teacher. She had dreamed about her mate for very long time, but when she finds him, he is nothing like she expected...

~*~*~*~*~*~*~*~*~*~*~*~*~*~*

""Mr. King, what can I help you with?""

""Mate..."" He growled... A conflicted look in his eyes.

""I knew this would happen, but I told you, we have to wait-""

He scoffed, interrupting me.

""I Caleb King, re-""

Now, I interrupted him... with a kiss. I know I should not be doing this, but I have been looking for him for so long and I just needed to do this... At least once. A real kiss with my mate.

I expected him to pull away but he put his hands on my lower back and pulled me closer to him. I could feel sparks and a happiness and tranquility invaded my body. It just felt right and I wanted more, but I knew how this would end. I felt the tears running down my cheeks. I stepped back, interrupting the kiss. He whimpered a little bit and for a second I saw adoration in his eyes, but he pushed it back, giving me a blank stare.

""I am sorry. I needed to do this. You can reject me now.""

He looked a little taken aback.

""You were going to reject me. I just thought we both needed to experience this only once. You are the future Alpha, so I should not be the one to break the bond. Please do it now!"" I do not why, but I wanted him to do it. After all, he was going to do it before and I did not want a kiss to change his mind.

""I Caleb King, reject you Anna Amores as my mate.""

I think I could hear my heart break in that second.

""I Anna Amores, accept your rejection, Alpha, and I wish the best for you, always.""

I gave him an honest smile... And he left, without looking back...

~*~*~*~*~*~*~*~*~*~*~*~*~*~*"
True,https://www.wattpad.com/story/46973836,46973836,Waffle Cones (#1),68.76173610126182,5384849,369925,81306,1,"[""Fiction"", ""Romance""]","[""SHORT STORY"", ""FANFIC"", ""MIRACULOUS LADYBUG"", ""BOYFRIEND"", ""CALL"", ""DIALOGUE"", ""DYLANOBRIEN"", ""FEATURED"", ""FRIEND"", ""HEARTBREAK"", ""HIGHSCHOOL"", ""HUMOR"", ""ICECREAM"", ""LOVE"", ""RELATIONSHIP"", ""SHORT"", ""SHORTSTORY"", ""STORY"", ""SWEET"", ""TEEN"", ""TEXTTOSPEECH"", ""WATTPAD""]","[""reads=5384849"", ""votes=369925"", ""comments=81306"", ""listing-hits=1""]","""Hello?""

""Um, hey?""

""Wait, you don't sound like my Aunt Kathy.""

""Unless I was miraculously converted into a member of the opposite gender and somehow related to whoever is on the other side of this call, then yeah. I'm not your Aunt Kathy.""

""Oh, shiitake mushrooms.""

- - - - - - - - - - - - - - - - - - - - - - - - - - - - - - - - - - - - - - - -

Short Story #1 (19/04/18)

2016 Fiction Awards Finalist

© 2015 evethespy."
True,https://www.wattpad.com/story/81837725,81837725,My Darling Little Kitten | ✓,68.62278629241656,5215291,124323,32496,1,"[""Fiction"", ""Paranormal""]","[""WEREWOLF"", ""WEREWOLVES"", ""AFRAID"", ""ALPHA"", ""CONTROL"", ""FEAR"", ""KITTEN"", ""LITTLE"", ""LOVE"", ""MATE"", ""OMEGA"", ""PACK"", ""ROWANBLANCHARD"", ""SCARED"", ""SHY"", ""STEPHENJAMES"", ""TATTOOS"", ""TEXTTOSPEECH"", ""TINY""]","[""reads=5215291"", ""votes=124323"", ""comments=32496"", ""listing-hits=1""]",""" I brought you a surprise Alpha "" The one holding me, Jaxon I suppose said.

The alpha lifted his head and it was as if the world froze. His green eyes were mesmerizing to look into and he had soft pink lips that were just kissable. I studied the rest of him for a bit until looking back into his eyes which were pitch black dark. He got up and made his way over to us. He was about 6'5 and held more power than I could hold in my entire life.

Once in front of us he took me from Jaxon softly holding my scruff and laid me on the palm of his other hand and as an instinct I curled up into the tiniest ball I could form which was just a bit bigger that a tennis ball

"" Leave us "" He said to the men who quickly left and went back outside to guard. When the doors slammed shut it made me jump and shiver but the shivering soon subsided when the alpha put his hand on my back and started petting me which made me purr lowly. When I opened my eyes he was staring straight at me and had serious face on.

"" You are mine now kitten ""

************************

This was one of my first books on Wattpad so please spare me. I know it isn't high quality reading as it was very rushed so don't be triggered when we jump from plot to plot."
True,https://www.wattpad.com/story/5949534,5949534,"Light as a Feather, Stiff as a Board",68.41262878647753,4968929,134387,58658,1,"[""Paranormal"", ""Fiction"", ""Horror""]","[""GHOSTS"", ""CURSE"", ""EXORCISM"", ""TEEN"", ""TEXTTOSPEECH""]","[""reads=4968929"", ""votes=134387"", ""comments=58658"", ""listing-hits=1""]","This is the original, unedited version of Light as a Feather, Book #1. This book was the inspiration for the Hulu Original Series.

The revised version is now available in bookstores throughout the USA & Canada from Simon Pulse.

McKenna Brady thinks her junior year of high school is going to be the best ever when she's welcomed into the elite group of popular girls at Weeping Willow High School led by blonde, gorgeous Olivia Richmond. Prior to junior year, McKenna was known in her small town as the girl whose twin sister died in a tragic house fire, and she's overjoyed at the prospect of redefining her identity. She has a date to the Homecoming dance with Olivia's handsome older brother, and a good chance of being elected to student council. For the first time since McKenna's parents divorced, things are looking up.

But everything changes the night of Olivia's Sweet Sixteen sleepover birthday party. Violet, the shy, mysterious new girl in town, suggests that the girls play a scary game called Light as a Feather, Stiff as a Board, during which Violet makes up elaborate stories about the future ways in which beautiful Olivia, brassy Candace, and athletic Mischa will die. The game unsettles McKenna because she's already escaped death once in her life, but she doesn't want to ruin her friends' fun. It's only a game, she reminds herself."
True,https://www.wattpad.com/story/69053665,69053665,To Bewitch A Beast,68.17847339070858,4708117,203248,27056,1,"[""Fiction"", ""Historical"", ""Drama"", ""Romance""]","[""HISTORICAL FICTION"", ""REGENCY"", ""ADULT"", ""ANGST"", ""BEAST"", ""BEAUTYANDTHEBEAST"", ""BRIDGERTON"", ""COMPLETED"", ""EVERARDSERIES"", ""FAMILY"", ""FEATURED"", ""FORBIDDENLOVE"", ""HISTORICALFICTION"", ""HISTORICALROMANCE"", ""HISTORY"", ""LORD"", ""LOVE"", ""LOVESTORY"", ""MARRIAGE"", ""SECRETS"", ""SERIES"", ""WATTPADORIGINALS""]","[""reads=4708117"", ""votes=203248"", ""comments=27056"", ""listing-hits=1""]","""Deliciously captivating! It's the perfect amount of laughs, love and drama. You won't be able to put this book down!"" - Grace K @ HQ.

When Agatha becomes the Everard's governess, she's grateful for a way to escape her dark past. That is until her growing feelings for the mysterious Lord of the house begin to present an even greater risk.

*****

The Everard's are one of the most esteemed families in Wickhurst. And Benedict, the Lord of Devonshire and the eldest of the clan, is as mysterious and brooding as anyone The Town has ever seen. His face is marked with scars, and no one dares to speak on how he got them. Known to all as 'the beast,' the townsfolk tremble in his wake. But little does he know that he is about to meet his match in Agatha Blair, his sisters' new governess. Agatha is witty, smart and gives him a run for his money when he tries to peel back the layers of who she really is. She truly intrigues him more than any woman he has met but she is a governess and he is a Lord. The Town would shun the union of two people from different stations and any romance between them is surely a recipe for social disaster! But what can they do when the burning hot feelings refuse to relent? And when Benedict uncovers that Agatha is hiding a secret far more dangerous than anything he could have imagined, will love save the day and will Agatha finally tame the beast?

*This story is a standalone title in the Everard Family series.

[Now a Hachette Audiobook!]

[[word count: 100,000-150,000 words]]"
True,https://www.wattpad.com/story/89990411,89990411,Finding Humanity,67.89316359241205,4408758,256777,63736,1,"[""Horror"", ""Fiction"", ""Action"", ""Dystopian"", ""Romance"", ""Thriller""]","[""ZOMBIES"", ""ACTION AND THRILLER"", ""SURVIVAL"", ""ALTERNATE"", ""AMERICAN"", ""APOCALYPSE"", ""DEATH"", ""DISASTER"", ""FRIENDSHIP"", ""FUTURE"", ""HOPE"", ""LOVE"", ""LOVERS"", ""LOVESTORY"", ""NEWADULT"", ""RELATIONSHIPS"", ""SCARY"", ""SUSPENSE"", ""UNDEAD"", ""WATTPADORIGINALS"", ""ZOMBIE""]","[""reads=4408758"", ""votes=256777"", ""comments=63736"", ""listing-hits=1""]","Now on WEBTOON! Read the official Finding Humanity adaptation.

*****

After escaping a stalled elevator into a zombie apocalypse, Emily must learn how to trust people again or risk losing everything in this terrifying world.

*****

For Emily, every day of the last two years have been a blur. She keeps her head down, takes her college courses online, and only goes out to work at her mandatory internship. But all that changes on the day the office elevator breaks down, leaving her trapped when the screams begin. And when the doors finally open, revealing a dystopian world ruined by bloody teeth and disease, Emily is launched into a terrifying run for her life, caught between the strangers she's not sure she can trust and the man-eating monsters that hunger for her flesh. Now she must learn not only how to survive in this new and dangerous world, but also how to overcome her own inner demons before they cost her something more precious than her life.

[[Wattys' Shortlist]]

[[Promoted by AMC]]

Content and/or Trigger Warning: The story contains some gore, violence, strong language, and dark themes.

[[word count: 100,000-150,000 words]]"
True,https://www.wattpad.com/story/908497,908497,My Brother's Best Friend,67.75229396766363,4268048,82716,17682,1,"[""Fiction"", ""Romance"", ""Drama""]","[""HUMOR"", ""ENEMIES TO LOVERS"", ""HIGHSCHOOL"", ""COMPLICATED"", ""LOVE"", ""RELATIONSHIP"", ""TEEN"", ""TEXTTOSPEECH""]","[""reads=4268048"", ""votes=82716"", ""comments=17682"", ""listing-hits=1""]","Sophie's parents have shipped her off to a boarding school in Spain that can provide a better education for her. Now, after two years, her grades have improved and her parents have allowed her to come home to finish her last two years of school and graduate with the class she started out with. After a pervious heartache Sophie vows not to get too attached to any guys but that might be harder then she previously thought.

Zac Sanders is her brother's best friend, and the biggest jerk she knows. He's your regular high school heart throb that has a reputation to contain. Zac and Sophie had never been friends, they had despised each other before she left. But, they say there's a thin line between love and hate and their about to test that theory.

Will Zac let his ego get in the way of love? Will Sophie be able to risk the chance of another heartache? Will Sophie be starting her last year as a senior in love or heartache?"
True,https://www.wattpad.com/story/16876944,16876944,"Plunder (The Pirate King Series, Book 1)",67.41670424731488,3950666,140180,21656,1,"[""Fiction"", ""Historical"", ""Action"", ""Adventure"", ""Romance""]","[""HISTORICAL FICTION"", ""18TH CENTURY"", ""WAR AND MILITARY"", ""ACTION AND THRILLER"", ""AUDIOBOOK"", ""BADBOY"", ""DANGER"", ""DIVERSITY"", ""HACHETTEXWATTPAD"", ""HISTORICALFICTION"", ""KIDNAPPED"", ""LATINA"", ""LIES"", ""LOVE"", ""LOVESTORY"", ""OCEAN"", ""PIRATES"", ""SECRETS"", ""SHIPWRECK"", ""STRONGFEMALELEAD"", ""SURVIVAL"", ""WATTPADORIGINALS"", ""WATTPADSTARS"", ""WENEEDDIVERSEBOOKS"", ""YOUNGADULT""]","[""reads=3950666"", ""votes=140180"", ""comments=21656"", ""listing-hits=1""]","He just wants her booty, but she'll end up stealing his heart.

*****

After pirates kidnap seventeen-year-old Ana in a case of mistaken identity, the orphaned housemaid prepares for the worst. Instead, between a shipwreck, mutiny, and her growing feelings for her captor -- the dashing Pirate King of the Caribbean, Alestair Kincade -- Ana soon realizes the secret she keeps is far from the most dangerous part of her new life. But playing the wholesome daughter of a Spanish admiral among rag-tag buccaneers isn't easy either, and to avoid both discovery and the gallows she'll have to learn to rely on more than just her wits and her charm. But is Alestair Kincade really on her side? Or will his protection and his love both disappear the moment he learns the truth?

Book Two of The Pirate King Series is called SCUTTLE (formerly The Reluctant Pirate Queen)

[Now an audiobook from Hachette, Powered by Wattpad]

[word count: 90,000-100,000 words]

PLUNDER (Book One in The Pirate King Series) © 2014 by R.S. Kovach. All rights reserved. No part of this work may be reproduced without the author's written permission.

Cover designed by Ren T"
True,https://www.wattpad.com/story/805328,805328,A Siren's Crown (Book Two in the APK Trilogy),67.22288507042254,3778230,132012,38035,1,"[""Adventure"", ""Fiction"", ""Mystery"", ""Romance"", ""Supernatural""]","[""ACTION AND THRILLER"", ""APK"", ""BONES"", ""DRAGONS"", ""ELVES"", ""LOVE"", ""MAGIC"", ""MERMAID"", ""OBSIDIAN"", ""OCEAN"", ""PIRATE"", ""PIRATES"", ""SIREN"", ""TEXTTOSPEECH"", ""WORLDBUILDING"", ""YOUNGADULT""]","[""reads=3778230"", ""votes=132012"", ""comments=38035"", ""listing-hits=1""]","Book Two in the A Pirate's Kiss Trilogy

(Original Title - A Pirate's Kiss: Sunken Treasures)

Circe is back and she is up in the air. Literally. She is a guest at the Royal Air Temples and with Nathaniel back by her side, she suddenly feels as though she can take on the world. But the world might be slightly bigger than Circe has expected.

What is she to make of the Queen of the Air, who seems to hold all the answers to Circe's questions in the palm of her hand, both those she has asked, and those which she is still to ask? And what of Prince Zalas, the white eyed boy who radiates an untamed and mysterious power from every pore?

Meanwhile the dark and dangerous Obsidian Bones waits for her just outside the Kingdom walls with perhaps the biggest secret of them all ...

Everything has changed from that fateful day that Circe was snatched in the night. Her questions begin to outweigh the answers she is receiving and when a shocking truth is revealed, will her priorities change in order to protect the one that she loves most? Or will she find the strength to let him go?"
True,https://www.wattpad.com/story/110097690,110097690,Until You,66.9735022535958,3567386,194255,11842,1,"[""Fiction"", ""Historical"", ""Drama"", ""Romance""]","[""HISTORICAL FICTION"", ""REGENCY"", ""BABY"", ""BRIDGERTON"", ""COMPLETED"", ""CUTE"", ""DAUGHTER"", ""DUKE"", ""ENGLAND"", ""FALLINGINLOVEAGAIN"", ""FAMILY"", ""FATHER"", ""HAPPYENDING"", ""HISTORICALFICTION"", ""JEALOUSY"", ""LOVE"", ""LOVESTORY"", ""MOTHER"", ""ROMANTIC"", ""SECONDCHANCE"", ""SWEET"", ""WATTPADORIGINALS"", ""WEALTH""]","[""reads=3567386"", ""votes=194255"", ""comments=11842"", ""listing-hits=1""]","With her family bankrupt and the man she loved now married to another woman, Gretchen decides to move to London to fix what's left of her life. Returning to San Francisco a failure is not an option, so she takes on the only job she can find - one that involves a baby, a man, and unfortunately, love.

*****

Ethan Williams is done with love. Scorned and left by his wife, his life's goal is to acquire more wealth and travel the world. But one morning, he wakes up to find an infant on his doorstep. Left with no choice, Ethan hires a nanny to care for the child. When he begins to feel his heart respond to the presence of the new nanny, he is certain his life just took a turn for the worse - and he is determined to rid himself of every silly notion of love.

[[Word Count: 80,000-90,000]]

Cover design by Cil Ojumo"
True,https://www.wattpad.com/story/411193048,411193048,The Billionaire's Unwanted Bride (Completed),66.26459111313414,3030114,96097,10615,1,"[""Romance"", ""Fiction"", ""Drama""]","[""CONTRACT RELATIONSHIP"", ""BAD BOY"", ""BILLIONAIRES AND CEOS"", ""ARRANGEDMARRIAGE"", ""BILLIONAIRE"", ""CEO"", ""COLDMALELEAD"", ""DARKROMANCE"", ""DESIROMANCE"", ""EMOTIONAL"", ""FIRSTLOVES"", ""FIRSTSTORY"", ""FORCEMARRIAGE"", ""GRUMPYXSUNSHINE"", ""HEFALLSFIRST"", ""INDIA"", ""LOVE"", ""RICHBOY"", ""SLOWBURN"", ""SUSPENCE"", ""TRENDING"", ""WATTPAD"", ""WATTPADFANFICTION"", ""WATTPADINDIA"", ""WATTPADROMANCE"", ""WEDDING""]","[""reads=3030114"", ""votes=96097"", ""comments=10615"", ""listing-hits=1""]","🥇 #1 in Wattpad

🥇 #1 in WattpadIndia

🥇 #1 in WattpadRomance

🥇 #1 in WattpadFiction

🥇#1 in WattpadFanFiction

🥇 #1 in FirstStory

🥇#1 in Firstloves

🥇#1 in Wedding

🥇 And so many more rankings that still feel unreal to me!

(13.06.2026)

On the day of his wedding, Dhruv Malhotra was left at the altar.

Humiliated.

Betrayed.

Enraged.

And somehow, Riya ended up paying the price.

Now trapped in a marriage neither of them wanted, Riya becomes the target of a man who looks at her like she ruined his life.

Dhruv hates her.

Riya fears him.

But behind closed doors, hatred slowly begins to blur into something far more dangerous.

Because in a marriage built on revenge...

someone is bound to fall first."
True,https://www.wattpad.com/story/158008243,158008243,A Twist Of Marvel || Infinity War,66.1651745616429,2961538,157954,43479,1,"[""Fanfiction"", ""Superhero""]","[""FANFIC"", ""MARVEL"", ""ANNEHATHAWAY"", ""ATWISTOFMARVEL"", ""AVENGERS"", ""BLACKPANTHER"", ""CAPTAINAMERICA"", ""GENERALOFLOKI"", ""GOTG"", ""GUARDIANSOFTHEGALAXY"", ""INFINITYWAR"", ""LOKI"", ""LOKILOVE"", ""LOKIODINSON"", ""LOSTINMARVEL"", ""MARVELUNIVERSE"", ""NAOMISWANSON"", ""ODINSON"", ""PETERPARKER"", ""STUCKINMARVEL"", ""TEXTTOSPEECH"", ""THANOS"", ""THOR"", ""TONYSTARK"", ""TRAPPEDINMARVEL"", ""TWIST""]","[""reads=2961538"", ""votes=157954"", ""comments=43479"", ""listing-hits=1""]","""KNOWLEDGE IS POWER, BUT IGNORANCE IS BLISS.""

Naomi Swanson is fresh out of college, working as an assistant in a small paper supply company and inhaling coffee by the gallons. When an accident knocked her out, Naomi woke up in a world she had only seen through screens.

Armed only with her phone and a questionable data plan, Naomi attempts not to be killed as she comes face-to-face with the Avengers, and so much more.

Winner in Fanfiction Category | Watty Awards 2020

Cover by @zaramartinez-

Spanish Translation available: @CrazyCattGirl

French Translation available: @chrisebass

Infinity War Spoilers!

Disclaimer: Some explicit language will be used throughout this book. Do not read if you cannot handle light swearing. No sexual content.

Disclaimer pt. 2: I do not own Marvel or any of the characters aside from Naomi Swanson. (Don't sue me Disney.)"
True,https://www.wattpad.com/story/99343757,99343757,How To Be The Best Third Wheel,66.1588495644548,2957228,213315,134419,1,"[""Fiction""]","[""HUMOR"", ""SOCIAL THEMES"", ""GROWTH AND SELF-DISCOVERY"", ""AWARDWINNER"", ""AWESOME"", ""BADBOY"", ""BESTFRIENDS"", ""BOYFRIEND"", ""COMPLETED"", ""CONTEMPORARY"", ""FEATURED"", ""FRIENDSHIP"", ""FUNNY"", ""HIGHSCHOOL"", ""HILARIOUS"", ""LOVE"", ""LOVEYOURSELF"", ""ROMCOM"", ""SARCASTIC"", ""TEEN"", ""TEENROMANCE"", ""THIRDWHEEL"", ""WATTPADBOOKS"", ""WATTPADORIGINALS"", ""WATTYS2020"", ""YOUNGADULT""]","[""reads=2957228"", ""votes=213315"", ""comments=134419"", ""listing-hits=1""]","How To Be The Best Third Wheel is now published as a Paperback & E-book by Wattpad Books!

As a Wattpad reader, you can also now access the Original Edition for free and the Wattpad Books Published Edition here upon purchase.

It's the last year of high school, and everything has changed . . .

*****

After a summer spent in the Philippines, Lara Dela Cruz is eager to start her senior year and, most importantly, reunite with her three besties. But what she did not expect was to show up on the first day of school to all three of her friends now in relationships. Fighting for their attention, catching some new and confusing feelings for long-time frenemy James, and wading through the pressures of post-high-school plans all have Lara reeling. And to make matters worse, Lara's beautiful and untrustworthy cousin conveniently appears and wiggles her way right between her and James' budding relationship. Feeling like a third wheel in more ways than one, Lara must learn to accept that change is inevitable, love is complicated, and being the odd one out is sometimes where inner power is found.

[[Word count: 100,000-150,000 words]]

Cover design by Jill Caldwell

Wattys 2020 YA fiction Winner

Wattpad Books Prize Winner"
True,https://www.wattpad.com/story/82282897,82282897,Of Beauties And Beasts,66.14298191325584,2946443,122801,10422,1,"[""Fiction"", ""Historical"", ""Romance""]","[""HISTORICAL FICTION"", ""REGENCY"", ""BEAUTYANDTHEBEAST"", ""COMPLETE"", ""FAMILY"", ""FORCED"", ""HISTORICAL-FICTION"", ""HISTORICAL-ROMANCE"", ""HISTORICALFICTION"", ""HUSBAND"", ""LADIES"", ""LORDS"", ""LOVESTORY"", ""TEXTTOSPEECH"", ""TRUELOVE"", ""WATTYS2017"", ""WIFE""]","[""reads=2946443"", ""votes=122801"", ""comments=10422"", ""listing-hits=1""]","Highest Rating: #1 in Historical Fiction.

Currently #1 under Historical Romance

Lady Ginny Sherman is forced into an arranged marriage to Lord Stephen Knightly when her parents leave her and her sister alone and destitute after they die in a stagecoach accident. Ginny's life is completely flipped upside down. This man is vile and cold and wants nothing to do with her. And neither does his ex-fiancee.

What she doesn't know is that Stephen has some dark secrets of his own. His past has torn him apart, and Ginny might be just the girl to mend his broken heart. It's a tale as old as time.

Book Cover Copyright- © 2016 by Addietay"
True,https://www.wattpad.com/story/24779337,24779337,Saudade (Published under Indie Pop),66.1293529385252,2937211,144713,40844,1,"[""Adventure"", ""Fiction"", ""Action""]","[""ACTION AND THRILLER"", ""CASTLE"", ""LADY"", ""LORD"", ""OBSIDIAN"", ""PIRATES"", ""PRIMROSE"", ""SAUDADE"", ""TEXTTOSPEECH"", ""TRAGEDY"", ""WESTON""]","[""reads=2937211"", ""votes=144713"", ""comments=40844"", ""listing-hits=1""]","I'm scared of the sea. I can't help but think of the danger it brings. The width and depth seem forever. But I know that someday, I'm going to swallow all my fears and sail into that immense body of menace. Because I have to find him. I have to see him. I have words I haven't told him yet. There are things he needs to know and I don't care if it matters now or it never really mean anything at all. I just have to find him."
True,https://www.wattpad.com/story/105604502,105604502,"Reincarnated as an Alchemist - If i have no cheat then, i just have to make one",66.10508213575353,2920842,94099,15122,1,"[""Adventure"", ""Fiction"", ""Anime"", ""Fantasy"", ""Romance""]","[""ACTION AND THRILLER"", ""ANOTHERWORLD"", ""CHEAT"", ""CONSPIRACY"", ""ISEKAI"", ""NOBILITY"", ""OVERPOWERED"", ""SWORDANDMAGIC"", ""TEXTTOSPEECH"", ""WAR"", ""WATTYS2019""]","[""reads=2920842"", ""votes=94099"", ""comments=15122"", ""listing-hits=1""]","Tale of a Man who was reincarnated into another world as the son of a Saint but his birth was hated by everyone and he was forced to get a class that was seen as an unwanted class, Alchemist. Using his previous world's memories and his wisdom, he was struggling to survive and gained a stable life.

Disclaimer: I don't have the picture on the cover"
True,https://www.wattpad.com/story/88202101,88202101,𝚕𝚞𝚌𝚒𝚏𝚎𝚛'𝚜 𝚍𝚊𝚛𝚕𝚒𝚗𝚐 [𝙸],65.63700923536469,2622411,82761,23097,1,"[""Paranormal"", ""Fiction"", ""Fantasy"", ""Romance""]","[""ANGELS AND DEMONS"", ""ANGEL"", ""DEMONS"", ""DEVIL"", ""GOOD-VS-EVIL"", ""HELL"", ""LOVE"", ""LUCIFER"", ""PLOTTWIST"", ""SOULMATES"", ""TEXTTOSPEECH"", ""WORTHFIGHTINGFOR""]","[""reads=2622411"", ""votes=82761"", ""comments=23097"", ""listing-hits=1""]","NOW PUBLISHED ON AMAZON: SAMPLE AVAILABLE

When you wake up with no memories whatsoever in a place you've never heard of with people you've never met - what do you do? Freak out? Try and retrace your steps? Pretend nothing's wrong?

In the case of Charmeine, it was having a one-to-one with the Anti-Christ.

You know, as one does.

story one

{ ᵖᵃʳᵃⁿᵒʳᵐᵃˡ ᵐᵉᵉᵗˢ ʳᵒᵐᵃⁿᶜᵉ } ©@ᵏᵏᵉʸʷʳⁱᵗᵉˢ ᴬˡˡ ᶜʰᵃʳᵃᶜᵗᵉʳˢ, ⁱⁿᶜⁱᵈᵉⁿᵗˢ, ᵒʳᵍᵃⁿⁱˢᵃᵗⁱᵒⁿˢ ᵃⁿᵈ ᵇᵃᶜᵏᵍʳᵒᵘⁿᵈ ᵃʳᵉ ᶠⁱᶜᵗⁱᵗⁱᵒᵘˢ. ᴺᵒ ᵖᵃʳᵗ ᵒᶠ ᵗʰⁱˢ ᵇᵒᵒᵏ ᵐᵃʸ ᵇᵉ ʳᵉᵖʳᵒᵈᵘᶜᵉᵈ ᵒʳ ᵗʳᵃⁿˢᵐⁱᵗᵗᵉᵈ ⁱⁿ ᵃⁿʸ ᶠᵒʳᵐ."
True,https://www.wattpad.com/story/378954742,378954742,𝐁𝐚𝐝 𝐓𝐞𝐦𝐩𝐞𝐫 || ᴋ. ʙᴀᴋᴜɢᴏ,65.47587024199049,2526893,140264,130247,1,"[""Fanfiction""]","[""FANFIC"", ""MY HERO ACADEMIA"", ""CROSSOVER"", ""XREADER"", ""ANIME AND MANGA"", ""ANGST"", ""BAKUGO"", ""BAKUGOKATSUKI"", ""BAKUGOU"", ""BAKUGOXREADER"", ""DENKI"", ""DENKIKAMINARI"", ""EIJIRO"", ""EIJIROKIRISHIMA"", ""KATSUKI"", ""KATSUKIBAKUGO"", ""MASARU"", ""MHA"", ""MINA"", ""MINAASHIDO"", ""MITSUKI"", ""MITSUKIBAKUGO"", ""MYHEROACADEMIA""]","[""reads=2526893"", ""votes=140264"", ""comments=130247"", ""listing-hits=1""]","""𝐖𝐡𝐲 𝐝𝐨 𝐈 𝐟𝐞𝐞𝐥 𝐥𝐢𝐤𝐞 𝐭𝐡𝐢𝐬?"" - 𝐊. 𝐁𝐚𝐤𝐮𝐠𝐨

𝐒𝐭𝐨𝐫𝐲 𝐈𝐧𝐟𝐨: This story is Slowburn, follows a couple of months after the epilogue and is accurate/realistic.

WARNING: My writing style is very detailed, so if you aren't into detailed writing, please either leave or skip scenes. Please don't leave comments regarding my very detailed writing.

──────── ⋆⋅☆⋅⋆ ─────────

𝐌𝐨𝐫𝐞 𝐢𝐧𝐟𝐨 𝐢𝐧 ""𝐏𝐭: 𝟎 - 𝐢𝐧𝐟𝐨""

𝐔𝐩𝐥𝐨𝐚𝐝 𝐬𝐜𝐡𝐞𝐝𝐮𝐥𝐞:

Every Saturday - Anytime

Every Wednesday - Anytime

𝐆𝐨𝐚𝐥: 45k votes by August 5th"
True,https://www.wattpad.com/story/12001395,12001395,Falling for the Seat Filler,65.30224534386308,2427864,105836,18699,1,"[""Romance"", ""Fiction"", ""Comedy""]","[""ROMANTIC COMEDY"", ""CONTRACT RELATIONSHIP"", ""ACTRESS"", ""AMERICA"", ""ARRANGEDMARRIAGE"", ""CELEBRITY"", ""CONTEMPORARY"", ""FAKEDATING"", ""FRIENDSHIP"", ""HUMOR"", ""KISS"", ""LIFE"", ""LONDON"", ""LOVE"", ""NEWADULT"", ""NEWADULTREADS"", ""NEWADULTROMANCE"", ""RELATIONSHIP"", ""RELATIONSHIPS"", ""ROMANTIC"", ""ROMCOM"", ""SWEET"", ""THESEATFILLER"", ""WATTPADORIGINALS"", ""WATTYS""]","[""reads=2427864"", ""votes=105836"", ""comments=18699"", ""listing-hits=1""]","Seat filler Lincoln Parker never expected to accidentally fall on one knee in front of world-famous superstar Emily Margot. Now, with his face on the cover of every tabloid, he has to pretend to be her lover-and keep hidden his real, growing feelings as their time together starts to run out.

*****

When 23-year-old Lincoln Parker accidentally trips over famous actress Emily Margot, he never imagines that she would ask him to be her pretend fiancé until the scandal-of being caught supposedly proposing to her-blows over in the media. Because he's a relative nobody; just an army medic on leave, moonlighting at award shows as a seat filler. But with his name on the dotted line of their contract, he has to find a way to survive in her Hollywood bubble and also bury his growing anxiety, especially as his leave from the army runs out. Can their budding relationship withstand the distance? Is their love built to last?

[ General fiction #2 chick lit #4 ]

[Wattys 2015 Winner - HQ Love)

[word count: 60,000-70,000 words]

Cover designed by Lucas Fisher

Sequel: The Game Changer"
True,https://www.wattpad.com/story/163214363,163214363,The Mafia's Stolen Daughter,65.06552383375451,2299070,59717,10036,1,"[""Romance"", ""Fiction"", ""Crime"", ""Mystery"", ""Thriller""]","[""ABUSE"", ""CALIFORNIA"", ""CRY"", ""DEPRESSION"", ""FAMILY"", ""GENERALFICTION"", ""GUNS"", ""HIGHSCHOOL"", ""KIDNAPPED"", ""MAFIA"", ""MAFIADAUGHTER"", ""SAD"", ""SIBLINGS"", ""TEENFICTION"", ""TEXTTOSPEECH"", ""WATTYS2020"", ""YOUNGADULT""]","[""reads=2299070"", ""votes=59717"", ""comments=10036"", ""listing-hits=1""]","""No one will ever love you.""

••••••

Imagine stepping into Aubrey Simpson's shoes. You're living a depressing, abusive life and then discover everything you have ever known has turned out to be a complete lie. Your parents aren't even your biological parents and you have to adjust to yet another new school, all while juggling the never-ending downs of your not-so-average teenage life. Not to mention, trying to find out the truth behind why you live your life in complete misery.

And to make matters worse, you learn that you are just the key to a Russian Mafia leader's revenge plan on your father, an Italian Mafia Leader, who has never given up on finding you.

COMPLETED/Book 1"
True,https://www.wattpad.com/story/47198241,47198241,One Chance,65.06022762808048,2296268,107474,11361,1,"[""Fiction"", ""Historical"", ""Romance""]","[""HISTORICAL FICTION"", ""REGENCY"", ""ARRANGEDMARRIAGE"", ""CHILDREN"", ""COMPLETED"", ""DAD"", ""DECEPTION"", ""FAMILY"", ""FATHER"", ""GREED"", ""HISTORICALFICTION"", ""HUSBAND"", ""LIES"", ""LOSS"", ""LOVE"", ""MARRIAGE"", ""MOTHER"", ""NOSTALGIA"", ""RICH"", ""SECONDCHANCE"", ""SWEET"", ""TRUELOVE"", ""TRUST"", ""WATTPADORIGINALS"", ""WIDOW"", ""WIFE""]","[""reads=2296268"", ""votes=107474"", ""comments=11361"", ""listing-hits=1""]","To save her family from financial ruin, Annaliese Dawson agrees to marry a stranger. She knows that the arrangement would probably never lead to love, but as the two begin to trust each other, could it be that they have a chance at true love?

*****

Matthew Cassidy is a widower baronet with three young children. Convinced that his children deserve a mother, a marriage is promptly arranged between Matthew and Annaliese, a pair that have never met, and are complete opposites. What will it take to bring these two together? They have but one chance to get it right.

[[word count: 80,000 - 90,000]]

Cover designed by Morgan Sangster"
True,https://www.wattpad.com/story/32044269,32044269,24 Hours in Paris,64.87688983677003,2203312,57958,9146,1,"[""Fiction"", ""Romance"", ""Comedy""]","[""TEEN FICTION"", ""ROMANTIC COMEDY"", ""ENEMIES TO LOVERS"", ""CHICKLIT"", ""COLLEGE"", ""CONTEMPORARY"", ""CUTE"", ""DIVERSE"", ""ENEMIES"", ""FEMALEPROTAGONIST"", ""FUNNY"", ""HOT"", ""HUMOR"", ""JEALOUSY"", ""KISS"", ""LOVE"", ""NEWADULT"", ""PASSION"", ""RELATIONSHIP"", ""ROMANTIC"", ""ROMCOM"", ""SCHOOL"", ""SECRETS"", ""TEEN"", ""TEENFICTION"", ""WATTPADORIGINALS""]","[""reads=2203312"", ""votes=57958"", ""comments=9146"", ""listing-hits=1""]","Mira finds herself stuck in the city of love with Jake, the playboy athlete she can't stand. What she doesn't expect is for major sparks to fly on their 24-hour adventure. But can this newly-found love last beyond the magic of Paris?

*****

24 Hours in Paris is now published as a Paperback & E-book by W by Wattpad Books

As a Wattpad reader, you can now access both the Original Edition and the W by Wattpad Books Published Edition here upon purchase (PS: a review on Amazon (and also Goodreads) would be very much appreciated, to help get this POC rom com in front of more readers! All the review page links are on my Wattpad profile page :-) )

In the new Published Edition of the book, the characters of Mira and Jake will be older and wiser co-workers in the corporate world, who miss their flight and get stuck spending an extra 24 hours in Paris. They'll start off annoyed with each other, but you know how the story goes...

""Adorably sweet and a brilliant read! It made me feel like I was roaming the streets of Paris without having to leave my couch."" - Grace @HQ

*****

On the last day of their class's college trip to Paris, Mira and Jake get tangled up in a debacle that causes them to miss their flight home to New York. Which means they're stuck in Paris until the next available flight that's 24 hours away! Mira is witty and a lover of art history and good cheese. Jake, on the other hand, is your All-American frat boy with a killer smile. Translation: they can't stand each other.

As they visit places they could never have imagined, Mira and Jake go from mortal enemies to star-crossed lovers with sizzling chemistry. But can their spark last without Paris' cheese and charm to keep it going?

[[word count: 50,000-60,000 words]]

Cover designed by Ray Gardener"
True,https://www.wattpad.com/story/65061168,65061168,Natalie's Diary,64.54508164634935,2039426,97313,29734,1,"[""Fiction"", ""Mystery"", ""Crime"", ""Drama"", ""Thriller""]","[""MYSTERY THRILLER"", ""MURDER"", ""BADASS"", ""DARK"", ""DEATH"", ""DIARY"", ""FILIPINA"", ""FRIENDS"", ""FRIENDSHIP"", ""HIGHSCHOOL"", ""LIES"", ""LOVE"", ""PSYCHOLOGICAL"", ""SCHOOL"", ""SECRETS"", ""SUICIDE"", ""SUSPENSE"", ""TEEN"", ""TEENFICTION"", ""WATTPADORIGINALS"", ""YOUNGADULT"", ""MYSTERY / THRILLER""]","[""reads=2039426"", ""votes=97313"", ""comments=29734"", ""listing-hits=1""]","When Jane Madarang's neighbor Natalie kills herself and leaves behind cryptic instructions, it's up to Jane and her classmates to unearth deadly secrets.

*****

Natalie Driscoll is dead.

She threw herself out a window and left her neighbor Jane to unravel their town's darkest secrets. Following Natalie's instructions leads Jane to three other high school students who all have something to hide. The four of them must carry out Natalie's final errand while solving the mysteries written in her diary. But the secrets they unearth may be far more dangerous than what they ever imagined.

Content and/or trigger warning: This story contains scenes of suicide, violence and murder that may be triggering for some readers.

[[word count: 100,000-150,000 words]]"
True,https://www.wattpad.com/story/115320159,115320159,Havoc | Peter Parker ¹ ✓,64.52832432336847,2031572,70963,114379,1,"[""Fanfiction""]","[""FANFIC"", ""MARVEL"", ""MARVEL: SPIDER-MAN"", ""ORIGINAL CHARACTER (OC)"", ""MOVIE"", ""AVENGERS"", ""COMPLETED"", ""FEATUREME"", ""HOMECOMING"", ""PETERPARKER"", ""SPIDER-MAN"", ""SPIDERMAN"", ""TOMHOLLAND"", ""WATTYS2018"", ""WATTYS2020""]","[""reads=2031572"", ""votes=70963"", ""comments=114379"", ""listing-hits=1""]","[2020 Watty Award Winner!]

[BOOK 1 OF THE HAVOC SERIES]

❝you may be the best web-slinger

around, but you're terrible

at keeping secrets.❞

in which even though peter has a new,

high-tech suit, it doesn't stop a girl with

common sense from discovering his identity.

[ spider-man: homecoming - endgame

extended summary inside

©stilestastic 2018 ]"
True,https://www.wattpad.com/story/393392420,393392420,behind the camera - fake dating romance (wlw),64.3252853099376,1938779,62015,27813,1,"[""Romance"", ""Fiction"", ""Sports""]","[""SLOW BURN"", ""ATHLETE"", ""ATTRACTION"", ""CHEMISTRY"", ""FAKEDATING"", ""FAKERELATIONSHIP"", ""HOCKEY"", ""LGBTQ"", ""LOVESTORY"", ""NEWADULT"", ""PHOTOGRAPHER"", ""POPULAR"", ""ROMANTIC"", ""SLOWBURN"", ""SPORTSROMANCE"", ""STANDALONE"", ""TEMPTATION"", ""WATTYS2025""]","[""reads=1938779"", ""votes=62015"", ""comments=27813"", ""listing-hits=1""]","When a scandal forces hockey star Amelia Bennett into a fake relationship with guarded photographer Harper Lane, neither expects the headlines, or the feelings, that follow. What starts as a PR stunt begins to spark into something real, threatening to expose more than just their hearts.

***

She's the world's best hockey player. She's a heartbroken photographer with nowhere else to go. And they were never supposed to fall in love.

At 24, Amelia Bennett is the most talented hockey player on the planet-chaotic, impulsive, and the last Bennett standing without a ring on her finger. After a very public scandal threatens her sponsorships and reputation, the team's PR crisis plan is simple: clean up her image fast. Step one? A fake relationship. Something that should be easy, right?

Harper Lane has no interest in fame, or falling for another golden boy-or girl-with a spotlight stitched into their skin. After catching her long-term boyfriend cheating, she's sworn off chaos and charm. But when her best friend Audrey begs her to stay with Millie temporarily, Harper finds herself in the middle of a media storm-and somehow agreeing to pretend to be Millie Bennett's girlfriend.

It's only for the cameras. Just long enough to fix Millie's image. Just enough to keep Harper's ex boyfriend off her back.

But fake smiles turn into real moments. Cold shoulders warm under shared blankets. And the girl Harper was warned about-the reckless, beautiful mess, is nothing like the one who makes her tea when she's anxious and kisses her like she means it.

In a house built on secrets, one accidental love story is about to make"
True,https://www.wattpad.com/story/294966028,294966028,DARK MOON: THE BLOOD ALTAR,64.30257024473202,1928665,64959,53553,1,"[""Fantasy"", ""Fiction""]","[""DARK FANTASY""]","[""reads=1928665"", ""votes=64959"", ""comments=53553"", ""listing-hits=1""]","Riverfield, a beautiful town by the ocean, is home to the prestigious Decelis Academy.

It's also home to seven boys with a secret: they may simply seem like players of the famous sport, Nightball, but they're actually vampires.

To escape from their dark past, they try to lead normal lives as students - other than the occasional hitch since their rival Nightball team happens to be made up of werewolves. But in the end, these seven friends always find strength in each other.

Until one day, a new transfer student with curious strength causes the boys' forgotten past to slowly unravel.

DARK MOON: THE BLOOD ALTAR with ENHYPEN

*****

Original story: HYBE

Co-planning: HYBE / NAVER WEBTOON"
True,https://www.wattpad.com/story/26538982,26538982,Swallow,64.25339761531853,1906951,98461,32720,1,"[""Horror"", ""Fiction"", ""Crime"", ""Thriller""]","[""GORE AND MURDER"", ""BULLIED"", ""BULLIES"", ""CANNIBALISM"", ""COMPLETED"", ""CRAZY"", ""CURSE"", ""DARK"", ""DARKMAGIC"", ""DEMON"", ""DEMONS"", ""GORE"", ""GORY"", ""INSANE"", ""KILLER"", ""MAGIC"", ""POSSESSED"", ""POSSESSION"", ""PSYCHO"", ""PSYCHOLOGICAL"", ""SCARY"", ""VOODOO"", ""WATTPADORIGINALS""]","[""reads=1906951"", ""votes=98461"", ""comments=32720"", ""listing-hits=1""]","Swallow is now published as a Wattpad Book! As a Wattpad reader, you can access both the Original Edition and Books Edition upon purchase.

When Mildred wished for death on her bullies, she never expected a demon would possess her and make all her dreams come true...but is it worth her soul?

*****

After years of torment, Mildred, a meek high school student, is determined to seek revenge against her bullying classmates. She intends to curse them with dark magic, punishing them for their cruelty - but in the process Mildred accidentally opens herself up to a terrifying demonic possession. The demon inside her is only too happy to fulfill Mildred's vengeful desires. Bodies start turning up with parts missing, eaten as though mauled by a wild animal...or perhaps something darker. Powerless, Mildred realizes that the murders are changing her in more ways than one...

Content and trigger warning: This story contains scenes of violence, psychological abuse, and gore.

[[word count: 30,000-40,000 words]]

Cover designed by Jay Flores-Holz"
True,https://www.wattpad.com/story/30314433,30314433,Rejection Accepted,63.866163126323976,1763147,53227,3409,1,"[""Fiction"", ""Paranormal""]","[""WEREWOLF"", ""WEREWOLVES"", ""FIGHTER"", ""LOVE"", ""REJECTION"", ""TEXTTOSPEECH""]","[""reads=1763147"", ""votes=53227"", ""comments=3409"", ""listing-hits=1""]","Tamar was the daughter of the Beta in the Lotus Rock pack. She loses her parents in a war and her mate rejects her. Running away, she leaves the memories behind her. For five years, she's alone in a town where no pack lives. Will her life slowly straighten out, or will both Tamar and her wolf give up the fight and join her parents in death?"
True,https://www.wattpad.com/story/94419756,94419756,Coffee Shop,63.58803265412561,1647487,61665,4989,1,"[""Fiction"", ""Romance"", ""Comedy""]","[""SHORT STORY"", ""COLLEGE AND UNIVERSITY"", ""ROMANTIC COMEDY"", ""CHICKLIT"", ""COFFEE"", ""COFFEESHOP"", ""COLLEGE"", ""COLLEGEROMANCE"", ""COMEDY-ROMANCE"", ""COMPLETED"", ""CUTE"", ""FEMALEMAINCHARACTER"", ""HAPPY"", ""HUMOR"", ""LOVE"", ""LOVESTORY"", ""NYC"", ""RELATIONSHIPS"", ""ROMCOM"", ""SHORTSTORY"", ""SIMPLE"", ""TEXTTOSPEECH"", ""UNIVERSITY"", ""YOUNG"", ""YOUNGADULT"", ""YOUNGROMANCE""]","[""reads=1647487"", ""votes=61665"", ""comments=4989"", ""listing-hits=1""]","They meet through simple circumstances, a small joke sparking the love that grows between them.

And it all starts in a coffee shop.

---

Cover by: @annashappy"
True,https://www.wattpad.com/story/9300633,9300633,Rules of a Rebel,63.58897432641925,1636429,77483,39852,1,"[""Romance"", ""Fiction""]","[""BAD BOY"", ""ENEMIES TO LOVERS"", ""ANIMALS"", ""ARCHER"", ""ARTIST"", ""BADBOY"", ""BADGIRL"", ""BULLIED"", ""COCKY"", ""ENEMIESTOLOVERS"", ""FLIRTY"", ""HAZING"", ""HIGHSCHOOL"", ""HUMOR"", ""NEIGHBOR"", ""NERD"", ""OUTCAST"", ""POPULAR"", ""REBEL"", ""TEENFICTION"", ""TEXTTOSPEECH""]","[""reads=1636429"", ""votes=77483"", ""comments=39852"", ""listing-hits=1""]",""" He kisses my wrist, at the spot where the bruises formed. My heart goes into overdrive, sending hot chills all over my body. I stumble in my tracks, gawking, open-mouthed.

'Something wrong?' Archer asks, a hint of a smirk nudging his lips.

I shake my head.

The smirk widens, but he says nothing and we go on. ""

xxx

Peyton's ex-boyfriend has scarred her for life. She vows never to date somebody that is:

a) good-looking

b) popular

c) flirtatious

It's too bad that Archer Raine fits all of those things. It's even worse that he lives right next door."
True,https://www.wattpad.com/story/337308929,337308929,𝑹𝒐𝒐𝒉𝒂𝒏𝒊𝒚𝒂𝒕 ✔,63.53151258856692,1623370,77058,5933,1,"[""Fiction"", ""Romance"", ""Slice of Life""]","[""SHORT STORY"", ""SMALL TOWN"", ""AGE"", ""AGEDIFFERENCE"", ""DIL"", ""GAP"", ""HYZIN"", ""SHORTSTORY"", ""TEXTTOSPEECH"", ""YOUNG""]","[""reads=1623370"", ""votes=77058"", ""comments=5933"", ""listing-hits=1"", ""presentation:very-short-synopsis""]","A tale of love, war and Spirituality."
True,https://www.wattpad.com/story/181604,181604,The Plan,63.48579379715697,1598755,70064,3017,2,"[""Fiction"", ""Mystery"", ""Thriller""]","[""MYSTERY THRILLER"", ""MURDER"", ""EYES"", ""GIRL"", ""GREEN"", ""KILLER"", ""PSYCHOLOGICAL"", ""REVENGE"", ""MYSTERY / THRILLER""]","[""reads=1598755"", ""votes=70064"", ""comments=3017"", ""listing-hits=2""]","1996 is the year when it all began. One man ordered to take everything she cherished. A few others collaborated. Now, fifteen years later, she's out hunting for every one of them. And no one can stop her."
True,https://www.wattpad.com/story/9442446,9442446,The Boy In the Basement (Completed),63.402657285984674,1567709,50372,18789,1,"[""Fiction"", ""Romance""]","[""HUMOR"", ""BAD BOY"", ""ROMANTIC COMEDY"", ""ARROGANT"", ""BADBOY"", ""BASEMENT"", ""CHARMING"", ""CUTEBOYS"", ""FALLINGINLOVE"", ""FUNNY"", ""GOODGIRL"", ""HILARIOUS"", ""HOTTIE"", ""KISSING"", ""LOVESTORY"", ""MOTORCYCLE"", ""OPPOSITESATTRACT"", ""POPULAR"", ""PRANKING"", ""TEEN"", ""TEXTTOSPEECH"", ""TROUBLEMAKER""]","[""reads=1567709"", ""votes=50372"", ""comments=18789"", ""listing-hits=1""]","Bailey Davis has been dragged into babysitting three little troublemakers every Friday for the rest of the year by none other than her mother. But what she soon discovers is not only will she be spending lots of down time with the kids, but another royal pain that happens to live right down the stairs... Who is that, you ask?

Jaxon Bennett: a charming, arrogant, and ridiculously hot bad boy. What will happen during this extreme trial of Baileys patience?

Prepare to be surprised."
True,https://www.wattpad.com/story/332315233,332315233,She Drew Stars Around My Scars,63.277344059919365,1523120,147219,41678,1,"[""Romance"", ""Fiction"", ""Comedy""]","[""CONTRACT RELATIONSHIP"", ""ENEMIES TO LOVERS"", ""ROMANTIC COMEDY"", ""BILLIONAIRE"", ""CRUSH"", ""DESIROMANCE"", ""ENEMIESTOLOVERS"", ""FAKEMARRIAGE"", ""HEARTBREAK"", ""HUSBANDANDWIFE"", ""INDIA"", ""INDIAN"", ""LOVEAFTERMARRIAGE"", ""PAST"", ""ROMCOM"", ""SUSPENSE"", ""TRAUMA""]","[""reads=1523120"", ""votes=147219"", ""comments=41678"", ""listing-hits=1""]","""Do you regret kissing me, Ishika?"" His voice dropped-dark, low, and possessive enough to steal the air from my lungs.

My entire body froze.

Not because I didn't know the answer- But because I did.

My breath hitched, sharp and aching. Regret?

God. If only he knew what that kiss did to me.

His grip didn't loosen. His fingers dug gently into my wrist, grounding me to him, to the heat of his body pressed against my back. I could feel every inch of him-dangerous, intoxicating, magnetic.

""Ishika,"" he rasped again, each syllable laced with something desperate. Something real.

""Do. You. Regret. It?""

I should lie. Say it meant nothing. That it was a mistake.

But my heart?

It was screaming. Screaming for him.

No.

No, I didn't regret it.

I couldn't.

If I had, I wouldn't still feel his taste on my lips.

I wouldn't still be burning from the ghost of his touch.

I wouldn't still be aching for more.

""We wouldn't be kissing for so long...and still not want to let go...if I regretted that,"" I whispered-my voice trembling,

My voice trembled.

""If I regretted it, Veer..."" I whispered, ""...I wouldn't be standing here, craving your mouth on mine again.""

And that's it-

I felt the pull."
True,https://www.wattpad.com/story/76849200,76849200,Crossbones (Kingdom Of Bones #1),62.80994206283487,1385236,9517,3166,1,"[""Fantasy"", ""Fiction"", ""Action"", ""Adventure"", ""Romance""]","[""HIGH FANTASY"", ""-ROMANCE"", ""COMPLETED"", ""ENEMIESTOLOVERS"", ""EPIC"", ""EPICFANTASY"", ""FANTASY-ROMANCE"", ""FANTASYADVENTURE"", ""FRIENDSHIP"", ""FRIENDSTOLOVERS"", ""HIGHFANTASY"", ""LOVE"", ""MAGIC"", ""PIRATE"", ""SISTERS"", ""SWORD"", ""SWORDFIGHTING"", ""TEEN"", ""TREASURE"", ""WATTPADORIGINALS"", ""WITCHES"", ""YOUNGADULT""]","[""reads=1385236"", ""votes=9517"", ""comments=3166"", ""listing-hits=1""]","Crossbones is now published as a Wattpad Book! As a Wattpad reader, you can access both the Original Edition and Books Edition upon purchase.

When the Pirate King dies without an heir, three teens join a deadly treasure hunt to compete for the island throne.

*****

Seventeen-year-old Csilla yearns to prove her strength to the seasoned pirates who underestimate her. Kane, the descendant of a long line of pirate captains, is ready to prove he doesn't need dirty gold or shady deals to live up to his name. And Lorelei is out for revenge, unaware of the secrets of her past and the target on her back. With the king's death, the Trials begin-a bloody treasure hunt where the winner takes the throne. They each have a reason to fight for the coveted Bone Crown, but there are dark tides ahead. Facing battles at sea, a vengeful land god, and dirty deals made amidst a deadly treasure hunt, Csilla, Kane, and Lorelei must remember the most important rule of all-never trust a pirate.

[[word count: 90,000-100,000]]

Book 1 of the Kingdom of Bones series

[[Watty Winner 2017]]"
True,https://www.wattpad.com/story/52775856,52775856,The Dark One: Sequel Nox Haven Series,62.36932152656122,1237406,79473,8748,1,"[""Fantasy"", ""Fiction"", ""Paranormal"", ""Romance""]","[""DARK FANTASY"", ""FAIRIES"", ""HIGHSCHOOL"", ""LOVE"", ""MAGIC"", ""SEQUEL"", ""URBANFANTASY"", ""VAMPIRES"", ""WATTYS2016"", ""WEREWOLVES"", ""WITCH""]","[""reads=1237406"", ""votes=79473"", ""comments=8748"", ""listing-hits=1""]","BOOK TWO IN THE NOX HAVEN SERIES:

When you look in the mirror what do you see? Does your reflection look exactly like you or does it mirror the person you truly are. I can hardly look in the mirror anymore, the boy I loved is dead, and the one I saved cannot be trusted. With a heavy heart I try to wear my armor proudly, now is not the time to worry.

Now, as a sixteen year old girl, I must prepare myself for war. I only hope they don't have me leading the troops because every time I try to make things better they become worse. In a time of chaos I must learn who I can really trust. Who will love you? Who will die for you? And who will betray you? I never expected to find any of those things out when I attended my sophomore year at Nox Haven."
True,https://www.wattpad.com/story/407413016,407413016,Villainess's Vengeance ~ A Rebirth Story,62.363081208317226,1233979,106458,20920,1,"[""Romance"", ""Fiction""]","[""SECOND CHANCE"", ""COLLEGE AND UNIVERSITY"", ""DARK ROMANCE"", ""ABONDONED"", ""BETRAYAL"", ""CHEATING"", ""CHILDHOODSWEETHEARTS"", ""DARKROMANCE"", ""GOTHICROMANCE"", ""GREYCHARACTERS"", ""HAPPYENDING"", ""INDIA"", ""LOVESTORY"", ""MORALLYGREY"", ""REBIRTH"", ""REBORN"", ""ROMANTIC-SUSPENSE"", ""SECONDCHANCE"", ""VILLAIN"", ""YOUNGADULT""]","[""reads=1233979"", ""votes=106458"", ""comments=20920"", ""listing-hits=1""]","""Vi... Viaan, please don't do this.. don't leave me, please come back. It's our wedding day. Plea...please I'm begging you.""

""Do not ever call me again, Ira. It's over between us.""

The line went dead.

That was all it took for him to left me at the Altar for her.

***

~ A REBIRTH STORY

From childhood, Ira Veyansh was always compared to Niya Kapadia.

Niya ~ the maid's daughter who could do everything better. Studies, sports, looks, manners, obedience, everything.

Everyone loved Niya. Ira parents, her brothers, even the family celebrated her like she was one of their own. Birthdays, dinners, small achievements... the praise always went to Niya.

""Ira, you should be more like Niya.""

""I wish Niya was my sister.""

""Take a lesson from Niya.""

Day by day, Ira felt invisible.

Starved for love and attention, she did things she shouldn't have, hurt Niya, humiliated her, even darker.

But nothing worked.

Then came Viaan. Her childhood love. The one she thought would finally make her happy.

But he chose Niya too.

The pain and humiliation were too much for her to handle.

That night, walking alone in the rain after being abandoned at her own wedding, Ira was hit by a truck.

A brutal accident that ended her life.

But life gave her a second chance.

A rebirth.

She remembered everything. Every insult. Every betrayal. Every heartbreak.

And somewhere in that second life... there is this man.

Reevan.

A man she was never meant to cross paths with.

Forbidden.

Yet somehow... tied to her fate.

Now, the question is,

will she let fate repeat itself, or will she change her story?"
True,https://www.wattpad.com/story/1526466,1526466,"Darkly Devoted (Book 1, 2, 3)",62.31815068132546,1230719,32434,4629,1,"[""Paranormal"", ""Fiction"", ""Romance"", ""Supernatural"", ""Thriller""]","[""VAMPIRES"", ""SUPERNATURAL CREATURES"", ""GHOSTS"", ""CHILDHOODFRIENDS"", ""DEMON"", ""FRIENDSHIP"", ""LOVERS"", ""LOVESTORY"", ""LOVETRIANGLE"", ""MAGIC"", ""NEWADULT"", ""POPULAR"", ""PRINCE"", ""ROYALTY"", ""SCHOOL"", ""VAMPIRE"", ""YOUNGADULT""]","[""reads=1230719"", ""votes=32434"", ""comments=4629"", ""listing-hits=1""]","Some bonds are chosen. Others are carved into your soul.

Vivienne didn't believe in vampires until she started to suspect her prince might be one. Which will she sacrifice - humanity or love?

*****

Vivienne lives in a world where girls are chosen to become consorts of royalty, aristocrats and the filthy rich. When she catches the eye of a mysterious prince, she begins to suspect that the elite members of society aren't quite human. Her childhood friend, Blake, warned her about vampires before he died under suspicious circumstances - but now she might be bonded to one of the most powerful undead. Who can she trust? And more importantly - can she stop herself from falling in love?

[[word count: 150,000-200,000 words]]

Cover designed by Anastasia Wright"
True,https://www.wattpad.com/story/45221872,45221872,The Lost Tribe: Maliha the Wanderer (Book 1),62.34866917875987,1230063,72543,9860,1,"[""Fantasy"", ""Fiction"", ""Romance""]","[""DARK FANTASY"", ""DESERT"", ""ELEMENTAL"", ""ELEMENTS"", ""LOVE"", ""REJECTION"", ""RUNAWAY"", ""SELFDISCOVERY"", ""STRENGTH"", ""STRONGFEMALELEAD"", ""TEXTTOSPEECH""]","[""reads=1230063"", ""votes=72543"", ""comments=9860"", ""listing-hits=1""]","*WATTPAD FEATURED STORY 19/07/2018*

Maliha is a wanderer. She has been for the past 3 years. Her journey began the day the man she loved betrayed her for her adoptive sister's hand in marriage. In a heartbroken rage, she stumbles down the mountain away from the only place she has known as home, travelling for years and learning the way of the land. In her journey, she hears tales of the Der surjaz, a clan that is revered for their mystical battle techniques and promiscuous ways of life.

She thought such tales were just a myth. That was until she was caught trespassing on their land. Taken to the heart of the Der Surjaz tribe land, Maliha becomes a prisoner in which the only way she can leave is if she repays her debt. She was eager to leave, that was until she met him. The dark and brooding leader who had no time for love, but neither of them could deny the burning passion that they ignited within each other.

When the past begins to unravel, Maliha is forced to decide whether she will keep running from herself or fight for her place among the people she has come to love."
True,https://www.wattpad.com/story/87633506,87633506,This Would Be Paradise (Book 3),62.20270968985389,1189243,77876,23104,1,"[""Horror"", ""Fiction""]","[""ZOMBIES"", ""INFECTED"", ""TEXTTOSPEECH"", ""UNDEAD"", ""WALKERS"", ""ZOMBIE"", ""ZOMBIESURVIVAL""]","[""reads=1189243"", ""votes=77876"", ""comments=23104"", ""listing-hits=1""]","(Book 3) After a shocking betrayal by someone close to her, Bailey finds herself taken by the mercenaries and handed over to an even worse group of monsters. Led by a cold and calculating scientist, they see immune people as the answer to the infection-no more than test subjects to use for their own gains. Bailey comes to realize that escape may be harder than she expected, even when a familiar face is thrown back into her life. Together, they must attempt to rally the troops and escape their forced imprisonment or else face heinous experiments all done in the name of a vaccine.

The final chapter in Bailey's adventure will push her to the limit to see just how far she will go to protect herself and her friends. Will she stand her ground or will the new world take her down with it?

Copyright @ 2016 by N_D_Iverson"
True,https://www.wattpad.com/story/11748718,11748718,Mail Order Bride Mishap (Into the West #3),62.1798143112837,1184009,41035,9174,1,"[""Fiction"", ""Historical"", ""Western""]","[""HISTORICAL FICTION"", ""19TH CENTURY"", ""FAMILY"", ""FEATURED"", ""HISTORICALFICTION"", ""HUMOR"", ""IRISH"", ""LOGGING"", ""MAIL-ORDER"", ""WATTYS2014""]","[""reads=1184009"", ""votes=41035"", ""comments=9174"", ""listing-hits=1""]","All Fiona O'Toole ever dreamed of was running her own millinery shop and seeing her creations worn on the general public. Easier said than done, if you're a woman, and Irish! Sick of being turned down in business just because she happens to be both those things, with nowhere else to turn except to perhaps a brothel, Fiona O'Toole does the unthinkable: she agrees to be a mail order bride, and travels out west to meet her intended, with the hope she'll be able to open that shop as well.

Unlucky at love and tired of being alone, Edward Townsend sends away for a mail order bride in search of a perfect match without all the fuss and work of courting. But Edward isn't prepared for the woman who answers his ad, or her lofty ambitions, and what happens next is anyone's guess!

Will Fiona be too much woman for the narrow-minded, small town banker, or will Edward be able to tame this ""Wild Irish Rose,"" and in the process perhaps learn something about himself before someone else captures her heart?"
True,https://www.wattpad.com/story/83029435,83029435,Chasing Cecilia,62.10653688796494,1177011,44730,3070,1,"[""Fiction"", ""Historical"", ""Romance""]","[""HISTORICAL FICTION"", ""ARRANGED"", ""CECILIA"", ""FORCED"", ""HISTORICALFICTION"", ""LOVE"", ""LOVE-HATE"", ""MARRIAGE"", ""RORY"", ""SERIES"", ""TEXTTOSPEECH""]","[""reads=1177011"", ""votes=44730"", ""comments=3070"", ""listing-hits=1""]","*It is not love that is blind, but we that are blind to love*

When Cecilia's abusive father gambles her to her childhood enemy, forcing the two to marry, Cecilia sees a chance to escape her father. But will she go from bad to worse stuck in a hate-filled marriage with the man she has despised for eternity, or will their feelings for one another change for the better?

(Highest ranking #1 in historical fiction)

(Undergoing editing as of 12/10/16)"
True,https://www.wattpad.com/story/89006,89006,Fall of the Terran Empire - Traci Ganner series book 1,61.26114760385253,1030063,2888,148,1,"[""Science Fiction"", ""Fiction""]","[""SPACE EXPLORATION"", ""BATTLES"", ""CLOAKING"", ""DEVICE"", ""EMPIRE"", ""FLEETS"", ""GANNER"", ""HYPERSPACE"", ""SCIENCEFICTION"", ""SPACE"", ""STAR"", ""TERRAN"", ""TIME"", ""TRAVEL""]","[""reads=1030063"", ""votes=2888"", ""comments=148"", ""listing-hits=1""]","Resisting the cruel, conquering machine of the mighty Terran Empire, the Orion Star Cluster locks its fledgling navy in combat with one of the most brilliant Terran admirals in its history. But Orion's only chance rests with a discovery made by a young imperial cruiser commander named Traci Ganner. In a routine Pirate patrol, Ganner discovers a new world defended by Strike Fighters; a technology neither the Terran Empire nor Orion Clans possess. In a bid to save them both, Ganner devises a cunning plan, a plan that will come with a terrible price. To succeed, she must secretly unleash an unthinkable force and continue to stay one step ahead of everyone until it is time to reveal the truth. She is pitted in a game of wits against the highest levels of Imperial Command, including the Emperor himself, in order to save her own life, and those she cares for."
True,https://www.wattpad.com/story/195891689,195891689,Dead If You Do,61.36638783805995,958602,53132,20414,3,"[""Fiction"", ""Mystery"", ""Action"", ""Crime"", ""Horror"", ""Paranormal"", ""Romance"", ""Thriller""]","[""MYSTERY THRILLER"", ""MURDER"", ""COLLEGE"", ""DEATH"", ""EDGEOFYOURSEAT"", ""FEATURED"", ""FORBIDDEN"", ""HORROR-THRILLER"", ""LOVE"", ""MURDER-MYSTERY"", ""MURDERMYSTERY"", ""MYSTERY-THRILLER"", ""NEWADULT"", ""ROOMMATE"", ""SUSPENSE"", ""TEEN"", ""TEENFICTION"", ""UNIVERSITY"", ""WATTPADORIGINALS"", ""MYSTERY / THRILLER""]","[""reads=958602"", ""votes=53132"", ""comments=20414"", ""listing-hits=3""]","A campus thriller: suspense, murder & one handsome roommate.

*****

When Haley Bell is offered a scholarship to study at the exclusive Woodcreek College, famous for moulding the world's brightest thinkers, politicians and entrepreneurs, she jumps at the opportunity.

Except when she arrives, the murders start.

In a campus hidden from civilisation in the mountains of Colorado, Haley's classmates are slowly turning up dead. As the bodies pile up and eyes of suspicion turn on her, Haley finds that there's a reason why she was brought to Woodcreek.

And it wasn't to study.

""That opening line will hook you (I still think about it) & it DOESN'T STOP! I binged this like crazy"" - Leah, Sr. Editorial Manager @ HQ

[[word count: 90,000-100,000 words]]

Cover designed by Ellie Sita"
True,https://www.wattpad.com/story/109121418,109121418,The Wrong Number,61.163658406717445,942684,35192,5010,1,"[""Fiction"", ""Romance"", ""Slice of Life""]","[""SHORT STORY"", ""DESTINED LOVE"", ""COMPLETED"", ""CUTE"", ""CUTENESS"", ""DIALOGUE"", ""FLIRTY"", ""LATENIGHT"", ""PHONECALL"", ""SARCASTIC"", ""SHORTSTORY"", ""TALKS"", ""TEEN"", ""TEXTTOSPEECH"", ""WATTPAD""]","[""reads=942684"", ""votes=35192"", ""comments=5010"", ""listing-hits=1""]","*COMPLETED*

#1 on Wattpad -1/12/2018

""Hel-""

""JUDY! WHERE THE FUCK ARE YOU RIGHT NOW? I'M DYING HERE!""

""Uh..shouldn't you call 911 if you're dying?""

***

Where Kenneth Jones accidentally dials a wrong number and finds himself amidst weird conversations, 3 am jokes, flirty and sarcastic comments and maybe between all these he finds the one that may be possibly destined by fate for him."
True,https://www.wattpad.com/story/41235881,41235881,This Is Everything I Didn't Say,61.15678324806145,940479,45663,5405,1,"[""Poetry""]","[""TEXTTOSPEECH""]","[""reads=940479"", ""votes=45663"", ""comments=5405"", ""listing-hits=1""]","Dear whoever you might be,

I hope someday you'll find this and know that this is everything I didn't say.

Copyright © 2015 by CielloMaxin

Highest ranking: #11 in Poetry

#7 in poetry - 10/9/16

#5 in poetry - 10/11/16

#4 in poetry - 10/29/16

DISCLAIMER:

I do not own the photos I use for the covers of my books.

All credits belong to their respective owners."
True,https://www.wattpad.com/story/336651013,336651013,Unbreakable Valeria,60.92856808699936,907475,20551,1004,1,"[""Fiction"", ""Paranormal"", ""Drama"", ""Fantasy"", ""Supernatural""]","[""WEREWOLF"", ""WEREWOLVES"", ""ALPHA"", ""ALPHAFEMALE"", ""BETRAYAL"", ""FIGHTING"", ""GXB"", ""LOVE"", ""LUNA"", ""MATE"", ""PACK"", ""PROBLEMS"", ""QUEEN"", ""STRUGGLE"", ""TEXTTOSPEECH"", ""WOLF""]","[""reads=907475"", ""votes=20551"", ""comments=1004"", ""listing-hits=1""]","Broken by soul, broken by heart. Valeria is Alpha's daughter who has been through lot of loss. She's in no rush finding her mate, so you can imagine what happens when she learns that her mate is arrogant player Alpha Lucas.

---

I was amazed. She's my mate. Those green eyes bore into mine and I tried to go to her while whispering ""mate"".

""No."" That's all she said before heading back to the packhouse.

Published in May 2023

#1 alphafemale 10/2023

#1 gxb 11/2023

#1 pack 12/2023

#1 supernatural 12/2023

#1 struggle 12/2023

#1 drama 1/2024

#1 queen 5/2024"
True,https://www.wattpad.com/story/321691573,321691573,Forest Lake,60.782102047981155,868192,24780,2879,1,"[""Fiction"", ""Mystery""]","[""MYSTERY THRILLER"", ""KIDNAPPING"", ""BOARDINGSCHOOL"", ""FAMILY"", ""KIDNAPPED"", ""OLDERBROTHER"", ""ONLYGIRL"", ""REUNITED"", ""SIBLINGS"", ""TEXTTOSPEECH"", ""TWINBROTHER"", ""TWINS"", ""TWINSISTER"", ""MYSTERY / THRILLER""]","[""reads=868192"", ""votes=24780"", ""comments=2879"", ""listing-hits=1""]","Emma is an 18-year-old girl who lives with her mom and stepfather. She was sent to a boarding school when her parents moved to Europe and didn't want to take her with them. She is sweet, kind, and always willing to help. Emma has a twin brother who she hasn't seen since her parents' divorce. She misses him a lot, but she knows that he hates her. Why wouldn't he answer any of her calls and messages if he didn't hate her? She is happy to attend one of the best schools in the country, but she isn't ready to face her past, which awaits her when she gets there.

Mason is the school's most popular guy. He is charming and used to getting everything he wants. He has a good relationship with his father, but he has never forgiven him for something that happened in the past. Mason is ready for a senior year filled with parties, booze, and girls throwing themselves at him. But he gets a surprise in the form of a girl, whom he hates more than anything.

Mason and Emma are the most interesting topic at Forest Lake Boarding School.

Until the first disappirance."
True,https://www.wattpad.com/story/176720949,176720949,"Oops, I'm The Mean Girl | ✔️",60.601924008313595,822606,35814,15738,1,"[""Romance"", ""Fiction"", ""Drama""]","[""FIRST LOVE"", ""FRIENDS TO LOVERS"", ""SLOW BURN"", ""ANGST"", ""BESTFRIENDS"", ""BETRAYAL"", ""CHICKLIT"", ""CONTEMPORARY"", ""FRIENDSTOLOVERS"", ""LOVE"", ""LOVESTORY"", ""NEWADULT"", ""OBSESSED"", ""POSSESSIVE"", ""PROTECTIVE"", ""REJECTION"", ""SLOWBURN"", ""STRONGFEMALELEAD"", ""TEEN"", ""TEENFICTION"", ""VILLAIN"", ""VILLAINESS""]","[""reads=822606"", ""votes=35814"", ""comments=15738"", ""listing-hits=1""]","Selena is the 𝒎𝒆𝒂𝒏 𝒈𝒊𝒓𝒍. The villain destined to lose her football-star boyfriend to the shy, innocent nerd. Everyone watches in silent awe as he replaces her in the name of love. It was the perfect fairytale ending, just like the movies...

But not for long.

Because this breakup awakens admirers long held back. Particularly one who's made her his quiet obsession: Noel Casper. The neglected genius assigned to be her tutor.

What begins as study sessions develops into a friendship neither of them expected. Behind closed doors, Selena cooks for him, upgrades his wardrobe, and supports his dreams.

But to the outside world, he's just a boy being used by the mean girl, especially when they see him carrying her books, tying her shoes, and driving her all around.

What they don't know, is that Noel has been watching her for years. And the more Selena takes care of him, the more he becomes 𝒐𝒃𝒔𝒆𝒔𝒔𝒆𝒅.

When his research catapults him to international success, the world suddenly notices the boy they once overlooked.

Now Selena's ex is begging for a second chance, and the rival who started this all is determined to ""rescue"" Noel.

But Noel doesn't want to be saved.

He only wants one person.

Selena.

And he will do whatever it takes to ensure she never leaves his side.

─ ⊹ ⊱ ⊰ ⊹ ─

𝒀𝒆𝒂𝒓𝒏𝒊𝒏𝒈

𝑺𝒍𝒐𝒘 𝑩𝒖𝒓𝒏

𝑸𝒖𝒆𝒆𝒏 𝑩𝒆𝒆 𝒙 𝑸𝒖𝒊𝒆𝒕 𝑮𝒆𝒏𝒊𝒖𝒔

𝚃𝚘𝚙 𝚁𝚊𝚗𝚔𝚒𝚗𝚐𝚜:

#1 𝚘𝚋𝚜𝚎𝚜𝚜𝚎𝚍

#1 𝚟𝚒𝚕𝚕𝚊𝚒𝚗ess

#2 𝚕𝚘𝚟𝚎

#2 𝚏𝚛𝚒𝚎𝚗𝚍𝚜𝚝𝚘𝚕𝚘𝚟𝚎𝚛𝚜

[Originally written 2019. Went on hiatus, then finished in 2026.]"
True,https://www.wattpad.com/story/206439698,206439698,Cupid's Match | Wattpad Books Edition,60.39788152831083,790395,25165,4946,1,"[""Paranormal"", ""Fiction"", ""Action"", ""Fantasy"", ""Romance"", ""Supernatural""]","[""SUPERNATURAL CREATURES"", ""BADBOY"", ""BATTLE"", ""CUPID"", ""CUTE"", ""DATING"", ""GREEKGODS"", ""HIGHSCHOOL"", ""HUMOR"", ""LOVE"", ""MAGIC"", ""MATCHMAKING"", ""MYTHOLOGY"", ""TEENFICTION"", ""URBANFANTASY"", ""WATTPADBOOKS"", ""WATTPADORIGINALS"", ""YOUNGADULT""]","[""reads=790395"", ""votes=25165"", ""comments=4946"", ""listing-hits=1""]","He's mythologically hot, a little bit wicked, almost 100% immortal. And he'll hit you right in the heart . . .

---

Lila Black doesn't believe in matchmaking, let alone soul mates. So why is she constantly being hassled by the Cupids Matchmaking Service? But this gilded, cherub-bedecked dating agency isn't exactly what it seems . . . and it's about to turn Lila's entire world upside down.

It turns out that Cupids Matchmaking is the real deal. As in, it's run by actual cupids―who don't look at all like they do in the paintings―and they have a serious problem with Lila's ""match."" Because this guy shouldn't be in the system. He shouldn't have a match. And while he's irresistibly hot, he's also incredibly dangerous. Because Lila's true love match is Cupid. The original bad boy of love. And he wants her.

Now Lila's once-normal teenaged world has exploded into a mythological nightmare overrun by crime-lord sirens, wrathful cupid hit men, magic arrows that cause no end of trouble, and a mischievous, not-so-angelic love god she can't seem to stop herself from falling for . . ."
True,https://www.wattpad.com/story/47634286,47634286,Best Friends With The Bad Boy ✓,60.14749043566813,740881,17003,10817,1,"[""Fiction"", ""Romance""]","[""HUMOR"", ""BAD BOY"", ""HIGHSCHOOL"", ""ACTRESS"", ""BAD-BOY"", ""BEST-FRIEND"", ""BETRAYL"", ""CHANGED"", ""CHILDHOOD-BEST-FRIEND"", ""CHLOE"", ""CLICHE"", ""CLICHE-SERIES-2"", ""DATING"", ""FRIEND"", ""FUNNY"", ""HEART-BROKEN"", ""HIGH-SCHOOL"", ""PLOT-TWIST"", ""PRANKING-THE-PLAYBOY"", ""SPIN-OFF"", ""TEEN-FICTION"", ""TEXTTOSPEECH"", ""TOXIC""]","[""reads=740881"", ""votes=17003"", ""comments=10817"", ""listing-hits=1""]","After an unpleasant two years away from her hometown, Chloe Woods is excited to return. She's looking forward to rekindling her friendship with John Allen, her best friend who she didn't tell she was moving. Imagine her surprise when she returns discovers he's turned into a cliché bad boy.

And wants absolutely nothing to do with her.

John was heartbroken when his best friend left without notice. So he built a better version of himself, one that did the heart-breaking and had no regard for romance. He never expected to see Chloe again, or the feelings that arouse when he did...

Determined to return things to back to normal, Chloe ends up causing more trouble than she bargained for, including drama, betrayal and love. Who knew friendship could be so complicated?

""I literally downloaded Wattpad because of this story.."" -Spirited_Queen

""This is one of my favourite books!"" -Crazily_Unique128

(CLICHE SERIES: BOOK II)

(cover by @beautifullyyoung)

#1 in Heartbreak

#27 in Humor"
True,https://www.wattpad.com/story/396543302,396543302,"THE WIFE,THE MOTHER,THE PRISONER BOOK 1",59.992037284040286,730549,19322,1135,1,"[""Fiction"", ""Mystery"", ""Romance"", ""Thriller""]","[""MYSTERY THRILLER"", ""MURDER"", ""KIDNAPPING"", ""BEAUTYANDTHEBEAST"", ""BILLIONAIRE"", ""COLD-LEAD"", ""DARKLOVE"", ""INTERRACIAL"", ""OBSESSION"", ""POSSESSIVE"", ""PSYCHO-THRILLER"", ""TOXIC-LOVE"", ""MYSTERY / THRILLER""]","[""reads=730549"", ""votes=19322"", ""comments=1135"", ""listing-hits=1""]","She thought she was free.

Until a billionaire and his daughter saw her - and decided she was theirs.

One wanted a wife.

The other wanted a mother.

Neither asked if she agreed.

They watched her for two years. Followed her every move.

Until one day, they flew across the world and bought her future - with smiles, paperwork, and charm that smelled like roses but felt like chains.

Now, she sleeps in silk sheets she didn't choose.

Wears clothes she didn't buy.

Answers to a name she didn't earn.

Every touch is a test.

Every night is a transaction.

And every whispered ""I love you"" is a warning.

She hides pills beneath her tongue.

She dreams of running.

But there is no escape - only a cage made of wealth, obsession, and unbearable intimacy.

Because he doesn't just want her body.

He wants her compliance.

Her mind.

Her loyalty.

Her womb.

And when the daughter discovers the truth -

she doesn't cry.

She accuses.

Now the doors are locked.

The smiles are gone.

And the only thing more terrifying than being watched...

is being needed.

This isn't love.

This is possession with a wedding ring.

This is family, twisted into obsession.

This is what happens when a girl becomes the answer to someone else's madness.

---"
True,https://www.wattpad.com/story/278618440,278618440,Astrophile (Paul Lahote),59.910966040812475,711314,17660,2531,1,"[""Fanfiction""]","[""FANFIC"", ""TWILIGHT"", ""ALICE"", ""ALYCIA"", ""BELLA"", ""CAREY"", ""CULLENS"", ""DEBNAM"", ""EDWARD"", ""EMBRYCALL"", ""EMMETT"", ""FORKS"", ""JACOBBLACK"", ""JAREDCAMERON"", ""JASPER"", ""LEAHCLEARWATER"", ""PAULLAHOTE"", ""QUILATEARA"", ""QUILEUTE"", ""ROSALIE"", ""SAMULEY"", ""SETHCLEARWATER"", ""VAMPIRE"", ""WOLFPACK""]","[""reads=711314"", ""votes=17660"", ""comments=2531"", ""listing-hits=1""]","ˏˋ°•*⁀➷ 𝗜𝗡 𝗪𝗛𝗜𝗖𝗛 she falls in

love with a wolf. ˏˋ°•*⁀➷

(paul lahote x female oc)

(the twilight saga)

(twilight - ??)

Started : January 25, 2023

Ended : -

(Slow updates)"
True,https://www.wattpad.com/story/397562971,397562971,𝐒𝐖𝐄𝐀𝐓𝐄𝐑 𝐖𝐄𝐀𝐓𝐇𝐄𝐑 - Isaac Garcia ¹,59.917545023415606,702674,22180,21311,1,"[""Fanfiction"", ""Romance""]","[""FANFIC"", ""ORIGINAL CHARACTER (OC)"", ""TV SHOW"", ""FIRST LOVE"", ""ALEXWALTER"", ""ARCTICMONKEYSSWP"", ""COLEWALTER"", ""ISAAC"", ""ISAACGARCIA"", ""ISAACWALTER"", ""KATIEDOUGLAS"", ""MLWTWB"", ""MYLIFEWITHTHEWALTERBOYS"", ""WALTERBOYS""]","[""reads=702674"", ""votes=22180"", ""comments=21311"", ""listing-hits=1""]","BOOK ONE

𝐎𝐧𝐞 𝐥𝐨𝐯𝐞, 𝐨𝐧𝐞 𝐡𝐨𝐮𝐬𝐞...

𝐧𝐨 𝐬𝐡𝐢𝐫𝐭, 𝐧𝐨 𝐛𝐥𝐨𝐮𝐬𝐞.

═══════ ═══════

A My life with the Walter boys Fanfiction

season one ✓

season two - ep 1-9 ✓

written in...

3rd person perspective

Isaac Garcia/Walter x Female Insert

#2 in fanfiction

#1 in Isaac Garcia

#1 in mlwtwb

═══════ ═══════

The Briggs family had been friends with the Walter's ever since their oldest daughter started to walk.

This would mean all of their kids got along, right?

But that wasn't the case.

Natalie Briggs had a good relationship with the Walter kids although, it was very different feeling with the two Garcia boys.

Something about them drawled her away, which made her adventure with Isaac Garcia even more interesting.

Out of the blue, Isaac's flirty demeanor that he used on every girl was suddenly turned to Natalie, as if he wanted her attention.

It was weird, but safe to say she found this side of himself very amusing."
True,https://www.wattpad.com/story/343844183,343844183,Falling for my Husband,59.9005646983867,699932,44449,17994,1,"[""Fiction"", ""Romance""]","[""HUMOR"", ""BAD BOY"", ""CONTRACT RELATIONSHIP"", ""ARRANGEDMARRIAGE"", ""ARROGANT"", ""BADBOY"", ""BADBOYGOODGIRL"", ""BILLIONAIRE"", ""FANGIRL"", ""GOODGIRL"", ""HOT"", ""LOVEHATERELATIONSHIP""]","[""reads=699932"", ""votes=44449"", ""comments=17994"", ""listing-hits=1""]","She is sweet and kind.

He is rude and arrogant.

She loves talking.

He finds solace in silence.

She is clumsy and fun loving.

He is cold and reserved.

She is beautiful.

He is ruggedly handsome.

She is his princess.

He is her devil.

Kiara Sharma and Arjun Singhania are two opposite ends of a pole. Bound together by a marriage contract, these two hate each other.

Or at least they think they do.

Two very different people under the same roof- Chaos are bound to happen. Let's see if they survive this or end up killing each other.

Seems like the devil has finally found his match and that too in the form of an angel.

A story where the devil finally meets his angel."
True,https://www.wattpad.com/story/3370530,3370530,Love Poems ♥,59.693161712783244,683323,12101,930,1,"[""Poetry""]","[""ALONE"", ""DAY"", ""GIRL"", ""LIFE"", ""LONELINESS"", ""LONELY"", ""LOVE"", ""POEM"", ""POEMS"", ""VALENTINES"", ""WAR"", ""WATTPRIDE""]","[""reads=683323"", ""votes=12101"", ""comments=930"", ""listing-hits=1""]","Stephen Chbosky once said, ""We accept the love we think we deserve."" This is not just a collection of poems but my feelings compiled together ♥ Enjoy!"
True,https://www.wattpad.com/story/72760652,72760652,The Passion of London [Highlander's Love #1],59.628905682200674,671237,30039,1262,1,"[""Fiction"", ""Historical"", ""Romance""]","[""HISTORICAL FICTION"", ""REGENCY"", ""COMPLETED"", ""ENGLAND"", ""HIGHLAND"", ""HISTORICALFICTION"", ""HISTORICALROMANCE"", ""LOVE"", ""NOVEL"", ""SCOTLAND"", ""TEXTTOSPEECH"", ""WATTYS2016""]","[""reads=671237"", ""votes=30039"", ""comments=1262"", ""listing-hits=1""]","HIGHEST RANKING #6 in HISTORICAL FICTION!

---

For all her life, Lady Evie Verrick had been regaled of tales of the Highlands from her Highland born and bred mo..."
True,https://www.wattpad.com/story/54100551,54100551,text messages {#1} | ✓,59.55787784436023,650850,24134,5377,1,"[""Fiction"", ""Romance"", ""Slice of Life""]","[""SHORT STORY"", ""HIGHSCHOOL"", ""CLUELESS"", ""CUTE"", ""DUMB"", ""HUMOR"", ""IDIOCY"", ""LOVE"", ""SHORTSTORY"", ""STUPIDITY"", ""TEXTING"", ""TEXTMESSAGES""]","[""reads=650850"", ""votes=24134"", ""comments=5377"", ""listing-hits=1""]","-1 new text message-

Unknown Number: hey

Me: this isn't an online chatting app, where did you get my number?

Unknown Number: *hey :)

(hi i wrote this when i was 14 lol)

©since 2015 | miracle"
True,https://www.wattpad.com/story/146318204,146318204,Last Flight to L.A.,59.35955494299503,624883,20068,3277,1,"[""Fiction"", ""Romance"", ""Slice of Life""]","[""CHICKLIT"", ""FRIENDS TO LOVERS"", ""BEACH"", ""CALIFORNIA"", ""CELEBRITY"", ""CHEF"", ""CONTEMPORARY"", ""COOKING"", ""FAME"", ""FAMILY"", ""FOOD"", ""FRIENDSHIP"", ""HUMOR"", ""KISS"", ""LIFE"", ""LOVE"", ""LOVESTORY"", ""NEWADULT"", ""RELATIONSHIPS"", ""ROMANTIC"", ""SECRETS"", ""SLICEOFLIFE"", ""SUMMER"", ""WATTYS2019""]","[""reads=624883"", ""votes=20068"", ""comments=3277"", ""listing-hits=1""]","***THIS STORY WILL BECOME FREE ON JULY 15t!***

Kelsey Harris, a young chef moving to LA, struggles with work, the glamour of the hollywood scene, and a new romance with mega-celebrity Ethan Glenn.

*****

Kelsey Harris is heading to LA to begin her new career as a sous chef, and she's excited to work under a prestigious mentor and feed fabulous celebrities. She also meets Ethan Glenn, a movie star with doubts about his career, on the plane. But when she settles in, she learns that her new job is more intense than she expected, and her roommate is acting strange. When they happen to be on the same movie set, Ethan and Kelsey begin to grow close, though their friendship is immediately put under scrutiny by friends and the media. A romance begins, but the delicate facade of Hollywood is slipping, and Kelsey has to decide if she wants to escape the photographers and screaming fans, or if she wants to be with Ethan and put up with the consequences.

[[Wattys 2018 Shortlist]]

[[word count: 80,000-90,000 words]]"
True,https://www.wattpad.com/story/22343207,22343207,Day After Day,59.375332751072406,622533,16256,6870,1,"[""Horror"", ""Fiction"", ""Mystery"", ""Paranormal"", ""Supernatural""]","[""PSYCHOLOGICAL"", ""AMERICAN"", ""BODY"", ""CITY"", ""CONPSIRACY"", ""CONTEMPORARY"", ""CURSE"", ""CURSED"", ""DEATH"", ""FEMALEPROTAGONIST"", ""FRIENDSHIP"", ""LIES"", ""LIFE"", ""MAN"", ""MYTHOLOGY"", ""REAPER"", ""SHIFTER"", ""SUSPENSE"", ""TRUST"", ""VICTIM"", ""WATTPADORIGINALS"", ""WATTYS2019""]","[""reads=622533"", ""votes=16256"", ""comments=6870"", ""listing-hits=1""]","Each day she wakes up in a different body, not knowing who she is, and each night that body dies. She is the Reaper Syndrome, and she's desperate to know why.

*****

She doesn't know what's happening. Each day she wakes up in a new body, not knowing who she is. She has to pretend to be the person, and at the end of the day her new body dies. The media have a name for these deaths: the Reaper Syndrome. No one believes it's a person jumping from body to body, until Joe. He's a conspiracy theorist, but she can make him listen. He trusts her, and he can also see the mysterious man, Samael, that's following her. Why is this happening to her? Who can she trust? Every day it takes her to end the Reaper Syndrome, another person dies. She doesn't want the last victim to be her.

*2021 Wattys Shortlisted*"
True,https://www.wattpad.com/story/342441322,342441322,dream | op x reader,59.30988608380084,610925,29512,19852,1,"[""Fanfiction"", ""Romance""]","[""FANFIC"", ""ONE PIECE"", ""XREADER"", ""ANIME AND MANGA"", ""TV SHOW"", ""BROOK"", ""CHOPPER"", ""DARK"", ""FRANKY"", ""GRANDLINE"", ""JINBE"", ""LUFFY"", ""LUFFYXREADER"", ""MONKEYDLUFFY"", ""MUGIWARA"", ""NAMI"", ""NEWWORLD"", ""ONEPIECE"", ""PIRATES"", ""ROBIN"", ""RORONOAZORO"", ""SANJI"", ""STRAWHATPIRATES"", ""STRAWHATS"", ""USOPP"", ""ZORO"", ""ÖP""]","[""reads=610925"", ""votes=29512"", ""comments=19852"", ""listing-hits=1""]","when one looks back to their childhood, one remembers the vivid springs of laughter, climbing trees and reaching out for the stars, and making flower crowns in fields of flowers. but when [name] looked back at her youth, it was void of those colorful memories. her life as a traveler had become too dull to notice anything around her and appreciate the beauty, and her eyes spoke it. dull. empty. void. as if she had never tasted the essence of 'life'.

she was a dreamless girl...who's fate was intertwined with a boy full of dreams.

luffy saw, luffy wants! he saw [name], stole her away from her boring life, and made her his pillar.

and in return, she stole his heart; gradually, completely, and he would stop at nothing to steal her heart too.

he was a pirate after all. no one can stop him from getting what he wants!!

▬ ( luffy x reader )

▬ status; ongoing"
True,https://www.wattpad.com/story/36347017,36347017,The Temporary Detective,59.21774450102151,605996,30974,2693,1,"[""Fiction"", ""Mystery"", ""Romance""]","[""HUMOR"", ""AMATEUR SLEUTH"", ""AMATEUR"", ""BROADWAY"", ""CHICKLIT"", ""NANCYDREW"", ""NEWADULT"", ""NYC"", ""SLEUTH"", ""THEATER""]","[""reads=605996"", ""votes=30974"", ""comments=2693"", ""listing-hits=1""]","Phones, light typing...and murder.

Think breaking into show business is hard? Try landing a temp job without office skills. That's the challenge facing aspiring actress Isobel Spice when she arrives in New York City, fresh out of college and deficient in PowerPoint. After being rejected by seven temp agencies for her lack of experience, Isobel sweet-talks recruiter James Cooke into letting her cover a last-minute vacancy at a bank. New to his own job, and recently sober, James takes a chance on Isobel, despite his suspicion that she's a trouble-magnet. His misgivings are borne out by lunchtime, when she stumbles across a dead secretary in a bathroom stall. Can Isobel find the killer before he strikes again?"
True,https://www.wattpad.com/story/50703916,50703916,Brew Books,59.160863431768064,590556,29430,9603,1,"[""Fiction"", ""Romance"", ""Mystery""]","[""CHICKLIT"", ""DARK ROMANCE"", ""LOVE TRIANGLE"", ""ADOLESCENCE"", ""BOOKS"", ""CAFÉ"", ""COFFEESHOP"", ""COMINGOFAGE"", ""CONTEMPORARY"", ""DEATH"", ""FAMILY"", ""FEMINISM"", ""FRIENDSHIP"", ""GENDER"", ""INSPIRATION"", ""LGBT"", ""LGBTQ"", ""LONDON"", ""LOVE"", ""LOVESTORY"", ""LOVETRIANGLE"", ""NEWADULT"", ""RELATIONSHIPS"", ""SECRET"", ""TEXTTOSPEECH""]","[""reads=590556"", ""votes=29430"", ""comments=9603"", ""listing-hits=1""]","Free to read!

19-year-old Jane, newly-single, moves to London to work for her friend, Kitty. But Kitty is hiding something about the café - and about Jane and Kitty's past.

*****

If you looked at her Instagram, you'd think Jane had the perfect life. But a family tragedy and a big break up shatters that illusion, prompting Jane to drop out of university and move to London. She gets a room above a bookstore and a job as a barista, thanks to her childhood friend Kitty. Struggling with feelings of loneliness among the happy staff, Jane feels further ostracized when Kitty refuses to discuss Matt, who used to live in the bedroom Jane took over and who left under mysterious circumstances. As Jane struggles to find herself, and get the attention of the cute bartender, Harper, she discovers that the Brew Books café is brewing with dark secrets.

[[word count: 70,000-80,000 words]]"
True,https://www.wattpad.com/story/107984388,107984388,The Many Dates of Indigo,59.08437665816968,584503,25368,4623,1,"[""Fiction"", ""Romance""]","[""CHICKLIT"", ""ROMANTIC COMEDY"", ""LOVE TRIANGLE"", ""BLACKWOMAN"", ""DATING"", ""FEATURED"", ""FRIENDSHIP"", ""LOVE"", ""ROMCOM"", ""WATTPADBOOKS"", ""WATTPADORIGINALS""]","[""reads=584503"", ""votes=25368"", ""comments=4623"", ""listing-hits=1""]","The Many Dates of Indigo is now published as a Paperback, and E-book with W by Wattpad Books!

As a Wattpad reader, you can access both the Wattpad Original Edition and Wattpad Books Published Edition here upon purchase.

Thank you so much for your support!

*****

As Indigo Clark nears her 30th birthday, new male suitors vie for her attention. The trick is to pick the right one...

*****

Indigo Clark, a successful businesswoman approaching her 30th birthday can't seem to shake the questions, ""Where's your ring?"", ""When will you get married?"", ""Are you going to have children?"" Tired of the nosiness and the pressure, Indigo sets out to experiment in her dating life. What an adventure she's in for! You have Tate, her gorgeous and loyal best friend, who she has a past with...but they don't talk about it. Then there's Nathan. He seems perfect on paper but is hiding a serious part of his life from her. Owen is a dashing gentleman until he isn't. And Diego, oh Diego, he's a hotshot lawyer used to getting what he wants but Indigo also knows what she wants and isn't going to let him off the hook easily. She is fierce and smart, and yes, it's raining men but Indigo isn't afraid to hold an umbrella...

[Highest Ranking: #8 in ChickLit] (Featured)

[ Winner of the Genre Awards for ChickLit *First Book* ]

[[word count: 90,000-100,000 words]]

Cover designed by Eva I (@evadrawssometimes)"
True,https://www.wattpad.com/story/125282875,125282875,In the Shadow of the Storm,59.044786091161996,575998,60730,8047,1,"[""Paranormal"", ""Fiction"", ""Romance"", ""Thriller""]","[""VAMPIRES"", ""ANGELS AND DEMONS"", ""SUPERNATURAL CREATURES"", ""BILLIONAIRE"", ""DARK"", ""DARKFANTASY"", ""DEATH"", ""DEMONS"", ""DIVERSE"", ""ELVES"", ""INTRIGUE"", ""LOVE"", ""NANOWRIMO"", ""NEWADULT"", ""REVENGE"", ""SLOWBURN"", ""URBANFANTASY"", ""VAMPIRE"", ""WITCH""]","[""reads=575998"", ""votes=60730"", ""comments=8047"", ""listing-hits=1""]","Fleeing a man who steals memories with a touch, Aveline Arden finds an unlikely respite in the home of a cursed vampire trying to survive in a world that wants to see his kind destroyed

_______________________

Without a home to return to, Aveline Arden seeks to start a new existence in the unassuming Maine town of Greyridge, but the presence of the local vampire, Cain Elding, derails her plans for the simple life.

Threads of secrecy intertwine their paths as the monster haunting Aveline's past draws nearer and Elding battles a legacy he never wished to inherit. Strange traditions clash with modern sensibilities, loyalties are tested, and both mortal girl and cursed vampire struggle to survive together.

A covert war spills into human society. Adversaries move unseen in the dark, the board is set, and the game must be played.

Aveline's about to learn how scary the world can get."
True,https://www.wattpad.com/story/103408653,103408653,How To: Survive Teenagehood,59.041856991029256,574361,42617,13693,1,"[""Non Fiction"", ""Non-Fiction"", ""Nonfiction""]","[""HELP"", ""HOWTO"", ""HUMOUR"", ""SURVIVE"", ""TEEN"", ""TEENAGE"", ""TEENAGEHOOD""]","[""reads=574361"", ""votes=42617"", ""comments=13693"", ""listing-hits=1""]","There is a stage between childhood and adulthood that makes us all want to bang our heads into a concrete wall as if that will somehow make us forget the things we did in that cringe-worthy stage of adolescence. That golden era of bad haircuts, first and last dates, and that undeniable feeling of wanting to fit in.

Teenagehood. Surviving it is a feat in itself, and the memories you make may haunt you forever. So this is my guide to the good, the bad, and the ugly of surviving teenagehood. Yes this will include anecdotes.

[Highest Rank: #1 in Non-Fiction 16.10.17]"
True,https://www.wattpad.com/story/117637356,117637356,The Heir and the General,58.83048276884386,554476,13540,2608,1,"[""Fantasy"", ""Fiction"", ""Action"", ""Adventure"", ""Romance""]","[""MAGICAL KINGDOMS"", ""ARRANGEDMARRIAGE"", ""BISEXUAL"", ""DIVERSITY"", ""EPIC"", ""FAE"", ""FAERIES"", ""FEMALEPROTAGONIST"", ""KINGDOM"", ""LGBT"", ""LGBTQ"", ""LOVE"", ""MAGIC"", ""MDALTO"", ""NEWADULT"", ""QUEEN"", ""ROMANTIC"", ""ROYALTY"", ""SOULMATES"", ""WAR"", ""WATTPADORIGINALS""]","[""reads=554476"", ""votes=13540"", ""comments=2608"", ""listing-hits=1""]","Forced into an engagement with a man she doesn't love, Reyna must ignore her bond with her father's general in order to avoid a war and save her throne.

*****

As the first female heir to one of the great Northern Kingdoms, Reyna panics when her claim to the throne is threatened by the discovery that her father's general is her soulbound partner. She forces herself to ignore their connection, determined to be more than a general's wife, only for her father to manipulate her into a political engagement with a man she could never love. So to forge her own path forward, keep her throne, and confront her feelings for the general who owns her heart, Reyna must find a way to refuse this arranged marriage without destroying her kingdom in the process.

[[word count: 100,000-150,000 words]]

----------

Cover designed by Ren Tachibana"
True,https://www.wattpad.com/story/397702353,397702353,All It Stands For,58.816747231578454,547535,20215,6701,1,"[""Fiction"", ""Mystery""]","[""MYSTERY THRILLER"", ""SOCIAL THEMES"", ""FAMILY LIFE"", ""GRIEF AND BEREAVEMENT"", ""ANXIETY"", ""BROTHERS"", ""BULLYING"", ""DANGER"", ""EMOTIONAL"", ""FAMILY"", ""FAMILYSECRETS"", ""FRIENDSHIP"", ""GRIEF"", ""HEALING"", ""HIGHSCHOOL"", ""HUMOR"", ""LITTLESISTER"", ""MAFIA"", ""MENTALHEALTH"", ""OLDERBROTHERS"", ""OREGON"", ""OVERPROTECTIVE"", ""OVERPROTECTIVEBROTHERS"", ""SCHOOL"", ""SECRETS"", ""SELECTIVEMUTISM"", ""SIBLINGS"", ""SISTER"", ""MYSTERY / THRILLER""]","[""reads=547535"", ""votes=20215"", ""comments=6701"", ""listing-hits=1""]","After her mother's unexpected passing, Gemma is sent to live with seven strange men who don't seem overly fond of her being there. Their secrets, their strange rules and behaviour make Gemma want to run, to hide, to go back in time to when everything felt safe again.

But life doesn't always play the way's expected, and Gemma's life of before can only stay as that: in the past.

Top Rankings:

6/11/2025: #1 in grief

7/1/2026: #1 in friendship

9/1/2026: #2 in siblings

13/1/2026: #1 in mystery

1/2/2026: #2 in selectivemutism

7/4/2026: #2 in brothers

8/4/2026: #1 in anxiety"
True,https://www.wattpad.com/story/6009501,6009501,Algorithm - Book 1 - The Medallion,58.56523780796602,523901,16496,1687,1,"[""Science Fiction"", ""Fiction"", ""Adventure"", ""Mystery""]","[""ALIENS"", ""ORIGIN"", ""SCIENCEFICTION"", ""SCIFI""]","[""reads=523901"", ""votes=16496"", ""comments=1687"", ""listing-hits=1""]","A young boy, Adam, discovers a gold medallion in a lump of coal. He keeps it as a curious good luck piece for the next twenty years, until as a scientist, he discovers it contains a message and is clearly alien. Join Adam and his colleague, Linda, as they embark upon an adventure of revelation, ultimately giving up all they hold dear to discover who we are and who put us here."
True,https://www.wattpad.com/story/56578048,56578048,Ice Cold #Wattys2016,58.52695874991616,517190,15520,2537,1,"[""Fiction"", ""Paranormal"", ""Romance""]","[""WEREWOLF"", ""WEREWOLVES"", ""ALPHA"", ""BLACK"", ""MATE"", ""ROSE"", ""WATTYS2016""]","[""reads=517190"", ""votes=15520"", ""comments=2537"", ""listing-hits=1""]","Zander Anarchy Black, Alpha of the Black Moon Pack, the strongest, notorious and the most biggest pack in the United Kingdom. The word black seems to surround him, his name, his pack and unfortunately his heart as well. He cares for no one, loves no one and kills with no remorse. He's ice cold.

Alexandria Rose, daughter of the Beta of the White Crescent Pack. A small but respected pack. She is the epitome of the words kind, warm and loving. Oh, and not to mention, feisty and highly trained in sarcasm and witty remarks. She hates violence and always seeks the good in people.

So what do you think fate had in mind when it decided to make these two polar opposites cross paths? She might just be the fire needed to melt the ice.

#Wattys2016

____________________________

This is my first book and a work of my own effort. Please vote and comment if you like my story. I will try to update as frequently as I can because I know the wait is unbearable.Thank you."
True,https://www.wattpad.com/story/153751751,153751751,"Dear Neighbor Boy,",58.501476229026316,510426,14325,5264,1,"[""Fiction"", ""Romance"", ""Drama""]","[""TEEN FICTION"", ""BAD BOY"", ""HIGHSCHOOL"", ""BADBOY"", ""BOY"", ""BOYXGIRL"", ""CLICHE"", ""CLICHELOVE"", ""DADDYISSUES"", ""FAMILY"", ""FAMILYPROBLEMS"", ""GIRL"", ""GOODGIRL"", ""GOODGIRLBADBOY"", ""JERK"", ""LOVE"", ""LOVESTORY"", ""NEIGHBORS"", ""NERD"", ""NERDYGIRL"", ""NEXTDOOR"", ""TEEN"", ""TEENAGER"", ""TEENAGEROMANCE"", ""TEENFICTION""]","[""reads=510426"", ""votes=14325"", ""comments=5264"", ""listing-hits=1""]","[[✨COMPLETED✨]]

•

We both inched closer and closer until our lips were brushing against each other like some sort of tease.

But before we could go any further, I stopped and leaned back. He looked confused and disappointed for some reason.

""I can't...""

------

Hazel Ambrielle is as lame as it gets. She stays up extra late on Friday nights to read or watch Disney movies in bed. She's never been to a high school party and doesn't drink. When she moves to a new town with her mom and six brothers to escape their past, she expects life to stay the same.

Asher Grey is the big bad popular boy of Glenwood High. He's hooked up with girls at parties and forgotten them the day after too many time to count. He's an egotistical boy that just can't be bothered. His heart string can't be tugged on.

That is until he wakes up to find himself with a new neighbor. A cute girl with glasses and a big family. For the first time in forever, he feels something for a girl other than lust.

Hazel denies the unfamiliar feeling she gets around Asher. She's been hurt too badly to give into someone like him who's bound to do the same. But she can't help but let her walls come down when she sees how they bring out the best of each other.

He brings out her hopeful side and she brings out his dorky side.

•

[[WARNING: This story deals with themes of violence and abuse]]"
True,https://www.wattpad.com/story/162414116,162414116,Cassandra,58.44835478840715,509941,22599,1703,1,"[""Fiction"", ""Historical"", ""Romance""]","[""HISTORICAL FICTION"", ""REGENCY"", ""CASSANDRA"", ""COUNTESS"", ""DUKE"", ""EARL"", ""ENGLAND"", ""HISTORICALFICTION"", ""HISTORICALROMANCE"", ""LADY"", ""PAST"", ""REGENCYERA"", ""REGENCYROMANCE"", ""SERIES"", ""TEXTTOSPEECH""]","[""reads=509941"", ""votes=22599"", ""comments=1703"", ""listing-hits=1""]","Lady Cassandra Whitlock, the sister of the wealthy Duke of Somerhall, knows what is expected of young ladies in the ton such as her. She is to marry a wealthy, preferably titled, man and is to have no expectations of his fidelity. She is to remain subservient to him. However, she's never been good at meeting expectations.

She is fully prepared to remain a spinster for the rest of her life until, in London, she encounters the Earl of Hawthorne, Christopher Weston, a secluded man but one who challenges all of her beliefs about society. She is instantly drawn to this elusive Lord Hawthorne, but is the farthest from prepared as one can be for an attachment."
True,https://www.wattpad.com/story/402659967,402659967,Sidelined 2: Intercepted,58.25102618559195,509195,3353,321,1,"[""Romance"", ""Fiction"", ""Sports"", ""Drama""]","[""COLLEGE AND UNIVERSITY"", ""COLLEGELOVE"", ""COLLEGEROMANCE"", ""COMINGOFAGE"", ""CONTEMPORARY"", ""CONTEMPORARYROMANCE"", ""DANCER"", ""FIGHTFORLOVE"", ""FIRSTLOVE"", ""FOOTBALL"", ""FOOTBALLROMANC"", ""FOOTBALLROMANCE"", ""NEWADULT"", ""QUARTERBACK"", ""SPORTSROMANCE"", ""STARCROSSED"", ""STARCROSSEDLOVERS"", ""TEENFICTION"", ""WATTPADORIGINALS"", ""YOUNGADULT"", ""YOUNGADULTROMANCE""]","[""reads=509195"", ""votes=3353"", ""comments=321"", ""listing-hits=1""]","Noah Beck and Siena Agudong reprise their roles as Drayton and Dallas and their sparks light up the pages of this novel adaptation of Tubi's Sidelined 2: Intercepted. This highly anticipated sequel proves that whether you watch then read or read and then watch, one thing is for sure, there will never be enough Drayton and Dallas!

***

When Drayton Lahey surprises his girlfriend, Dallas Bryan, by joining her in LA for college, they are ecstatic to be together-proving that true love has legs. Their whirlwind relationship had its ups and downs, but they're committed to each other and to making their dreams come true. Dallas is enrolled in an extremely competitive dance program, and Drayton's now the QB of his school's football team where he's expected to bring home a championship.

But life interrupts their bubble. As their dreams for the future diverge, bridging the gap growing between them becomes harder and harder-and fighting for their future isn't guaranteed."
True,https://www.wattpad.com/story/82891586,82891586,Deep Thoughts,58.194275967241005,483307,16810,1047,1,"[""Poetry""]","[""DEEP"", ""DEEPTHOUGHTS"", ""HOPE"", ""KNOWLEDGE"", ""LOVE"", ""PEACE"", ""POEM"", ""POEMS"", ""POET"", ""REALITY"", ""THOUGHTS"", ""WATTYS2017"", ""WISDOM""]","[""reads=483307"", ""votes=16810"", ""comments=1047"", ""listing-hits=1""]","When the sun sets and they can't see me, can they hear me?

*

*

|| ""Poetry"" by an invisible girl. ||

*

*

*

Highest Ranks: #6 in poetry [8/26/20]

#11 in poetry [03/10/2017]

#10 in poems [12/23/2022]

#1 in poems [08/03/2024]

#1 in poetry [01/18/2026]

*

*

*Art posted in this book is drawn by me, they should not be used for any other purposes than this book."
True,https://www.wattpad.com/story/6049138,6049138,"Young, Wild and Married",58.10792737766648,469952,12459,2364,1,"[""Fiction"", ""Romance""]","[""HUMOR"", ""ROMANTIC COMEDY"", ""FRIENDS TO LOVERS"", ""BESTFRIENDS"", ""FUNNY"", ""ROMCOM"", ""SWEET""]","[""reads=469952"", ""votes=12459"", ""comments=2364"", ""listing-hits=1""]","Every woman's fantasy is to be married with someone they love someday. Most women are excited and ecstatic when planning their marriage ceremony with their husband to be. I have watched a lot of films, read a lot of romance books and seen real life wedding ceremonies and most of the brides are happy during the day of their wedding. Would you blame me for not being like them today-my wedding day?

**

Being caught in bed naked with someone after going to a party is so not good especially if the one who caught you was your overly protective and conservative parents. What makes it worse is that the person naked next to you is one of your best bud who happens to be the son of your mother's best friend.

One night, one party, one mistake turned their life upside down.

©2013-2016, All rights reserved

---

WARNING: This story may contain inappropriate language and scenes for young readers. You have been warned.

The first few chapters is subjected to revision. Please do excuse the errors for this story is on it's very rough draft c:

EDIT: Blame Newton and The Boy From The Party's spin-off. If you do not want to be spoiled, read the two first before this. However, this story can stand alone."
True,https://www.wattpad.com/story/92457278,92457278,Apartment 239,58.08929683135814,463016,18844,6811,1,"[""Horror"", ""Fiction"", ""Comedy"", ""Paranormal"", ""Supernatural""]","[""DARK COMEDY"", ""AMERICAN"", ""CONTEMPORARY"", ""DARK"", ""DEATH"", ""DEMON"", ""FEAR"", ""FRIENDSHIP"", ""GHOST"", ""HAUNTED"", ""HAUNTEDFAMILY"", ""HAUNTEDHOUSE"", ""HORRORCOMEDY"", ""HUMOR"", ""HUMOROUS"", ""NEWADULT"", ""OCCULT"", ""ROOMMATES"", ""SERIALKILLER"", ""SPOOKY"", ""URBANFANTASY"", ""WATTPADORIGINALS""]","[""reads=463016"", ""votes=18844"", ""comments=6811"", ""listing-hits=1""]","Abe Barrett is surrounded by ghosts - some of them are even his roommates! But now Abe's visions show something dark coming, and it wants Abe dead.

*****

When Abe Barrett's family died, he started seeing ghosts. Soon he was living with three of them, and it turns out ghosts are just as eccentric as people. Abe is bothered by the ghosts constantly since he doesn't want to solve their murders, avenge them or do much of anything. He just wants to do his job and relax. His dreams, however, have been getting darker as people in town start to disappear. Soon Abe realizes there is something hunting him, and that same threat was involved with his family's deaths. A legacy of darkness is chasing Abe Barrett, and his supernatural roommates may not be enough to save him.

[[word count: 60,000-70,000 words]]"
True,https://www.wattpad.com/story/110186990,110186990,Historically Inaccurate,57.88552425930649,441471,20871,7326,1,"[""Fiction"", ""Romance"", ""Comedy""]","[""TEEN FICTION"", ""ROMANTIC COMEDY"", ""SMALL TOWN"", ""CHICKLIT"", ""CLUB"", ""COLLEGE"", ""COMPLETED"", ""CONTEMPORARY"", ""DIVERSITY"", ""ETHAN"", ""FEMALEPROTAGONIST"", ""FRIENDSHIP"", ""HUMOR"", ""IMMIGRANT"", ""LIES"", ""LIFE"", ""LOVE"", ""NEWADULT"", ""PARENTS"", ""RELATIONSHIPS"", ""ROMCOM"", ""SOLEDAD"", ""SWEET"", ""WATTPADORIGINALS"", ""WATTYS2019"", ""YOUNGADULT""]","[""reads=441471"", ""votes=20871"", ""comments=7326"", ""listing-hits=1""]","WATTPAD ORIGINAL EDITION

When her initiation into her college's History Club goes awry, Sol has to come face to face with Ethan-the cute guy whose house she just broke into.

*****

Soledad Gutierrez, or Sol to her friends, decides to join the History Club at her Community college. However, this club is not like other clubs: they have an initiation process and a slew of other 'extracurricular activities.' In order to join the club, Sol must break into the oldest house in her small Californian town and steal one of their forks. The club members provide all the materials to break in; she just needs to take the utensil, take a selfie in the kitchen, and get out undetected-with the fork, of course. The problem is: Ethan Winston spots Sol in his grandparent's house, and he's determined to uncover the reason behind the break-in. However, both he and Sol are thrown for a loop when feelings begin to develop between them. And as Ethan becomes suspicious of the History Club, he and Sol get tangled in an adventure none of them were expecting.

[[word count: 90,000-100,000 words]]

[[Wattys 2019 Winner for Young Adult + Being Published by Wattpad Books in Fall 2020]]"
True,https://www.wattpad.com/story/385773320,385773320,Sitara : His Sunshine Wife,57.848648379550774,436379,46511,15674,1,"[""Romance"", ""Fiction""]","[""ENEMIES TO LOVERS"", ""HAPPY ENDING"", ""ROMANTIC COMEDY"", ""BROTHERSCONFLICT"", ""CUTELOVE"", ""ENEMIESTOLOVERS"", ""GENERALFICTION"", ""GRUMPY"", ""HINDI"", ""HINGLISH"", ""INDIA"", ""INDIANBOOK"", ""LOVEROMANCE"", ""MAFIA"", ""SITARA"", ""SLOWBURN"", ""SUNSHINE"", ""SUSPENSE"", ""WATTPADCONTEST"", ""WATTPADPRIZE14"", ""WATTPADROMANCE"", ""WATTYAWARDS""]","[""reads=436379"", ""votes=46511"", ""comments=15674"", ""listing-hits=1""]","𝐒𝐢𝐭𝐚𝐫𝐚 𝐎𝐛𝐞𝐫𝐨𝐢

Forbidden fruit-that's what he was. The one person I should have avoided, yet life kept pulling me closer to him, as if the universe had already written our story.

Disaster-that's what he became. One night changed everything, shattering my world and leaving no way back.

I'm Sitara Oberoi-a girl with dreams like everyone else. Life hasn't been kind, but I've never stopped trying to create my own fairytale.

𝐒𝐡𝐚𝐚𝐧 𝐑𝐚𝐢 𝐒𝐢𝐧𝐠𝐡𝐚𝐧𝐢𝐲𝐚

""I should stay away from her."" It was a mantra I repeated every day, but fate had other plans, pushing her into my life no matter how hard I tried to resist.

She's my forbidden fruit-the one temptation I can't avoid, even though I know she could destroy me.

Love? It's not in my vocabulary, and I never planned on letting it in. But Sitara? She's rewriting everything, flipping my world upside down, and I can't stop her.

I'm Shaan Rai Singhaniyaa-life's no fairytale, and I've survived its thorns, walking over them like a king.

── ⋆⋅☆⋅⋆ ──

""𝐴𝑎𝑠𝑚𝑎𝑛 𝑚𝑒 𝑘𝑦𝑎 𝑑𝑒𝑘ℎ 𝑟ℎ𝑒 𝐶ℎ𝑎𝑎𝑛𝑑, 𝑆𝑖𝑡𝑎𝑟𝑒 𝑡𝑜 𝑝𝑎𝑠𝑎𝑛𝑑 𝑛ℎ𝑖 𝑨𝒂𝒑𝒌𝒐 ?"" Sitara teased, her voice playful as she sat beside him, her eyes sparkling like the stars.

Shaan's face was unreadable, his voice calm but weighted. ""Pehli baar dar mehsoos ho raha hai,"" he admitted.

""Dar? Woh kyun?"" she asked, her curiosity evident.

""𝑬𝒌 𝑺𝒊𝒕𝒂𝒓𝒂,"" he murmured, locking eyes with her, ""𝒋𝒐 𝒅𝒊𝒍 𝒄𝒉𝒖𝒓𝒂 𝒓𝒂𝒉𝒊 𝒉𝒂𝒊.""

As if on cue, fireworks lit up the sky, their glow reflecting in their eyes, marking a moment neither could forget.

⋅⋆Get ready for A tale of passion and chaos where two fierce souls collide, proving that the greatest risk isn't falling-it's daring to love."
True,https://www.wattpad.com/story/98243394,98243394,Orc Wars : Uprising,57.457402781173506,407623,15704,1116,1,"[""Fantasy"", ""Fiction"", ""Action"", ""Adventure""]","[""ACTION-ADVENTURE"", ""BATTLE"", ""COMINGOFAGE"", ""EPIC"", ""ESPORTS"", ""FRIENDSHIP"", ""FUTURISTIC"", ""GAMING"", ""MMORPG"", ""NEWADULT"", ""ORC"", ""RPG"", ""RUNAWAY"", ""SECRETS"", ""TECHNOLOGY"", ""TEENAGE"", ""TV"", ""VIRTUAL"", ""VIRTUALREALITY"", ""VRMMORPG"", ""WAR"", ""WATTPADORIGINALS""]","[""reads=407623"", ""votes=15704"", ""comments=1116"", ""listing-hits=1""]","Fleeing his home, Jace ends up starring on a reality show, playing ""Orc Wars: Uprising"". Only one avatar can win, and if he loses, Jace is back on the streets.

*****

Facing abuse at home, Jace runs away and lives on the streets. But it's not long before he finds an opportunity to build a new life - he's going to compete on a reality series based around the game ""Orc Wars: Uprising"". Soon Jace is living a double life, as himself, and as his famous avatar: Lazarus the Ranger. Soon the game is growing more complicated, and factions form within the game. If Jace loses he'll be back on the streets, but if he wins, he'll have everything he always dreamed of.

[[word count: 150,000-200,000 words]]"
True,https://www.wattpad.com/story/406437071,406437071,Best Apocalypse Stockpiling Space FL : I Established a Survivor Base,57.10297777293894,383992,7732,237,1,"[""Fiction"", ""Mystery"", ""Action"", ""Drama"", ""Thriller""]","[""MYSTERY THRILLER"", ""AMATEUR SLEUTH"", ""APOCALYPSE"", ""ARMYBUILDING"", ""BESTSTORIES"", ""ENDOFTHEWORLD"", ""HERO"", ""MAGICALSPACE"", ""MONSTERS"", ""MUTATION"", ""POORTORICH"", ""REBIRTH"", ""REINCARNATION"", ""REVENGE"", ""SCIFI"", ""SPACE"", ""SPECIALABILITIES"", ""STOCKPILING"", ""STRONGFEMALELEAD"", ""SUDDENWEALTH"", ""SURVIVAL"", ""TIMETRAVEL"", ""TRAGICPAST"", ""ZOMBIES"", ""MYSTERY / THRILLER""]","[""reads=383992"", ""votes=7732"", ""comments=237"", ""listing-hits=1""]","Novel Rating: 10/10

#2 - reincarnation

#1 - apocalypse

#2 - drama

#1 - survival

In the future-torrential rains, earthquakes, tsunamis, extreme cold, global mutations...

In the third year of the apocalypse, Su You was betrayed by her stepmother and died at the hands of those people in the mountaintop base.

But unexpectedly, she was reborn.

""Ding! You have awakened the Rebate System and the Survival Base. Please work hard to hoard supplies and collect resources to upgrade your base!""

With two golden cheats in hand, Su You goes all out hoarding, hoarding, hoarding! Instant meals, clothes and shoes, medical supplies, transportation...

Sitting on a mountain of resources, she calmly waits for the natural disasters to come.

After the disasters arrive-

The scheming stepmother: ""Youyou, we're all family. You should share half your supplies with us.""

The boss who deliberately fired her: ""Su You, give me some supplies. Once this passes, I'll give you an offer with a promotion and a raise.""

The cheating scumbag ex: ""Youyou, I'm your boyfriend. Hand the supplies to me for safekeeping. I'll protect you well in the apocalypse.""

To all of them, Su You has only one word: ""Scram!""

When the apocalypse descends, Su You hugs her orange cat, feasting in a warm, spring-like home.

But this rebirth-Su You won't just stop there.

Warehouses of supermarkets, hospitals, food factories, clothing factories, pharmaceutical plants... Even experts from research institutes, skilled professionals, and factory workers- Su You gathers them all under her wing.

Before she realizes it, she has already established the largest survivor base in the world."
True,https://www.wattpad.com/story/77631472,77631472,Aspiration to the Heavens: Becoming the Supreme Mage Vol. 1- Novus Magus,57.23462074570453,379209,18977,9082,1,"[""Fantasy"", ""Fiction"", ""Action"", ""Comedy"", ""Romance""]","[""HIGH FANTASY"", ""WUXIA AND CULTIVATION"", ""MAGICAL KINGDOMS"", ""ACADEMY"", ""ANIMEINSPIRED"", ""ANNIVERSARY"", ""BOYXGIRL"", ""CHARACTER-DRIVEN"", ""COMINGOFAGE"", ""COMPLETE"", ""ELEMENTS"", ""FEATURE"", ""FIGHT"", ""LIGHT-NOVEL"", ""LIGHTNING"", ""MAGES"", ""MAGIC"", ""MALEPROTAGONIST"", ""REINCARNATION"", ""ROMCOM"", ""SHOUNEN"", ""TEXTTOSPEECH"", ""WEAKTOSTRONG"", ""XUANHUAN""]","[""reads=379209"", ""votes=18977"", ""comments=9082"", ""listing-hits=1""]","How far are you willing to go to achieve your dreams?

That's a question that Lei's been asked a lot in his life as a boy born with asthma. However, Lei doesn't care about what others say. He still aims the strongest mage in all of Xeleria, even if it means dying while trying. The first step to make his dream into a realtion is pass the entrance exam to Nine Petal Academy! But can a boy with wind magic who ironically has trouble breathing really be able to make it into one of the world's top magic academies?

With books 2 and 3 also already completed and book 4 currently ongoing, immerse yourself in a world filled with magic, danger, love, and the pursuit of power. Don't miss out on this original light novel series that will leave you spellbound.

The other Books in the 'Aspiration to the Heavens: Becoming the Supreme Mage' Series

Volume 2- Descent of Darkness

Volume 3- Blade of Ruin

Volume 4- Crimson Phoenix Guardian"
True,https://www.wattpad.com/story/349765,349765,The Psychic Within,57.15259588077125,378237,18137,1775,1,"[""Paranormal"", ""Fiction"", ""Mystery""]","[""OCCULT & AFTERLIFE"", ""SUPERNATURAL CREATURES"", ""WITCHES"", ""CREATURE"", ""CURSE"", ""DEMON"", ""DONTREADTHISATNIGHT"", ""GHOST"", ""HAUNTED"", ""HAUNTING"", ""MAGIC"", ""MONSTER"", ""NEWADULT"", ""POWERS"", ""PSYCHIC"", ""SPIRIT""]","[""reads=378237"", ""votes=18137"", ""comments=1775"", ""listing-hits=1""]","Sequel to The Psychic Next Door.

Rachel Vaughn just wants to feel normal again. After narrowly escaping the wrath of the Beast (and its deranged master) returning to an ordinary life seems impossible, especially with her psychic boyfriend Luc around. It doesn't help that Rachel is tortured every night by nightmares... Nightmares that are beginning to bleed into her waking life.

The appearance of a ghostly girl -- a girl only she can see -- threatens what's left of Rachel's delicate mind. It doesn't help that her boyfriend Luc thinks it's all in her head, a product of her past trauma and strained nerves. He's psychic after all; wouldn't he know?

But as more and more apparitions begin to appear, Rachel begins to doubt Luc's word. These ghostly girls seem to want something from her. With no one on her side, Rachel is forced to go hunting for her own answers. Only, she might not like what she finds...

As unsettling and twisted as the first book, The Psychic Within will drag you in and not let you go."
True,https://www.wattpad.com/story/406838137,406838137,Transmigrated as Denki Kaminari,57.09761366675404,368776,23283,6305,1,"[""Fanfiction"", ""Adventure"", ""Anime""]","[""FANFIC"", ""MY HERO ACADEMIA"", ""ACTION AND THRILLER"", ""ALLMIGHT"", ""BAKUGOU"", ""BNHA"", ""BOKUNOHEROACADEMIA"", ""DEKU"", ""DENKI"", ""DENKIKAMINARI"", ""HEROACADEMIA"", ""ISEKAI"", ""IZUKU"", ""KAMINARI"", ""MALEOC"", ""MHA"", ""MIDORIYA"", ""MYHEROACADEMIA"", ""OPDENKI"", ""RAILGUN"", ""REINCARNATION"", ""SCIENCE"", ""SMARTDENKI"", ""TODOROKI"", ""TRANSMIGRATION""]","[""reads=368776"", ""votes=23283"", ""comments=6305"", ""listing-hits=1""]","Mark didn't expect to die and wake up in the world of My Hero Academia. He definitely didn't expect to wake up as Denki Kaminari, the class dunce known for frying his own brain.

Mark refuses to be a comic relief character. He refuses to be a simple battery.

Armed with a Harvard education from his past life and a dangerous understanding of physics, Mark sets out to rewrite Denki's destiny. By applying the laws of electromagnetism to his Quirk, he plans to turn a self-destructive power into a weapon of mass destruction. From working part-time for a terrifying mechanic to catching the eye of the Number 3 Hero, Mark is ready to show the world that the ""dumbest"" student in Class 1-A might just be the most dangerous one in the room.

The goal is U.A. High. The method is science. And the result is electrifying."
True,https://www.wattpad.com/story/43903,43903,My Abusive Ex Boyfriend Just Got Out Of Jail,56.91985846853933,366802,5129,954,1,"[""Horror"", ""Fiction""]","[""ABUSE"", ""ABUSIVE"", ""BOYFRIEND"", ""DRINKING"", ""MURDER"", ""TEXTTOSPEECH""]","[""reads=366802"", ""votes=5129"", ""comments=954"", ""listing-hits=1""]","I was abused, i tried to get out but i couldn't. he kidnapped me when i tried to break it off and then after 6 months they finally found me almost dead, starved in his closet. It has been 3 years since he was put in jail and now he's out again. I know he's coming after me, and this time I don't know if I'm going to make it. I hate him, he loves me. Will his love be what brings the end to me?"
True,https://www.wattpad.com/story/385128777,385128777,အသက်ရှင်နိုင်ဖို့အရေး အနမ်းတွေကို မှီခိုနေရဦးမယ်!,57.002028575479315,366628,28172,1251,1,"[""Horror"", ""Fiction""]","[""GHOSTS AND HAUNTINGS"", ""GHOST"", ""LOVEATFIRSTSIGHT"", ""SURVIVALGAMES"", ""SYSTEM"", ""TRAGIC"", ""YANDERE""]","[""reads=366628"", ""votes=28172"", ""comments=1251"", ""listing-hits=1"", ""presentation:very-short-synopsis""]",99 Chapters + 9 Extras
True,https://www.wattpad.com/story/120255658,120255658,Cognitive Deviance,57.00642945234694,359666,16908,9423,1,"[""Science Fiction"", ""Fiction"", ""Action"", ""Crime"", ""Dystopian"", ""Sci-Fi"", ""Thriller""]","[""CYBERPUNK"", ""APOCALYPTIC AND DYSTOPIAN"", ""ROBOTS AND AI"", ""DARK"", ""DEATH"", ""DETECTIVE"", ""DISTURBING"", ""FEMALEPROTAGONIST"", ""FUTURISTIC"", ""MENTALHEALTH"", ""MURDER"", ""NEWADULT"", ""POLICE"", ""PSYCHO"", ""PSYCHOLOGICAL"", ""SCIENCE-FICTION"", ""SCIENCEFICTION"", ""SCIFI"", ""STRONGFEMALELEAD"", ""SUSPENSE"", ""TERRORISM"", ""TEXTTOSPEECH""]","[""reads=359666"", ""votes=16908"", ""comments=9423"", ""listing-hits=1""]","In 2045, Psychwatch treats the mentally ill or cages them. Margo wants to bring empathy to every patient but a killer pushes her, and the system, to the limits

*****

In a dark future, more than a third of the United States population suffers from mental illness and violent crime is on the rise. In response, Psychwatch is formed - an organization intended to combine mental healthcare and law enforcement - creating monitored areas and neglected ones known as the Psycho Slums. Margo Sandoval is the latest recruit to Psychwatch, bringing a new level of empathy to the controversial agency known for its unforgiving methods. Margo spends her days as an Empath treating everyone possible, until the arrival of a new serial killer upends her life and forces her to confront the evils of the human mind and the system that claims to be the solution."
True,https://www.wattpad.com/story/278770795,278770795,THE UNIVERSITY OF GANGSTERS,56.61469312669119,350711,5192,72,1,"[""Fiction"", ""Mystery"", ""Romance"", ""Thriller""]","[""MYSTERY THRILLER"", ""2025"", ""BULLYSTORY"", ""DAMON"", ""GANGLEADER"", ""GANGLIFE"", ""GANGSTERS"", ""HELL"", ""HUMOR"", ""LOVESTORY"", ""LOVETRIANGLE"", ""LUCIFER"", ""OBSESSION"", ""ORIGINAL"", ""PHILIPPINES"", ""PHILOSOPHY"", ""POSSESSIVE"", ""SHORTSTORY"", ""TAGALOG"", ""TAGALOG-ENGLISH"", ""TAGLISH"", ""UNIVERSIDAD"", ""MYSTERY / THRILLER""]","[""reads=350711"", ""votes=5192"", ""comments=72"", ""listing-hits=1""]","There exists a notorious school known only as the University of Gangsters-a place where students with the lowest grades and the most violent tempers are cast away. It is a prison disguised as a campus, where rules are warped and morality is a forgotten word. In these halls, drugs, cigarettes-even murder-are not forbidden. Chaos is law, and power decides who survives.

Within its walls, factions rise and fall. Gangs are formed in shadows, alliances sealed with blood, and betrayals whispered behind every corner. And yet, beneath the violence and madness, one strange truth remains-everyone is desperate to escape. For many, studying is not a choice, but a way out of the cage.

Among the many thrown into this cursed academy, a group of friends finds themselves bound by fate. One among them-a girl whose heart dares to love the mysterious and feared owner of the school. But their love is forbidden. Eyes watch them. Enemies stir. And secrets-dark, ancient, and dangerous-begin to unravel.

Demons masquerade as angels. Enemies wear the faces of friends. Every smile may hide a dagger. Every truth may be a lie.

And in the end...

Will love conquer the storm, or will hatred and vengeance burn the world down?

""Fight or else you will die...""

[COMPLETE]

This story is written in Taglish (Tagalog and English).

This story is not based on real events. Names, Characters, place, and events are not real.

WARNING: This story may contain matured content, language, and abuse."
True,https://www.wattpad.com/story/302316899,302316899,The Little Dinosaur Girl,56.68020846714997,344886,5349,1634,1,"[""Adventure"", ""Fiction""]","[""ACTION AND THRILLER"", ""BLUE"", ""DINOSAURS"", ""FAMILY"", ""HYBRID"", ""INDOMINUSREX"", ""JURASSIC"", ""JURASSICWORLD"", ""OWENGRADY"", ""RAPTORSQUAD"", ""TEXTTOSPEECH""]","[""reads=344886"", ""votes=5349"", ""comments=1634"", ""listing-hits=1""]","After her parents died on a tragic accident, Val Grady has to live her new life with her uncle, Owen Grady, in Jurassic World, where befriended all the dinosaurs, including a pack of Velociraptors and two hybrids that took a liking at her. But she will soon discover a hidden secret that was kept from her and her family."
True,https://www.wattpad.com/story/206446423,206446423,What Happened That Night (Wattpad Books Edition),56.580206465468116,338690,5464,949,1,"[""Fiction"", ""Mystery"", ""Crime"", ""Romance"", ""Thriller""]","[""MYSTERY THRILLER"", ""MURDER"", ""AMERICAN"", ""ARREST"", ""COMINGOFAGE"", ""CONTEMPORARY"", ""DARK"", ""DEATH"", ""FAMILY"", ""FLASHBACKS"", ""FORBIDDENLOVE"", ""FRIENDSHIP"", ""HIGHSCHOOL"", ""LOVE"", ""PRISON"", ""PSYCHOLOGICAL"", ""SECRETS"", ""SMALLTOWN"", ""TEEN"", ""WATTPADBOOKS"", ""WATTPADORIGINALS"", ""YOUNGADULT"", ""MYSTERY / THRILLER""]","[""reads=338690"", ""votes=5464"", ""comments=949"", ""listing-hits=1""]","WATTPAD BOOKS EDITION

Griffin Tomlin is dead. And Clara's sister killed him . . .

Four months after the murder, the entire town of Shiloh is still in shock. For Clara Porterfield, the normal world has crumbled around her in a million chaotic pieces. Now Clara lives in a new reality, where her sister awaits trial for murder, her mother obsessively digs in a dead, frozen garden, and her father lives and breathes denial. At school, Clara is haunted by her classmates' morbid curiosity-and all of the unspoken questions they won't ask.

But none of them knows what she knows . . .

Now Clara's sister wants something from her-the one thing in all of this that Clara isn't ready to face: the truth about what really happened that night. Because this story didn't die with Griffin Tomlin. There's another story that needs to be told. And sometimes, the lies we're told are nowhere near as deadly as the lies we tell ourselves . . ."
True,https://www.wattpad.com/story/198272427,198272427,Countryhumans Murder Mystery,56.602145323012806,336994,3324,9007,1,"[""Fiction"", ""Mystery""]","[""MYSTERY THRILLER"", ""MURDER"", ""AMERICA"", ""CANADA"", ""COUNTRYHUMANS"", ""JAPAN"", ""MURDERMYSTERY"", ""TEXTTOSPEECH"", ""MYSTERY / THRILLER""]","[""reads=336994"", ""votes=3324"", ""comments=9007"", ""listing-hits=1""]","Disclaimer-In this AU relationships may or may not be happening. such as Gerpol and Canada x Ukraine

in this story America hosts a party at his house. of course, he wants to do something stupid and they decide to sleepover at a ""haunted"" house in the neighbourhood. little do they know they made the wrong decision. . . can they fix it in time? nobody knows.

Don't mind the shitty art on the cover. I can't really draw =/

Anyways welcome to my shitty book where everyone may or may not be murdered/tortured."
True,https://www.wattpad.com/story/360982895,360982895,"# 𝐈𝐍𝐅𝐀𝐓𝐔𝐀𝐓𝐄, ᵈᵈᵒˢᵃᵐᵃ",56.53905601952089,329323,6862,3442,1,"[""Fiction"", ""Romance""]","[""HUMOR"", ""HIGHSCHOOL"", ""OPPOSITES ATTRACT"", ""DAVIDREYES"", ""DD"", ""DDOSAMA"", ""DDOT"", ""DOMINICAN"", ""DRILL"", ""E4D"", ""E4N"", ""EDOTBABY"", ""ETHANREYES"", ""FRIENDSHIP"", ""HARLEM"", ""HOOD"", ""HOODLOVE"", ""HOODSTORY"", ""JAY"", ""JAYKLICKIN"", ""NEWYORK"", ""NOTTI"", ""NOTTIOSAMA"", ""NYC"", ""SUGARHILLDDOT"", ""TEXTTOSPEECH"", ""URBAN""]","[""reads=329323"", ""votes=6862"", ""comments=3442"", ""listing-hits=1""]","♡︎ 𝐈𝐍 𝐖𝐇𝐈𝐂𝐇| A 16 year old who's disrespectful and bossy--Most popular girl in school at that--but she meets her match when a boy named David Reyes moves to her school.

------

This is my original work and I take full credit for it. Just enjoy, vote, and comment. ♡︎

i promise the chapters get longer 🥲

started-february 2nd 2024

ended-march 9th 2024"
True,https://www.wattpad.com/story/32927460,32927460,Rise of the Dead,56.55700579325079,328237,15410,2825,1,"[""Horror"", ""Fiction""]","[""ZOMBIES"", ""APOCALYPSE"", ""CROWBAROUT"", ""DEAD"", ""INFECTED"", ""RISE"", ""SURVIVAL"", ""SURVIVALATALLCOSTS"", ""TEXTTOSPEECH"", ""THEHORDECOMETH"", ""WATTYS2019"", ""WATTZOMBIE"", ""ZOMBIE""]","[""reads=328237"", ""votes=15410"", ""comments=2825"", ""listing-hits=1""]","We don't choose to die, we're designed too.

It was just never the creator's plan for the dead to rise again.

Zombies were the characters in our nightmares, the actors in our films and the taboo we'd all secretly admired. Never did we imagine they'd become our reality. Now every day is a battle for survival, a fight against the dead that seems to be creeping ever closer.

We don't choose to die.

We're designed too.

*

This story follows a small group of teens in a race for survival against the infected, with death, disease and the unshakable feeling that they're being stalked- life just got a whole lot harder.

Highest ranking: #9 in Horror

Wattpad Featured Story: 23/10/2017

Wattpad Zombies Gut Wrenchers: 12/12/2020

Winner of The Contemporary Reads Awards: Best Zombie Book and The Champion's Award"
True,https://www.wattpad.com/story/155932517,155932517,The Search for Cinderella,56.41416658297194,318336,15768,2253,1,"[""Fantasy"", ""Fiction"", ""Adventure"", ""Historical"", ""Romance""]","[""FAIRY TALES AND MYTHOLOGY"", ""ANGST"", ""BALL"", ""BETRAYAL"", ""CINDERELLA"", ""COMPLETE"", ""COMPLETED"", ""CROSSDRESSING"", ""FAIRYTALES"", ""FRIENDS"", ""FRIENDSHIP"", ""JOURNEY"", ""MAGIC"", ""ORPHAN"", ""PRINCE"", ""QUEST"", ""RESCUE"", ""SLOWBURN"", ""STEPMOTHER"", ""TEXTTOSPEECH"", ""WITCH""]","[""reads=318336"", ""votes=15768"", ""comments=2253"", ""listing-hits=1""]",After being left destitute by her stepmother Jade must dress up as a man to make a respectable living since she lives in a time where women are bound by the confines of society. She finds herself employed by Prince Luke who is in search for his one and only true love.
True,https://www.wattpad.com/story/386592382,386592382,𝐍𝐈𝐒𝐇𝐈𝐓𝐀: 𝐓𝐇𝐄 𝐃𝐄𝐒𝐓𝐑𝐔𝐂𝐓𝐈𝐎𝐍|𝟏𝟖+,56.177351512354484,301755,18540,2031,1,"[""Fiction"", ""Mystery"", ""Paranormal"", ""Thriller""]","[""MYSTERY THRILLER"", ""MURDER"", ""KIDNAPPING"", ""DARK ACADEMIA"", ""ARRANGEDMARRIAGE"", ""BETRAYAL"", ""BROTHERSBESTFRIEND"", ""BUSINESS"", ""DARKROMANCE"", ""ENEMIESTOLOVERS"", ""KING"", ""LOVE"", ""MAFIA"", ""MAFIAPRINCESS"", ""MASTERMIND"", ""MULTICOUPLE"", ""MYSTERIOUS"", ""OBSESSED"", ""OBSESSION"", ""PASSION"", ""PAST"", ""PASTTRAUMA"", ""REVENGE"", ""SECRETIDENTITY"", ""SECRETRELATIONSHIP"", ""TOP10"", ""VILLAIN"", ""MYSTERY / THRILLER""]","[""reads=301755"", ""votes=18540"", ""comments=2031"", ""listing-hits=1""]","#𝐁𝐨𝐨𝐤 𝟏 𝐨𝐟 𝐑𝐞𝐯𝐞𝐧𝐠𝐞 𝐬𝐞𝐫𝐢𝐞𝐬

Betrayed by blood. Shaped by pain. Forged in fire.

Nishita Raichand, once a vulnerable teenage girl discarded by her own family, returns as a force the world isn't ready for. Thrown out of her home at 13, framed for a sin she didn't commit, and scarred by the death of her mother, Nishita rises from the ashes in the shadows of Italy. Adorned with a hidden crown as the Mafia Queen and a title as the youngest billionaire, she builds an empire that leaves her enemies trembling.

But her return to India is more than just a business venture. It's revenge-a meticulously crafted game where every move is deadly. As she faces her tormentors, one by one, her aunt and grandmother, the very architects of her suffering, are about to meet a reckoning unlike any other.

In her path stands Siddharth Singh Rathore-a ruthless tycoon, a royal heir, and an enigma with secrets of his own. Their collision isn't just business; it's a battlefield where power, passion, and mystery intertwine. But what happens when two masterminds with shadowy pasts clash?

This isn't just a story of revenge. It's the story of destruction.

Tropes

Mafia X Mafia

businessman X businesswoman

marriage of revenge

age gap

brother's bestfriend

he fell first she fell harder

obsessed MMC

Strong female lead

Power couple

grumpy X grumpiest"
True,https://www.wattpad.com/story/403313537,403313537,The Color Of My Own Sky,56.12682515253205,294641,24761,6898,1,"[""Romance"", ""Fiction"", ""Drama""]","[""SLOW BURN"", ""DESTINED LOVE"", ""SECOND CHANCE"", ""AREWA"", ""ARRANGED"", ""COMPARE"", ""CONFLICT"", ""CONTEMPORARY"", ""DIVERSE"", ""EMOTIONAL"", ""HEALING"", ""HEARTBREAK"", ""HOPE"", ""IDENTITY"", ""ISLAM"", ""LOVE"", ""LOVETRIANGLE"", ""MARRIAGE"", ""MUSTREAD"", ""PINK"", ""REDEMPTION"", ""SECONDBEST"", ""SHADOW"", ""SLOWBURN"", ""SPIRITUAL"", ""TWIN""]","[""reads=294641"", ""votes=24761"", ""comments=6898"", ""listing-hits=1""]","In a home where love was a currency, she was always bankrupt. Her parents' affection was reserved for the twin who reflected their every hope, leaving her to inherit the hushed comparisons and soft dismissals.

She was constantly reminded of her lesser worth, but she never imagined her marriage would be a cast-off from the twin who was truly desired.

Offered as a consolation prize, she expects only disappointment in a loveless union.

Yet, the journey of marriage becomes an unexpected path to self-discovery.

The Color Of My Own Sky is a story of the invisible bruises that shape a soul, and the battle to finally find the courage to paint your own brilliant horizon.

Nov. 3

©deey_jah"
True,https://www.wattpad.com/story/162414159,162414159,Emily,55.957142275616164,289872,14684,708,1,"[""Fiction"", ""Historical""]","[""HISTORICAL FICTION"", ""REGENCY"", ""BOOKTWO"", ""COMPLETE"", ""DUCHESS"", ""DUKE"", ""ENGLAND"", ""HISTORICALFICTION"", ""HISTORICALROMANCE"", ""LOVE"", ""PAST"", ""REGENCYERA"", ""REGENCYROMANCE"", ""SERIES"", ""SWEET"", ""TEXTTOSPEECH"", ""WATTYS2019""]","[""reads=289872"", ""votes=14684"", ""comments=708"", ""listing-hits=1""]","*Book 2 in the Regency Series- can be read as a standalone.*

Nathaniel Whitlock, Duke of Somerhall is used to debutantes who want him for nothing more than his title and the wealth and prestige that comes with it. He has seen the first of his sisters marry for love and knows that it is something he wants for himself. Unfortunately, he can never know whether a girl is interested in him or in his bankbook.

Then, in comes Lady Emily Carter, his sister's friend. After being off travelling the world for two years, the young lady is back in society, and visits his estate with his sister, Cassandra. When she arrives, Nate is immediately taken by this fiery lady and it appears that she feels the same. However, there is nothing Emily values more than her independence and Nate does not know what she will choose."
True,https://www.wattpad.com/story/407549761,407549761,Running To Them,55.73460751027899,283435,2386,1431,1,"[""Fiction"", ""Mystery"", ""Crime""]","[""MYSTERY THRILLER"", ""KIDNAPPING"", ""MURDER"", ""DETECTIVE AND POLICE"", ""ABUSE"", ""ANXIETY"", ""BROTHERS"", ""CRIMEFAMILY"", ""FAMILY"", ""FATHER"", ""GANGS"", ""LITTLESISTER"", ""LOVE"", ""MAFIABROTHERS"", ""MAFIAPRINCESS"", ""MENTALHEALTH"", ""OLDERBROTHER"", ""OLDERBROTHERS"", ""OVERPROTECTIVE"", ""PROTECTIVE"", ""SECRETS"", ""SEQUEL"", ""TEENAGE"", ""TEENAGER"", ""TEENAGERS"", ""TRAUMA"", ""MYSTERY / THRILLER""]","[""reads=283435"", ""votes=2386"", ""comments=1431"", ""listing-hits=1""]","BOOK TWO

*the first book is under editing and has around 60 chapters in total. DO NOT read this book before finishing the first as it is MAJOR SPOILERS*

Blaire is older now. Beautiful. Kind. Confident.

In the last few years, things with her brothers have changed. Closer than ever, the family has stayed true to their word- honest, open and yet still as protective as ever before.

Blaire is living as normal a teenage life as she can- Parties, hobbies, school and crushes.

But, with the threat of her family's enemies lingering, a normal teenage life isn't always possible.

What happens when Blaire and her friends realize girls in their school are going missing... and no one is doing anything about it?

Will she uncover the truth? Or will she fall into a sea of lies again?"
True,https://www.wattpad.com/story/395969891,395969891,When You Weren't Looking,55.883939122723106,281017,20304,2923,1,"[""Romance"", ""Fiction"", ""Drama""]","[""SLOW BURN"", ""OPPOSITES ATTRACT"", ""AGEGAP"", ""ANGST"", ""ARRANGEDMARRIAGE"", ""BESTFRIENDSBROTHER"", ""CRUSH"", ""DESILOVE"", ""EARLY2000S"", ""EMOTIONAL"", ""INDIA"", ""INDIANROMANCE"", ""JAIPUR"", ""LOVE"", ""SHEFELLFIRST"", ""SLOWBURN"", ""VILLAGEVIBES""]","[""reads=281017"", ""votes=20304"", ""comments=2923"", ""listing-hits=1""]","Set in early 2000s India, this is a slow-burn romance of unsaid feelings, stubborn silences, and hearts that take their time to fall.

""I have loved you since I was six.""

But I never told him.

Because he was my best friend's brother. Because he was eight years older. Because he never looked at me the way I looked at him.

Years passed. I never moved on.

Not even a little.

And then... he came back-older, colder, and wearing a police uniform. Then, I did the one thing I never dared before.

I wrote him a letter. A letter full of everything I had buried inside me for years.

He read it.

And broke my heart with five quiet words: ""You are not my type.""

But fate, it seems, has a twisted sense of humour.

One letter. One rejection.

And one arranged marriage proposal later, suddenly, I'm his fiancée.

He asked me to say no.

I said yes."
True,https://www.wattpad.com/story/360094542,360094542,𝓙𝓾𝓼𝓽 𝓟𝓻𝓮𝓽𝓮𝓷𝓭 || D. Grayson,55.89057298696119,280769,12050,3720,1,"[""Fanfiction""]","[""FANFIC"", ""DC: BATMAN"", ""COMICS"", ""DC"", ""DCCOMICS"", ""DCFANFICTION"", ""DICKGRAYSON"", ""GRAYSON"", ""GREENLANTERN"", ""HALJORDAN"", ""JUSTICELEAGUE"", ""LANTERN"", ""LANTERNCORPS"", ""NIGHTWING"", ""REDLANTERN"", ""ROBIN"", ""YOUNGJUSTICE""]","[""reads=280769"", ""votes=12050"", ""comments=3720"", ""listing-hits=1""]","𝘐 𝘤𝘰𝘶𝘭𝘥 𝘸𝘢𝘪𝘵 𝘧𝘰𝘳 𝘺𝘦𝘢𝘳𝘴 𝘪𝘧 𝘐 𝘨𝘰𝘵𝘵𝘢

𝘏𝘦𝘢𝘷𝘦𝘯 𝘬𝘯𝘰𝘸𝘴 𝘐 𝘢𝘪𝘯'𝘵 𝘨𝘦𝘵𝘵𝘪𝘯𝘨 𝘰𝘷𝘦𝘳 𝘺𝘰𝘶

The five times Robin fell in love with a Red Lantern and the one time she fell harder five years later.

Nightwing x OC

Young Justice S1-TBD

started: Jan. 25, 2024

finished:

edited:d:"
True,https://www.wattpad.com/story/409777201,409777201,The Life of A Villainess [COMPLETED],55.66299330087574,274771,8714,240,1,"[""Fantasy"", ""Fiction"", ""Romance""]","[""ISEKAI AND REINCARNATION"", ""SECOND CHANCE"", ""CHANGEDESTINY"", ""FEMALEPROTAGONIST"", ""FL"", ""LAZYHEROINE"", ""NOBILITY"", ""NOBLE"", ""ORIGINAL"", ""PRINCE"", ""REINCARNATED"", ""REINCARNATION"", ""ROMCOM"", ""ROYAL"", ""ROYALTY"", ""TRANSMIGRATION"", ""VILLAINESS""]","[""reads=274771"", ""votes=8714"", ""comments=240"", ""listing-hits=1""]","‼️STORY IS REPUBLISHED‼️

----

Esmeralda only wanted one thing and that was to chase after Rael, the crown prince, and hopefully marry him someday.

But all that hope fade into nothing when she remembered everything.

This world? It's from a novel she read in her past life.

And her? Esmeralda Schuan, the villainess who gets dumped, humiliated, and eventually destroyed.

No thanks.

This time, she's not chasing the crown prince. Not fighting over love. Not ruining her life for a story that isn't worth it.

She just wants to enjoy her rich and pampered life.

But somehow...

The more she tries to step away from the story and save her future, the more she realizes everything isn't what she thought it would be."
True,https://www.wattpad.com/story/321607149,321607149,𝐒𝐭𝐨𝐥𝐞𝐧 𝐇𝐞𝐚𝐫𝐭,55.568955014593705,271310,2636,1949,1,"[""Romance"", ""Fiction"", ""Mystery"", ""Thriller""]","[""DARK ROMANCE"", ""MAFIA"", ""ACTION AND THRILLER"", ""ABUSE"", ""ARRANGEDMARRIAGE"", ""BADDIE"", ""CLASSICS"", ""COMPELLING"", ""DADDYISSUES"", ""DARKACADEMIA"", ""FLIRT"", ""FREEDOM"", ""IMMERSIVE"", ""ITALIAN"", ""LOVE"", ""PHILOSOHICAL"", ""PLOTTWIST"", ""POOR"", ""POWERFUL"", ""SOCIALHIERARCHY"", ""SPANISHMAFIA"", ""SUSPENSE"", ""TENSION""]","[""reads=271310"", ""votes=2636"", ""comments=1949"", ""listing-hits=1""]","|𝐎𝐍𝐆𝐎𝐈𝐍𝐆|

- arranged marriage

- slow-burn

- plot twists

- philosophical ideas

- no spice

𝐓𝐡𝐢𝐬 𝐢𝐬 𝐍𝐎𝐓 𝐲𝐨𝐮𝐫 𝐭𝐲𝐩𝐢𝐜𝐚𝐥 𝐦𝐚𝐟𝐢𝐚 𝐫𝐨𝐦𝐚𝐧𝐜𝐞 𝐛𝐨𝐨𝐤. This story explores themes of autonomy, survival, class, power, psychology and love. In short, it is a philosophically based book, set around a mafia setting with a slow-burn romance/arranged marriage trope. It focuses on main characters as individuals first, allowing them to share thoughts on how they view the world, and how their experiences shape their development along with the storyline.

~~~

𝐀𝐃𝐎𝐑𝐀 𝐋𝐎𝐌𝐁𝐀𝐑𝐃𝐈 always knew her fate was to marry rich - to save her family from poverty, even if it meant sacrificing herself. But when her abusive father sells her to the powerful Alvarez family, she realizes she hasn't been promised to a wealthy heir... she's been sold to the mob.

Yet, for the first time, Adora tastes freedom away from her suffocating home. In a mansion full of rules, danger, and shadows, she clings to her independence - even when it puts her at odds with those who now control her future.

𝐒𝐀𝐍𝐓𝐈𝐀𝐆𝐎 𝐀𝐋𝐕𝐀𝐑𝐄𝐙, the reluctant new head of the Spanish Mafia, has been raised to care about nothing but power. But he despises the bloodstained world his father built. He only finds solace in books - the one place he can breathe.

When Adora enters his world, fiery and unbroken despite her past, Santiago discovers someone who understands him in ways no one else ever could. But in a house where loyalty is currency and secrets can kill, their connection might cost them everything.

Is it possible for two enigmatic people to fall in love? Or perhaps their fate lies within the world around them.

Rankings:

#1 in immersive - 26/11/25

#1 in socialhierarchy - 26/11/25

#1 in flirt - 21/3/26

#1 in classics - 28/1/26"
True,https://www.wattpad.com/story/9584539,9584539,Scary Ghost Stories,55.5867826955266,268365,5779,1230,1,"[""Fiction"", ""Horror"", ""Paranormal""]","[""SHORT STORY"", ""GHOSTS AND HAUNTINGS"", ""DARK"", ""FREAKY"", ""GHOST"", ""GHOSTS"", ""GHOSTSTORIES"", ""SCARY"", ""SHORTSTORIES"", ""SHORTSTORY"", ""STALKER"", ""TERRIFYING"", ""TORMENT""]","[""reads=268365"", ""votes=5779"", ""comments=1230"", ""listing-hits=1"", ""presentation:very-short-synopsis""]","Stories to thrill you.

©Tainted Roses Copyright

(CC) Attribution-ShareAlike"
True,https://www.wattpad.com/story/177600492,177600492,Goodbye to the Knight✔️,55.49046152378066,255388,11817,4834,1,"[""Fiction"", ""Historical"", ""Action"", ""Adventure"", ""Romance""]","[""HISTORICAL FICTION"", ""MIDDLE AGES"", ""1300S"", ""14THCENTURY"", ""ARRANGEDMARRIAGE"", ""BLACKDEATH"", ""CASTLES"", ""DISEASE"", ""ENGLAND"", ""GIRLPOWER"", ""HISTORICALFICTION"", ""HISTORICALROMANCE"", ""HISTORY"", ""HORSES"", ""JOURNEY"", ""KNIGHT"", ""LOVE"", ""MAIDEN"", ""MEDIEVAL"", ""MIDDLEAGES"", ""PLAGUE"", ""RUNAWAY"", ""TEXTTOSPEECH"", ""WATTYS2021""]","[""reads=255388"", ""votes=11817"", ""comments=4834"", ""listing-hits=1""]","[COMPLETED] ""We lock eyes and even at this distance I see the fire burning within, his power radiating outwards sending fear into the hearts of those opposing him. His jaw is taut but his motions are as fluid as a cat playing with its prey. The scarred knight is very much alive.""

The year is 1350. The Middle Ages.

Novella, a young women, flees her castle home to escape an arranged marriage. To keep her freedom, Ell is forced to go undercover as a male and take on the plague infected land.

Killian, a knight scarred from battles in France, is returning home at last. He never expected to come across a rather strange pair of stable hands journeying across the countryside, but who would?

A chance encounter brings these two together. Will Novella manage to keep her identity hidden, or will Killian discover the truth?

Gather your swords and dive into a novel filled with adventure, action, and of course, romance!

Highest Rankings:

06/05/21 - #1 in Historical Fiction!

13/10/21 - #2 in Historicalromance"
True,https://www.wattpad.com/story/245082356,245082356,The Bad Boy and the Tomboy,55.20847880122512,247305,3718,2163,1,"[""Romance""]","[""TEEN FICTION"", ""FANFIC"", ""FOOTBALL/SOCCER"", ""BADBOY"", ""CONTEMPORARY"", ""FIRSTLOVE"", ""FOOTBALL"", ""HIGHSCHOOL"", ""HUMOR"", ""KISS"", ""LOVE"", ""LOVETRIANGLE"", ""TEEN"", ""TEENFICTION"", ""TOMBOY"", ""WATTPADBOOKS"", ""WATTPADORIGINALS"", ""YOUNGADULT""]","[""reads=247305"", ""votes=3718"", ""comments=2163"", ""listing-hits=1""]","WATTPAD BOOKS EDITION.

Some love stories begin in all the wrong ways.

Always comfortable being one of the guys, Macy Anderson is laser focused on only three things: studies, soccer, and a scholarship. Romance is the last thing on Macy's mind, until Cedric Cahill-the one boy she's ever crushed on-asks her out on a date.

Handsome and charismatic, Cedric's everything Macy has ever wanted in a boyfriend. There's just one problem: Cedric's cousin Sam. Brazen and unapologetic with a bad-boy reputation to match, Sam has an annoying way of constantly showing up in Macy's life. Something crackles beneath their ""just friends"" relationship, and soon Macy's thinking about him in all the ways she shouldn't-pushing things too far when she's around him.

As the tension between them escalates, Macy needs to decide if it's worth risking both a friendship and a relationship to find out where her heart's loyalties truly lie. Especially when the truth behind Sam's bad-boy demeanor changes everything between them forever."
True,https://www.wattpad.com/story/261113959,261113959,𝐒𝐔𝐂𝐊𝐄𝐑 𝐏𝐔𝐍𝐂𝐇,55.262613431413655,242797,7820,7386,1,"[""Fiction"", ""Crime"", ""Drama"", ""Mystery""]","[""GENERAL FICTION"", ""SOCIAL THEMES"", ""ABUSE AND TRAUMA"", ""ABANDONED"", ""BETRAYAL"", ""CALIFORNIA"", ""CONFLICT"", ""CRIMEFICTION"", ""DYSFUNCTIONAL"", ""FAMILY"", ""FAMILYBUSINESS"", ""GANGS"", ""HIGHSCHOOL"", ""HUMOR"", ""LITTLESISTER"", ""OLDERBROTHERS"", ""PLOTTWIST"", ""RAGSTORICHES"", ""REUNITED"", ""SECRETS"", ""SIBLINGS"", ""TEENFICTION"", ""TRAUMA"", ""TRIPLETS""]","[""reads=242797"", ""votes=7820"", ""comments=7386"", ""listing-hits=1""]","Betrayal is nothing new to the Łabanowski siblings. Neither is abandonment. So when the eldest two disappear on the triplets' tenth birthday, it really shouldn't take them by surprise. Five years later: the remaining eight are all grown up and trying to move on with their lives when, suddenly, it is announced that the family will be reuniting. No one will be welcoming the brothers home with open arms, that's for sure, but when threats become reality and lives are at stake, they will be forced to put aside their differences once and for all.

(Previously known as The Lost)"
True,https://www.wattpad.com/story/187478573,187478573,Paradise Thriller,55.24587858494657,242573,6052,3306,2,"[""Fiction"", ""Mystery"", ""Action"", ""Crime"", ""Thriller""]","[""MYSTERY THRILLER"", ""MURDER"", ""AMERICAN"", ""CONTEMPORARY"", ""DANGEROUS"", ""DEATH"", ""DISAPPEARANCE"", ""FEMALEPROTAGONIST"", ""FRIENDSHIP"", ""ISLAND"", ""KILLER"", ""MISSING"", ""NEWADULT"", ""OCEAN"", ""PSYCHOLOGICAL"", ""REALITY"", ""SECRETS"", ""SISTER"", ""SUSPENSE"", ""TV"", ""WATTPADORIGINALS"", ""MYSTERY / THRILLER""]","[""reads=242573"", ""votes=6052"", ""comments=3306"", ""listing-hits=2""]","Alison's sister disappeared filming a reality show, so she goes undercover as a contestant, discovering that in some cases reality tv is all too real.

*****

Alison's sister disappeared while shooting a Survivor-style reality series, so when the show gets a reboot, Alison gets herself cast as a contestant. Arriving on the island, none of the organizers seem to be giving her straight answers. Forced to manipulate the situation to stay on the show, she starts an uneasy alliance with the handsome and physically capable Travis. They even act like they're falling in love, hoping their romantic appeal will keep them on the show. But as more challenges take place, and contestants go from being injured to dying in front of the camera, Alison and Travis realize that something is wrong. They have to win this game, or they won't make it off the island alive.

[[word count: 100,000-150,000 words]]"
True,https://www.wattpad.com/story/241908944,241908944,The Bro Code (Wattpad Books Edition),54.99779033696731,238157,3400,916,1,"[""Romance""]","[""TEEN FICTION"", ""FANFIC"", ""FOOTBALL/SOCCER"", ""BADBOY"", ""BESTFRIEND"", ""BRO"", ""BROTHERSBESTFRIEND"", ""CRUSH"", ""CUTE"", ""FIRSTLOVE"", ""FORBIDDEN"", ""HIGHSCHOOL"", ""HUMOR"", ""LIFE"", ""LOVE"", ""SECRETS"", ""SISTER"", ""SOCCER"", ""TEEN"", ""TEENFICTION"", ""WATTPADBOOKS"", ""WATTPADORIGINALS"", ""YA"", ""YOUNGADULT""]","[""reads=238157"", ""votes=3400"", ""comments=916"", ""listing-hits=1""]","WATTPAD BOOKS EDITION.

Some rules were made to be broken.

As a certified stand-up bro, Nick Maguire knows that some things in life are sacred: Do not skip ab workouts. Never back down from spicy foods. And always accept the outcome of Rock, Paper, Scissors. For these are the revered doctrines of The Bro Code, rules of conduct that have been passed down through the ages from bro to bro.

Heading into his senior year, Cassidy High's star soccer player has his priorities straight and intends to spend his time playing sports, hanging out, and living by the code. But when his best bro Carter's sister Eliza returns from studying overseas, the awkward, academic girl Nick remembers is different.

Carter might be Nick's bro, but Eliza becomes his whole world-and he has to make a choice between them. Is being with the girl of your dreams worth breaking the most important rule: never date your best friend's sister? Somehow, Nick never expected that following The Bro Code may have even bigger consequences than breaking it."
True,https://www.wattpad.com/story/81521162,81521162,Slut,55.069106230088344,234969,8114,2072,1,"[""Fiction"", ""Romance""]","[""SHORT STORY"", ""ACCEPTANCE"", ""BULLYING"", ""BULLYINGAWARENESS"", ""COMPLETE"", ""COMPLETED"", ""FRIENDSHIP"", ""HOE"", ""INSECURITIES"", ""LIES"", ""MISTAKE"", ""SAD"", ""SHORTSTORY"", ""SLAG"", ""SLUT"", ""STOPSLUTSHAMING"", ""TEASING"", ""TEEN-FICTION"", ""TEXTTOSPEECH"", ""VICTIM"", ""WHORE""]","[""reads=234969"", ""votes=8114"", ""comments=2072"", ""listing-hits=1""]","They called her a slut.

They said she was a disgrace.

Pity they never understood just how much their words hurt.

*************

The story of a young girl whose one mistake cost her a lifetime of consequences.

Complete.

***

Lovely cover by @influenzatrbl"
True,https://www.wattpad.com/story/404764372,404764372,Do Cup Chai,55.13903944261422,233831,24121,12852,1,"[""Romance"", ""Fiction"", ""Drama""]","[""SOCIAL THEMES"", ""FAMILY LIFE"", ""MENTAL HEALTH AND NEURODIVERSE"", ""ANXIETY"", ""ANXIETYATTACKS"", ""ARMY"", ""ARRANGED"", ""ARRANGEDMARRIAGE"", ""CORRUPTION"", ""FAMILYPROBLEMS"", ""FIGHTERPILOT"", ""GENERALFICTION"", ""HINDI"", ""INDIAN"", ""INDIANAIRFORCE"", ""INDIANARMY"", ""INDIANWEDDING"", ""LOVE"", ""LOVESTORY"", ""MILITARY"", ""ROMANTIC"", ""SLOWBUILD"", ""SLOWBURN"", ""SLOWROMANCE"", ""TAXES"", ""YEARNING""]","[""reads=233831"", ""votes=24121"", ""comments=12852"", ""listing-hits=1""]","A story that feels like a warm cup of tea on a rainy day.

A woman wronged by the world, and the man who considers her his only world. Do Cup Chai follows Vaani, an Income Tax Officer sworn off marriage, tied in matrimony to a hardened Squadron Leader in the IAF. What begins as two names on a paper slowly transforms into mutual companionship, love, and most of all, respect.

And yet, while Vaani was tempted to bridge the gap between them, Vihaan's walls made it impossible for him to be vulnerable. A story that moves, breaks, and heals at the same time.

For readers who love soft, slow-burning romance, yearning, and finding love in the most unexpected yet beautiful gestures, this book is for you, and I would love it if you gave it a shot.

#3 in Top Ten India (07/10/26)"
True,https://www.wattpad.com/story/156816969,156816969,Reborn as a Sea Spirit,54.96536434513586,228410,11187,1913,1,"[""Adventure"", ""Fiction"", ""Action"", ""Fantasy""]","[""ACTION AND THRILLER"", ""KINGDOM"", ""MERMAID"", ""NYMPH"", ""OCEAN"", ""OTOME"", ""PRINCESS"", ""REBIRTH"", ""REBORN"", ""REINCARNATION"", ""SUPERPOWERS"", ""SWEET-ROMANCE"", ""TALESOFTHEDEEP"", ""WATTYS2019"", ""XIANXIA""]","[""reads=228410"", ""votes=11187"", ""comments=1913"", ""listing-hits=1""]","Sassy university student turned Sea Spirit × Saintly Mysterious Royal Sorcerer

I am a normal university student. When I opened my eyes from my nap, I became a side character in the novel I read. I was under the sea.

Ianthe: ""Wait didn't this character die in the last chapter? I have to avoid my death no matter what! This silver haired gentleman who rescued me, do you need a maid?""

Follow Ianthe's life to avoid her inevitable death while studying to be a top sorceress!"
True,https://www.wattpad.com/story/408146143,408146143,Hate Me Later | Weststar Academy | enemies to lovers,54.810452654071526,226518,4912,733,1,"[""Romance"", ""Fiction"", ""Drama""]","[""ENEMIES TO LOVERS"", ""COLLEGE AND UNIVERSITY"", ""SLOW BURN"", ""BADBOY"", ""BILLIONAIRE"", ""COLLEGEROMANCE"", ""COMINGOFAGE"", ""ENEMIES"", ""ENEMIESTOLOVERS"", ""FORBIDDENLOVE"", ""ILLUSTRATION"", ""LOVE"", ""LOVESTORY"", ""NEWADULT"", ""NEWBEGINNINGS"", ""NEWSCHOOL"", ""OPPOSITEATTRACT"", ""PARTY"", ""POSSESSIVE"", ""QUARTERBACK"", ""REBEL"", ""ROMANCEFANFICTION"", ""ROMANTIC"", ""TEENFICTION"", ""TEENROMANCE"", ""YOUNGADULT""]","[""reads=226518"", ""votes=4912"", ""comments=733"", ""listing-hits=1""]","She thinks he's an arrogant asshole. He immediately thinks she's a stalker.

At Weststar Elite Academy, everything is measured by status, power, and reputation. Everyone looks up to the Four Heirs...the richest, most powerful and untouchable guys in school.

Sophia Miller is completely unaware of the world she has just stepped into. On her second week at Weststar, she somehow manages to walk into the boys' locker room and finds Lorenzo Calloway half-naked....

She wants nothing to do with him, and he wants her gone.

But when the girl who was never supposed to belong in his world becomes the one person he can't seem to ignore... things start to get complicated."
True,https://www.wattpad.com/story/407903747,407903747,blood of Two dons,54.762265645260314,224843,6905,216,1,"[""Fiction"", ""Mystery""]","[""MYSTERY THRILLER"", ""MURDER"", ""BLOODSECRETS"", ""DANGEROUSPAST"", ""DARKFICTION"", ""DARKSECRETS"", ""DUALPATERNITY"", ""FAMILYSECRETS"", ""FORBIDDENTRUTH"", ""HIDDENCHILD"", ""IDENTITYREVEAL"", ""INNOCENCEINDARKNESS"", ""MAFIA"", ""MAFIAHEIR"", ""POWERANDBLOOD"", ""RIVALEMPIRES"", ""SECRETLEGACY"", ""SLOWBURNREVEAL"", ""TENSION"", ""TWODONSSTRONGFEMALELEAD"", ""MYSTERY / THRILLER""]","[""reads=224843"", ""votes=6905"", ""comments=216"", ""listing-hits=1""]","She has lived hidden for eleven years, never allowed outside, never told the truth about her father.

Her mother is famous. Her past is dangerous.

And the secret she's hiding could destroy two mafia empires.

Born from betrayal and a single night of manipulation, the girl carries an impossible truth in her blood-she belongs to two dons. One American. One Italian. Rivals who have no idea their legacy lives in the same child.

When the truth begins to surface, it won't just expose a secret.

It will start a war."
True,https://www.wattpad.com/story/386698800,386698800,Overdrive,54.53831818085793,213966,3484,983,1,"[""Romance"", ""Fiction""]","[""FRIENDS TO LOVERS"", ""BILLIONAIRES AND CEOS"", ""BESTFRIENDS"", ""BILLIONARE"", ""BUSINESS"", ""BUSINESSMAN"", ""CONTEMPORARY"", ""EX"", ""FAMILY"", ""FOUNDFAMILY"", ""FRIENDS"", ""FRIENDSTOLOVERS"", ""HEARTBREAK"", ""LOVE"", ""LOVESTORY"", ""NEWADULT"", ""RICH"", ""SERIES"", ""SINGLEDAD"", ""SLOWBURN"", ""WATTPADORIGINALS""]","[""reads=213966"", ""votes=3484"", ""comments=983"", ""listing-hits=1""]","When Chef Margot loses her beloved restaurant to her cheating ex-fiance, her best friend, single dad Nathan, steps in with an unexpected offer to help her start over. As they collaborate, sparks fly-but can they overcome their complicated pasts for a chance at real love?

Season 4 of The Mechanic

***

Margot Taylor thought she had it all: a thriving restaurant and a fiance she adored. But her world crumbled when her fiance abruptly cancelled their wedding and claimed ownership of her cherished restaurant. With her career in tatters and her heart broken, Margot is forced to start over.

Enter Nathan Davis, her loyal best friend and a single dad chasing big dreams of his own. As a partner in the multibillion-pound auto business, Nathan offers her a lifeline-a chance to open a new eatery on the grounds of his new mechanic shop.

As Margot pours her heartbreak into a new dream, her friendship with Nathan deepens into something much more electric. But their growing happiness is threatened when Nathan's ex-wife returns, determined to take their daughter away and upend the new couple's relationship. Caught in chaos, Margot must decide if she has the strength to fight for the life she's building...or let the wounds of her past ruin her future.

Content warning: This story contains depictions of eating disorders that may be upsetting for some readers. Reader discretion is advised."
True,https://www.wattpad.com/story/390598825,390598825,Golden *Ridoc Gamlyn,54.61402816408121,212961,7166,1484,1,"[""Fanfiction"", ""Adventure"", ""Fantasy""]","[""FANFIC"", ""FOURTH WING"", ""ORIGINAL CHARACTER (OC)"", ""BOOKS AND LITERATURE"", ""BASGIATH"", ""BATTLE"", ""DRAGONRIDER"", ""DRAGONS"", ""FIGHTING"", ""FLAME"", ""FOURTH"", ""FOURTHWING"", ""GAMLYN"", ""GOLDEN"", ""IRON"", ""IRONFLAME"", ""MAIRI"", ""NAVARRE"", ""RIDOC"", ""RIDOCGAMLYN"", ""SOLDIER"", ""TWINS"", ""WARCOLLEGE"", ""WARRIOR"", ""WING""]","[""reads=212961"", ""votes=7166"", ""comments=1484"", ""listing-hits=1""]","Genevieve Mairi is the human version of a golden retriever. Fiercely loyal, protective, loving, and energetic Geneieve is kind of the total package in his eyes. Ridoc Gamlyn just can't get enough of her golden locks, he could get lost in her ocean eyes. Genevieve thinks he's just another flirty guy, but something in her gut tells her that maybe everything isn't as it seems."
True,https://www.wattpad.com/story/371890600,371890600,This World That Divides Us,54.375458458076324,207124,4416,329,1,"[""Romance"", ""Fiction""]","[""BAD BOY"", ""ENEMIES TO LOVERS"", ""HAPPY ENDING"", ""COLLEGE"", ""ENEMIESTOLOVERS"", ""FAMILY"", ""FRIENDSHIP"", ""FUNNY"", ""HEARTBREAK"", ""HIGHSCHOOL"", ""HUMOR"", ""JEALOUSY"", ""KISS"", ""LAUGH"", ""LOVE"", ""LOVEATFIRSTSIGHT"", ""LOVEROMANCE"", ""LOVESTORY"", ""MONEY"", ""ROMANCESTORIES"", ""SCHOOL"", ""STATUS"", ""TEEN"", ""TEENFICTION"", ""TEENROMANCE"", ""TEXTTOSPEECH"", ""YOUNGADULT""]","[""reads=207124"", ""votes=4416"", ""comments=329"", ""listing-hits=1""]","Jack Carrington: Sinclair Prep's most popular student, captain of the Lacrosse team, and the rudest guy on this planet.

Me: Sinclair Prep's newest student, a wallflower, and nothing like my fellow classmates.

They say that opposites attract. I think they may just be right."
True,https://www.wattpad.com/story/375255589,375255589,My Overprotective Brothers,54.161446528097,198165,3464,364,1,"[""Fiction"", ""Romance""]","[""HUMOR"", ""OPPOSITES ATTRACT"", ""COLLEGE AND UNIVERSITY"", ""BROTHERS"", ""GAY"", ""OLDERBROTHERS"", ""OVERPROTECTIVE"", ""PRANKS"", ""TEASING""]","[""reads=198165"", ""votes=3464"", ""comments=364"", ""listing-hits=1""]","For my entire life my older brothers have treated me like I am a fragile baby and they still do. Some of it is for their amusement and some of it is because they are just way too overprotective. There are five of them and one of me, not to mention they are all older, so there isn't much I can do about any of it.

Elijah is my oldest brother at 22 and my second oldest brother Easton who is 20. My third oldest brother is Henry and is in his second year of college. Alexander, who goes by Alex, is 15 minutes older than his twin Miles and they are both 17 and are in their first year of college. Then finally I am 15, the youngest brother and am in high school in year 10.

My Brothers are super overprotective and treat me like I am a small child and It does not help that I look like I am 12 and am super short. I've got this messy dark brown hair that never cooperates, along with these big brown eyes that seem to make me look even younger. Which does not help my case for my brothers to treat me like I am older. Then my parents are super rich and constantly working so I only see them on holidays so my brothers have raised me.

This is my life as the younger brother of 5 brothers.

Highest Ratings:

#3 Teasing

#156 Humor

#28 Overprotective

#17 Olderbrothers

#11 Pranks

#36 Brothers

#242 Gay"
True,https://www.wattpad.com/story/116816200,116816200,Stories to Keep You Awake at Night,54.333905159876814,196778,9490,3146,1,"[""Horror"", ""Fiction"", ""Paranormal""]","[""CREEPY PASTA"", ""CANNIBAL"", ""CREEPY"", ""GHOST"", ""HAUNTED"", ""HORRORSTORIES"", ""INKAWARDS2017"", ""JEFFTHEKILLER"", ""KARMA"", ""MURDER"", ""ONEDIRECTION"", ""PASTELAWARDS2K17"", ""RANDOM"", ""SCARY"", ""SCARYSTORIES"", ""SHORT"", ""SHORTSTORIES"", ""TWOSENTENCE"", ""TWOSENTENCEHORRORSTORIES""]","[""reads=196778"", ""votes=9490"", ""comments=3146"", ""listing-hits=1""]","DARE TO READ!

Highest rank: #21 in HORROR

""BORED OF THE SAME OLD HORROR STORIES YOU FIND EVERYWHERE ON WATTPAD AND WANT SOME NEW ONES?""

You have come to the right place. Here you will find the best collection of horror stories.

Guys not all of these stories are mine , I liked some stories so I thought why not share em. They are mainly from creepypasta or scaryforkids or pinterest or google."
True,https://www.wattpad.com/story/390375614,390375614,The Greatest Estate Developer,53.89728841761873,191324,1493,228,1,"[""Fantasy"", ""Fiction"", ""Adventure""]","[""ISEKAI AND REINCARNATION"", ""BOOK"", ""COLLEGE"", ""ISEKAI"", ""MAGIC"", ""NEWADULT"", ""REINCARNATION"", ""SCIENCEFICTION"", ""SCIFI"", ""STUDENT"", ""TRANSMIGRATION"", ""UNIVERSITY"", ""WATTPADORIGINALS"", ""WATTPADORIGINALSSTANDALONE"", ""WEBTOONSERIES""]","[""reads=191324"", ""votes=1493"", ""comments=228"", ""listing-hits=1""]","Suho Kim, a broke college student struggling to make ends meet, is desperate to turn his life around by earning a degree in civil engineering. But going from rags to riches will be easier said than done-especially after Suho suddenly wakes up inside the fantasy novel he had been reading every night as Lloyd Frontera, one of the worst side characters. Lloyd is a lazy, hot-headed drunkard whose family is on the brink of ruin due to an enormous amount of debt. Lloyd may not be the most reliable guy, but Suho isn't ready to give up so easily-he refuses to live in poverty again. Luckily for the Frontera family, Suho has something up his sleeve that may end their financial woes: his studies in civil engineering! With the heart of an entrepreneur and the brain of an engineer, can Suho finally build a better life for himself?"
True,https://www.wattpad.com/story/412432078,412432078,The Daughter He Never Knew,54.03602496980756,186830,9381,608,1,"[""Fanfiction""]","[""FANFIC"", ""WIZARDING WORLD: HARRY POTTER"", ""CROSSOVER"", ""MOVIE"", ""AVENGERS"", ""FEMALEHARRYPOTTER"", ""FEMHARRY"", ""HARRYPOTTER"", ""IRONMAN"", ""IRONMANSDAUGHTER""]","[""reads=186830"", ""votes=9381"", ""comments=608"", ""listing-hits=1""]","A Harry Potter/Iron man, Avengers ish crossover fanfiction.

After the war, fifteen-year-old Viola Potter learns a secret her parents took to the grave.

The man she knew as her father was actually her mother.

And her biological father is Tony Stark.

Armed with nothing but letters from the dead and a lifetime of unanswered questions, Viola reaches out to the father who never knew she existed.

Neither of them is prepared for what comes next."
True,https://www.wattpad.com/story/392400001,392400001,🥀 TWIN MATE 🥀 ( Completed ) ✅,53.92351190636916,182024,8912,702,1,"[""Non Fiction"", ""Non-Fiction"", ""Nonfiction""]","[""FANTACY"", ""MALEPREG"", ""THROUPLE"", ""TWINMATE"", ""VAMPIRE"", ""WEREWOLF""]","[""reads=182024"", ""votes=8912"", ""comments=702"", ""listing-hits=1"", ""presentation:very-short-synopsis""]",🥀 Fate tied their souls. Love bound their hearts.🥀
True,https://www.wattpad.com/story/182015508,182015508,When All is Lost,53.823739306969685,176170,12031,1392,1,"[""Horror"", ""Fiction"", ""Action"", ""Romance""]","[""ZOMBIES"", ""ACTION AND THRILLER"", ""SURVIVAL"", ""ANTIHERO"", ""APOCALYPSE"", ""DEATH"", ""EVIL"", ""FRIENDSHIP"", ""HATE"", ""HUMANITY"", ""LEADERSHIP"", ""LOSS"", ""LOVE"", ""SCARY"", ""TEXTTOSPEECH"", ""VILLAIN"", ""WATTYS2024"", ""ZOMBIE""]","[""reads=176170"", ""votes=12031"", ""comments=1392"", ""listing-hits=1""]","Trapped in the last pocket of society that hasn't fallen to the apocalypse, Kate will have to choose how much she is willing to sacrifice to not only survive but to find the man she loves.

*****

She knew it was coming. Nothing could stop the apocalypse now. It didn't even matter that Kate had made it months into the end of the world without seeing a single zombie. The clock was ticking, time was running out, and soon, she would have to face the monsters. That is, if she can tell what or who the real monsters are. And one may just be closer than she thinks.

Content and/or Trigger Warning: The story contains some gore, violence, strong language, and dark themes.

Copyright © 2019 by Nina Marks. All rights reserved."
True,https://www.wattpad.com/story/2605429,2605429,Dracula,53.25007760663867,167249,804,250,1,"[""Fiction"", ""Historical""]","[""CLASSICS"", ""19TH CENTURY"", ""BRAM"", ""GUTENBERG"", ""STOKER""]","[""reads=167249"", ""votes=804"", ""comments=250"", ""listing-hits=1"", ""presentation:very-short-synopsis""]",Wattpad connects a global community of millions of readers and writers through the power of story
True,https://www.wattpad.com/story/202044940,202044940,《Fragile》SCP-049 x Injured!Reader,53.29701472925666,156598,4917,5777,1,"[""Horror"", ""Fiction"", ""Paranormal"", ""Romance""]","[""PSYCHOLOGICAL"", ""ACL"", ""CONTAINMENT"", ""EUCLID"", ""FOUNDATION"", ""INJURED"", ""PLAGUEDOCTOR"", ""READERINSERT"", ""READERXCHARACTER"", ""READERXSCP049"", ""SCP"", ""SCP049"", ""SCPCONTAINMENTBREACH"", ""SECURECONTAINPROTECT"", ""SURGERY"", ""TEXTTOSPEECH"", ""THEFACILITY"", ""XREADER""]","[""reads=156598"", ""votes=4917"", ""comments=5777"", ""listing-hits=1""]","《COMPLETED》

Two long months after ACL surgery, your pattern of life has almost gone back to normal: you can finally walk without those dreaded crutches (the clunky brace still remained strapped on, however, to your displeasure). Everything seems to be going in an uphill pattern for you, that is until you and your entire English class are suddenly abducted by armed soldiers and a strange man in a white lab coat.

Physically impaired, you were singled out amongst your classmates... the perfect guinea pig. With no capability to fight back, they threw you to the mercy of the Plague Doctor, intrigued to see how he'll react amidst the presence of an injured individual such as yourself."
True,https://www.wattpad.com/story/10197144,10197144,A Mc Kenna Family Christmas,53.03038749021028,150548,6206,357,1,"[""Fiction"", ""Fantasy"", ""Romance""]","[""SHORT STORY"", ""SCOTTISH"", ""SHORTSTORY""]","[""reads=150548"", ""votes=6206"", ""comments=357"", ""listing-hits=1""]","Christmas is a time for sharing, a time for joy and happiness. A time to spend with your family and friends. Enjoy this short novella of the McKenna's spending Christmas together."
True,https://www.wattpad.com/story/393556265,393556265,MY FAULT,52.774525459782964,150107,1071,106,1,"[""Romance"", ""Fiction""]","[""COLLEGE AND UNIVERSITY"", ""ENEMIES TO LOVERS"", ""OPPOSITES ATTRACT"", ""AGEDIFFERENCE"", ""ANGST"", ""COLLEGEROMANCE"", ""COMINGOFAGE"", ""ENEMIESTOLOVERS"", ""HEALING"", ""LONGDISTANCERELATIONSHIP"", ""NEWADULT"", ""NEWADULTROMANCE"", ""OPPOSITESATTRACT"", ""TEENDRAMA"", ""TRAUMA"", ""TRUSTISSUES"", ""UNIVERSITY"", ""YOUNGADULT""]","[""reads=150107"", ""votes=1071"", ""comments=106"", ""listing-hits=1""]","Seventeen-year-old Noah Morgan loves her quiet, normal life in Toronto. But when her mother returns from a cruise unexpectedly married to a billionaire and announces they are moving to LA, Noah is suddenly shoved out of her comfort zone and into a glittering world of illegal street races, lavish pool parties, and spoiled rich kids.

And her new stepbrother Nicholas is the most spoiled of them all. Arrogant, aloof, and viciously attractive, Nick is everything she hates, especially when she learns his bad boy persona isn't just a façade. She's spent her life running from danger, and Nick is danger incarnate. Yet neither of them can prevent the powerful attraction that flares between them―enough to turn their worlds upside-down and tempt them beyond all reason.

But Noah's past may be even more dangerous than their forbidden romance. And if he wants her, Nick will have to decide if he's willing to risk everything."
True,https://www.wattpad.com/story/111292481,111292481,Elemorts,53.124129075991064,150030,5678,5463,1,"[""Science Fiction"", ""Fiction"", ""Action"", ""Adventure"", ""Fantasy"", ""Mystery"", ""Superhero"", ""Thriller""]","[""SUPERHEROES"", ""SPACE EXPLORATION"", ""WAR AND MILITARY"", ""BATTLE"", ""ELEMENTS"", ""FIGHTING"", ""FRIENDSHIP"", ""GALAXY"", ""MULTIPLEPOV"", ""PLANETS"", ""POWERS"", ""SCIENCE-FANTASY"", ""SCIENCEFICTION"", ""SCIFI"", ""SCIFI-FANTASY"", ""SPACE"", ""SUPERPOWERS"", ""TEAM"", ""TEAMWORK"", ""TEXTTOSPEECH"", ""URBANFANTASY"", ""WAR""]","[""reads=150030"", ""votes=5678"", ""comments=5463"", ""listing-hits=1"", ""presentation:very-short-synopsis""]",*
True,https://www.wattpad.com/story/389640875,389640875,The Remarried Empress,52.92237700201273,147545,3686,820,1,"[""Romance"", ""Fiction"", ""Fantasy""]","[""LOVE TRIANGLE"", ""MARRIAGE AND DIVORCE"", ""BETRAYAL"", ""DIVORCE"", ""EMPEROR"", ""EMPRESS"", ""HEARTBREAK"", ""KINGDOM"", ""LOVE"", ""LOVESTORY"", ""LOVETRIANGLE"", ""MARRIAGE"", ""POWER"", ""PRINCE"", ""PRINCESS"", ""ROMANTIC"", ""ROYALS"", ""ROYALTY"", ""WATTPADORIGINALS"", ""WATTPADORIGINALSSTANDALONE"", ""WEBTOONSERIES""]","[""reads=147545"", ""votes=3686"", ""comments=820"", ""listing-hits=1""]","Navier Trovi has spent her entire life preparing to become the perfect empress, and all her training has paid off: she is the well-respected ruler of the Eastern Empire alongside Emperor Sovieshu, who has been both her friend and her arranged husband since childhood. Navier has never considered any other life, nor has she ever had any reason to-until Sovieshu brings home a mistress and demands a divorce. With her carefully constructed world suddenly turned upside down, Navier takes a drastic action of her own: after accepting her divorce, she immediately remarries the handsome Prince Heinrey of the Western Kingdom. As the new ruler of a competing nation, Navier's skills and wits are put to the test as she navigates the turbulent waters of both international and interpersonal relationships-and is forced to reassess everything she thought she knew about high society, politics, and love.

The Remarried Empress: The Amazon Exclusive Edition

Grab your copy here:

Volumes 1-3

https://bit.ly/4uqjikt

Volume 4

https://www.amazon.com/Remarried-Empress-Light-Novel-Vol-4-ebook/dp/B0GPQ42Q7J?ref_=saga_dp_bnx_dsk_dp

Volume 5

https://www.amazon.com/Remarried-Empress-Light-Novel-Vol-ebook/dp/B0GPQ8XBY7?ref_=saga_dp_bnx_dsk_dp

Volume 6

https://www.amazon.com/Remarried-Empress-Light-Novel-Vol-ebook/dp/B0GPQ1KXBR?ref_=saga_dp_bnx_dsk_dp"
True,https://www.wattpad.com/story/250730534,250730534,Born In The Dungeons,52.7171949901091,138964,5075,1310,1,"[""Adventure"", ""Fiction"", ""Fantasy"", ""Supernatural""]","[""ACTION AND THRILLER"", ""CROWN"", ""CRUEL"", ""DARKFOREST"", ""DRAGONS"", ""DUNGEON"", ""FANTASYADVENTURE"", ""FANTASYFICTION"", ""FEAR"", ""GHOST"", ""GREEKMYTHOLOGY"", ""KING"", ""KINGDOM"", ""LOVE"", ""MONARCHY"", ""MYTHICALCREATURES"", ""PRINCE"", ""PRINCESS"", ""PRISONER"", ""ROYALTY"", ""SERVANT"", ""TEXTTOSPEECH"", ""TREACHERY"", ""WAR""]","[""reads=138964"", ""votes=5075"", ""comments=1310"", ""listing-hits=1""]","My mother birthed me in a small dungeon cell where she was locked away by a cruel king. For eighteen years these stone walls and metal bars were my home - the only place I ever knew. I have never seen sunlight. I have never experienced the outside world. But everything changed when the king ordered my release, and all secrets came to light.

***

(Book cover designed and created by me)"
True,https://www.wattpad.com/story/64442535,64442535,THE RELIC GUILD (and other stories) Updated regularly.,52.689902971062345,138400,7201,437,1,"[""Fantasy"", ""Fiction"", ""Action"", ""Adventure"", ""Horror"", ""Mystery"", ""Thriller""]","[""MYTHICAL CREATURES"", ""DEMONS"", ""EPIC"", ""LABYRINTH"", ""MAGIC"", ""MONSTERS"", ""SCIENCE-FANTASY"", ""SCIENCE-FICTION"", ""SCIFI"", ""SFF""]","[""reads=138400"", ""votes=7201"", ""comments=437"", ""listing-hits=1""]","Magic caused the war. Magic is forbidden. Magic will save us. The Relic Guild is the award nominated first book in The Relic Guild trilogy.

It was said the Labyrinth had once been the great meeting place, a sprawling city at the heart of an endless maze where a million humans hosted the Houses of the Aelfir.

But when the Thaumaturgists, overlords of human and Aelfir alike, went to war, everything was ruined and the Labyrinth became an abandoned prison. The surviving humans were trapped behind boundary walls a hundred feet high, and all magic was forbidden.

And now the war is returning. The Relic Guild are all that stand against the end of the city. But they are old, scattered and weak, and the enemy is growing in strength...

Here in THE RELIC GUILD (and other stories) please enjoy a large chunk of The Relic Guild Trilogy (published with kind permission of my publisher Gollancz), complete short stories, the odd poem, one or two blog posts, and samples chapters from my other novels."
True,https://www.wattpad.com/story/318324675,318324675,Mafia's Slave ✔️,52.5112352033184,136693,2665,296,1,"[""Fiction"", ""Romance""]","[""SHORT STORY"", ""BAD BOY"", ""DARK ROMANCE"", ""BAD"", ""BADBOY"", ""FIGHT"", ""LOVE"", ""MAFIA"", ""SHORTSTORY"", ""SLAVEXMASTER"", ""TEENROMANCE"", ""TEXTTOSPEECH"", ""YOUNGADULT""]","[""reads=136693"", ""votes=2665"", ""comments=296"", ""listing-hits=1""]","Andrew Kavinsky, a ruthless, 18 years old mafia who never fell in love

Andrea Handerson, a poor, 16 years old girl who never recieved love

When Andrea Handerson was kidnapped by the Mafia King Andrew Kavinsky for her parents' debt they hadn't paid to him. She become his slave and he tortured her untill he saw her care towards him and eventually, this two souls fell in love. But, what's in their fate? Are they meant to be or not?

Started: September 14, 2022.

Ended: June 8, 2023."
True,https://www.wattpad.com/story/387018783,387018783,𝐄𝐍𝐓𝐈𝐂𝐈𝐍𝐆 𝐎𝐁𝐒𝐄𝐒𝐒𝐈𝐎𝐍 [𝟏𝟖+],52.69406618877004,134304,12004,4279,1,"[""Romance"", ""Fiction""]","[""COLLEGE AND UNIVERSITY"", ""DARK ROMANCE"", ""ENEMIES TO LOVERS"", ""AGEGAP"", ""CHILDHOODCRUSH"", ""COLLEGE"", ""COLLEGELIFE"", ""HIDDENSECRETS"", ""INDIAN"", ""INDIANSTORIES"", ""LOVERSTOENEMIES"", ""PROFESSOR"", ""ROMCOM"", ""SECRETMARRIAGE"", ""SECRETRELATIONSHIP"", ""SECRETS"", ""WATTPAD""]","[""reads=134304"", ""votes=12004"", ""comments=4279"", ""listing-hits=1""]","""𝑰 𝒅𝒐𝒏'𝒕 𝒉𝒂𝒕𝒆 𝒚𝒐𝒖. 𝑰 𝒉𝒂𝒕𝒆 𝒎𝒚𝒔𝒆𝒍𝒇 𝒇𝒐𝒓 𝒍𝒐𝒗𝒊𝒏𝒈 𝒚𝒐𝒖. 𝑩𝒆𝒄𝒂𝒖𝒔𝒆 𝒉𝒂𝒕𝒆 𝒎𝒆𝒂𝒏𝒔 𝑰 𝒄𝒐𝒖𝒍𝒅 𝒆𝒗𝒆𝒏𝒕𝒖𝒂𝒍𝒍𝒚 𝒈𝒆𝒕 𝒐𝒗𝒆𝒓 𝒚𝒐𝒖. 𝑾𝒉𝒂𝒕 𝑰 𝒇𝒆𝒆𝒍 𝒊𝒔 𝒂𝒏 𝒐𝒃𝒔𝒆𝒔𝒔𝒊𝒐𝒏 𝒕𝒉𝒂𝒕 𝒘𝒊𝒍𝒍 𝒅𝒓𝒂𝒈 𝒖𝒔 𝒃𝒐𝒕𝒉 𝒔𝒕𝒓𝒂𝒊𝒈𝒉𝒕 𝒕𝒐 𝒉𝒆𝒍𝒍.""

- 𝑺𝒉𝒓𝒗𝒚𝒂

""𝑰 𝒅𝒆𝒔𝒑𝒊𝒔𝒆 𝒆𝒗𝒆𝒓𝒚𝒕𝒉𝒊𝒏𝒈 𝒚𝒐𝒖 𝒂𝒓𝒆, 𝒃𝒖𝒕 𝑰 𝒄𝒂𝒏'𝒕 𝒔𝒕𝒐𝒑 𝒃𝒖𝒓𝒏𝒊𝒏𝒈 𝒇𝒐𝒓 𝒚𝒐𝒖. 𝑳𝒆𝒕'𝒔 𝒓𝒖𝒊𝒏 𝒆𝒂𝒄𝒉 𝒐𝒕𝒉𝒆𝒓 𝒄𝒐𝒎𝒑𝒍𝒆𝒕𝒆𝒍𝒚 𝒕𝒐𝒏𝒊𝒈𝒉𝒕.""

- 𝑽𝒆𝒅𝒂𝒓𝒕𝒉

𝑨 𝒍𝒐𝒗𝒆 𝒔𝒐 𝒅𝒂𝒏𝒈𝒆𝒓𝒐𝒖𝒔, 𝒊𝒕 𝒎𝒂𝒅𝒆 𝒉𝒂𝒕𝒆 𝒍𝒐𝒐𝒌 𝒎𝒆𝒓𝒄𝒊𝒇𝒖𝒍.

Lovers to enemies ᯓ★

He vanished for five years, leaving her with a marriage no one knows about and a silence that still chokes her. Now Vedarth Malhotra is back colder, unreadable, watching her like a shadow reborn. What does he want from Shrvya Sehgal now... forgiveness, revenge, or her entire life?"
True,https://www.wattpad.com/story/119053465,119053465,Arshi SS: Jhukaa Aasmaan - Season 1 (Completed),52.481443382741546,132197,5466,703,1,[],"[""SHORT STORY"", ""FANFIC"", ""SHIVIKA"", ""ARNAV"", ""ARSHI"", ""ARSHICOMPLETEDSTORY"", ""ARSHIFFCOMPLETED"", ""ASR"", ""IPKKND"", ""ISSPYAARKOKYANAAMDOON"", ""KHUSHI"", ""KKGSR"", ""SARUN"", ""SHORTSTORY""]","[""reads=132197"", ""votes=5466"", ""comments=703"", ""listing-hits=1""]","She is poor - He hates poor

She loves him - He doesn't know she exists

She serves him - He doubts her

She lives for him - He leaves her

Can her Love bring him back? Can her love makes him trust and believe her?

To check, follow and read

Disclaimer

The names Arnav, Khushi and NK are purely belongs to ISS PYAAR KO KYA NAAM DOON creators. I doesn't own them. The story and plot is solely mine. I don't encourage or support anyone to copy it. It's MINE"
True,https://www.wattpad.com/story/401192381,401192381,"She, Whom They Called 'Wicked': Death Wears Her Roses Now",52.39695435714174,129754,5662,594,1,"[""Fantasy"", ""Fiction"", ""Action"", ""Adventure"", ""Romance""]","[""DARK FANTASY"", ""ISEKAI AND REINCARNATION"", ""MAGICAL KINGDOMS"", ""ANTIHERO"", ""ASSASSIN"", ""DARKFANTASY"", ""FEMALEMAINCHARACTER"", ""FEMALEPROTAGONIST"", ""FL"", ""GUILD"", ""ISEKAI"", ""KINGDOM"", ""MAGIC"", ""NOBILITY"", ""OVERPOWERED"", ""REINCARNATION"", ""ROYALTY"", ""SLOWBURN"", ""STRONGFEMALELEAD"", ""VILLAIN"", ""VILLAINESS"", ""ÖP""]","[""reads=129754"", ""votes=5662"", ""comments=594"", ""listing-hits=1""]","© moonpsyche_, 2025. Original Work. Plagiarism is Prohibited.

Akira ""G6"" Gemstone was an assassin known for two things: her ruthless efficiency and her secret love for tragic romance novels. But in a twist of fate she never saw coming, she's reincarnated as the very villainess she once mocked-Reise Worthon, the Wicked Rose.

Doomed to a life of heartache and a swift, painful end, the original Reise's story was a tragedy waiting to happen. But G6 doesn't do tragic endings. Armed with a killer's instincts and a temper sharper than any blade, she's about to rewrite this story and cut anyone who gets in her way."
True,https://www.wattpad.com/story/354790457,354790457,Riding Your Wave,52.21723473606923,127665,2400,410,1,"[""Romance"", ""Fiction"", ""Sports""]","[""ROMANTIC COMEDY"", ""FRIENDS TO LOVERS"", ""ATHLETE"", ""BUSINESSWITHPLEASURE"", ""CELEBRITY"", ""DEAL"", ""FAME"", ""FAMILY"", ""FORBIDDEN"", ""FORBIDDENLOVE"", ""FORCEDPROXIMITY"", ""FRIENDSHIP"", ""FRIENDSTOLOVERS"", ""GOLDENBOY"", ""HAPPILYEVERAFTER"", ""HOTENCOUNTERS"", ""LOVE"", ""NEWADULT"", ""OPPOSITESATTRACT"", ""ROMCOM"", ""SLOWBURN"", ""SPORTSROMANCE"", ""SURFER"", ""WATTPADORIGINALS""]","[""reads=127665"", ""votes=2400"", ""comments=410"", ""listing-hits=1""]","Kim Jones is facing the biggest challenge of her ghost-writing career: write the biography of the insanely hot surfing champion Max Rider - without falling for him.

Standalone in the Riding Your Wave series

***

Kim Jones is the most popular writer no one has ever heard of - she's a ghost-writer for the stars. But when her family faces financial struggles, Kim has to convince the uber-private Max Rider to let her write his biography. Max is surfing royalty - not only is he the world's number one surfer, but he's gorgeous, kind, caring...and has plenty of secrets. Even though he's reluctant to share his story, something about Kim makes him willing to open up for the first time. But after having her heart broken in the past, Kim has one rule: Never mix business with pleasure.

Fighting against their chemistry and demands from her editor, Kim tries desperately to hold onto her heart and morals when she follows Max on the surfing tour across the globe. But when the waves of attraction are too strong to resist, will Kim and Max find a way to stay balanced - or will their love become a total wipeout?"
True,https://www.wattpad.com/story/411814948,411814948,🧸🚀~You've Got a Friend in Me~🚀🧸,52.43403179141842,126567,6968,12432,1,"[""Fanfiction"", ""Adventure""]","[""FANFIC"", ""BUZZLIGHTYEAR"", ""DISNEY"", ""GENDERBEND"", ""JESSIE"", ""LOVESTORY"", ""MAGIC"", ""PIXAR"", ""TOYSTORY"", ""WOODY"", ""XREADER""]","[""reads=126567"", ""votes=6968"", ""comments=12432"", ""listing-hits=1"", ""presentation:excessive-punctuation""]","~⭐️~

(Male! Jessie x Female! Reader)

Y/n, a porcelain doll like Bo Peep, has been one of the many toys owned by Andy. Much like all the other toys she's great friends with, Y/n secretly comes to life when no humans are around.

Come join Y/n, Woody (a pull-string cowboy doll & the leader of Andy's toys), Buzz Lightyear (a heroic space action figure), and all of their friends on a fun-filled adventure full of humor and heart.

When Y/n later on meets a brave and excitable redheaded cowboy doll named Jensen, love fills the air as their friendship slowly grows.

~⭐️~

||Started: 05/27/2026||

||Finished: ??/??/????||

//TOY STORY DOES NOT BELONG TO ME!!! THE MOVIE FRANCHISE GOES TO WALT DISNEY PICTURES & PIXAR ANIMATION STUDIOS!!!!//"
True,https://www.wattpad.com/story/96070855,96070855,Left Right Left - The Revival...,51.971070011104025,116659,5656,1370,1,"[""Adventure"", ""Fiction"", ""Mystery"", ""Romance""]","[""ACTION AND THRILLER"", ""ARMY"", ""DEATH"", ""FEATURED"", ""FRIENDSHIP"", ""INDIA"", ""JEALOUSY"", ""LEFTRIGHTLEFT"", ""LIES"", ""LOVE"", ""NAINA"", ""RAJVEER"", ""SECRETS"", ""TRUTH"", ""WATTYS2017""]","[""reads=116659"", ""votes=5656"", ""comments=1370"", ""listing-hits=1""]","Reached #1 in What's hot in adventure on 11 March 2017 😇😇😇

:Completed:

Kunchunjunga Military Academy, aka KMA is a place where common civilians enter to become brave soldiers. It is a place where winds carry secrets with them, where web of lies are in every corner, where still, a flame of truth burns, where patriotism is in everybody's heart, but still some traitors have made KMA their home.

What happens when 6 cadets join KMA because of their own different reasons?

What happens when fate decides them to get together with a special teacher, Captain Rajveer Singh Shekhawat?

Can Cadets become soldiers peacefully without any drama?

Well, I don't think so.....

-------------------------

Beautiful cover by @ForeverFic ....

Thanks to her for making you all click on my story... 😁😁

-------------------------

Accepted into Fiction Awards 2017 ♥"
True,https://www.wattpad.com/story/178293293,178293293,The Invisible Universe,51.82465148846234,116409,2190,624,1,"[""Science Fiction"", ""Fiction"", ""Action"", ""Mystery""]","[""ALIENS"", ""DARKMATTER"", ""DISCOVERY"", ""EXTRATERRESTRIAL"", ""INVISIBLE"", ""MYSTERIOUS"", ""QUESTIONS"", ""SCIENCE"", ""SCIENCE-FICTION"", ""SCIENCEFICTION"", ""SCIFI"", ""SECRETS"", ""SHORTSTORY"", ""SHORTSTORYCOLLECTION"", ""SPACE"", ""TECHNOLOGY"", ""UNIVERSE""]","[""reads=116409"", ""votes=2190"", ""comments=624"", ""listing-hits=1""]","What lies beyond the senses?

What secrets have been hidden from you due to your physical limitations?

Is the universe as empty as it seems?

Are we alone?

Dr Thomas Clark has just made a discovery that will answer all of those questions...

Hope you enjoy this collection of Sci-Fi short stories starting with ""The Invisible Universe"" I would love to hear from you.

""Traction""

The deafening sound of roaring engines. The smell of burning rubber. The rush of the wind, pushing against you at every turn... You don't get these on The Moon, but you do get 400kmh.

Racing on The Moon, what could be better?

""Alpha Division""

In the distant future the human race has spread across the stars, forming colonies on many habitable worlds in a golden age of exploration. However, humanity soon learns that the universe is a hostile place and that they must fight to keep what is theirs.

Fresh out of training, Rickey is plunged into the heart of war against a never before seen alien race and to make matters worse he's been placed in the infamous Alpha Division, humanity's first into battle shock troops. Rickey must fight alongside his fellow recruits in bloody battle to push back the enemy on a distant mining world.

He's passed the training and survived the simulations but will he manage to keep his cool when the danger is real?"
True,https://www.wattpad.com/story/117840772,117840772,Unforgivable Mistakes,51.7661791156284,113420,5535,215,1,"[""Drama""]","[""SHORT STORY"", ""FANFIC"", ""SHIVIKA"", ""ARNAV"", ""ARSHI"", ""BARUN"", ""FAMILY"", ""FATHER-SON"", ""IPKKND"", ""KHUSHI"", ""LOVE"", ""MOTHER"", ""SANAYA"", ""SHORTSTORY""]","[""reads=113420"", ""votes=5535"", ""comments=215"", ""listing-hits=1""]",She made a mistake...a mistake that can never be forgiven. After 10 years of imprisonment Khushi walks out to face the consequences of that one mistake.
True,https://www.wattpad.com/story/356919736,356919736,A Gentle Reminder,51.391979023468274,110164,832,81,1,"[""Poetry""]","[""AGENTLEREMINDER"", ""HEALURSELF"", ""LOVE"", ""LOVEPOEM"", ""LOVEYOURSELF"", ""POETRYCOLLECTION"", ""SELF-ESTEEM"", ""SELFHELP"", ""SELFLOVE""]","[""reads=110164"", ""votes=832"", ""comments=81"", ""listing-hits=1""]","A reminder to always find your self no matter what; because as long as you could do it, you would do it

©"
True,https://www.wattpad.com/story/389370410,389370410,I Love You Too,51.547577038832266,109574,1962,591,1,"[""Romance"", ""Fiction""]","[""ENEMIES TO LOVERS"", ""HIGHSCHOOL"", ""ENEMIESTOLOVERS"", ""FAKEDATING"", ""FAKERELATIONSHIP"", ""FORCEDPROXIMITY"", ""HOTENCOUNTER"", ""JEALOUSY"", ""LOVE"", ""LOVESTORY"", ""LOVETRIANGLE"", ""OPPOSITESATTRACT"", ""RIVALS"", ""SCHOOL"", ""SLOWBURN"", ""STANDALONE"", ""STUDENT"", ""TEEN"", ""TEENFICTION"", ""WATTPADORIGINALS"", ""YOUNGADULT""]","[""reads=109574"", ""votes=1962"", ""comments=591"", ""listing-hits=1""]","When rivals Kali Cooper and Ashtyn Evans team up to uncover the identity of an anonymous gossip account, the mystery takes an unexpected turn when their partnership blossoms into a budding romance.

Standalone in the Sunset Scandals

***

Kali Cooper and Ashtyn Evans have nothing in common. Their mutual hatred is the only thing they agree on. But when Kali and Ashtyn become the targets of a Sunset Scandals resurgence that turns them into the laughingstock of school, the girls face an impossible choice: team up to stop Sunset Scandals, or risk further social annihilation.

As the unlikely duo attempt to save their reputations, their hatred slowly turns into a tepid friendship. But every twist and turn of the mystery brings the girls even closer together, sparking chemistry that's becoming impossible to ignore.

Will Kali and Ashtyn give into the heat between them, or will Sunset Scandals decide that finding Happy Ever After isn't part of the plan?"
True,https://www.wattpad.com/story/232197183,232197183,The Summer I Drowned (Wattpad Books Edition),51.45423024584309,107029,2379,446,1,"[""Fiction"", ""Mystery"", ""Romance"", ""Thriller""]","[""MYSTERY THRILLER"", ""AMATEUR SLEUTH"", ""SMALL TOWN"", ""BEACH"", ""CHILDHOODFRIENDS"", ""CONTEMPORARY"", ""FAMILY"", ""FRIENDSHIP"", ""LIFE"", ""LOVE"", ""PSYCHOLOGICAL"", ""RELATIONSHIPS"", ""SEASIDE"", ""SECRETS"", ""SMALLTOWN"", ""SUMMER"", ""SUSPENSE"", ""TEEN"", ""TEENFICTION"", ""WATTPADBOOKS"", ""WATTPADORIGINALS"", ""YOUNGADULT"", ""MYSTERY / THRILLER""]","[""reads=107029"", ""votes=2379"", ""comments=446"", ""listing-hits=1""]","WATTPAD BOOKS EDITION.

The past always resurfaces . . .

Five years after almost drowning, Olivia Cathart returns home to Caldwell Beach determined

to face her fears and take some risks-not just by swimming but by opening her heart. Hoping

to rekindle her friendships, she's excited about a carefree summer with her best friends Keely

and Miles. But life in the sleepy town has changed, and no one and nothing is as it seems.

When a series of startling crimes threaten Olivia's fragile state, she is plunged into a terrifying

game of cat and mouse. Her only solace from the chaos is West, Miles's disowned and

ruggedly handsome brother, but even he can't answer the question on everyone's minds-is

Olivia really in danger or is it simply all in her head?"
True,https://www.wattpad.com/story/141975858,141975858,Ninjago TRUTH OR DARE,51.45470468451374,105694,1519,4863,1,[],"[""HUMOR"", ""FANFIC"", ""LEGO: NINJAGO"", ""COLE"", ""DARES"", ""JAY"", ""KAI"", ""LLOYD"", ""NINJAGO"", ""NYA"", ""SHIPS"", ""TEXTTOSPEECH"", ""TRUTHS"", ""ZANE""]","[""reads=105694"", ""votes=1519"", ""comments=4863"", ""listing-hits=1"", ""presentation:excessive-punctuation""]","Hello Ninjago fangirls or boys!!! Have you wanted to asked or dare the six ninja's? Well this is the book for you!!! There will also be special guest such as Misako, Skylor, and even P.I.X.A.L! I'm your host GraMaye, and lets stop reading this description and get to the fun part of the story!!!"
True,https://www.wattpad.com/story/167056357,167056357,Wisdom of the Ancients,51.04281082125843,95482,3144,1553,1,"[""Science Fiction"", ""Fiction"", ""Post-Apocalyptic""]","[""ANCIENTS"", ""ENVIRONMENT"", ""FUTURE"", ""NATGEO"", ""NATIONALGEOGRAPHIC"", ""PLANET"", ""PLANETORPLASTIC"", ""PLASTIC"", ""SCIENCEFICTION"", ""SCIFI"", ""TEXTTOSPEECH"", ""WISDOM""]","[""reads=95482"", ""votes=3144"", ""comments=1553"", ""listing-hits=1""]","A possible future in less than 500 words, if plastic wins.

This was my entry for the WattPad/National Geographic #PlanetOrPlastic competition back in late 2018. It reached their Top 10 Submissions which, given that there appeared to be well over 5000 entries, was a very pleasant surprise! The competition itself had a limit of 500 words so, for those who keep asking if I intend continuing the story, the answer (for now!) is no - unless I can find a very good reason for adding any more.

Many thanks to everyone reading and voting on this story and getting it to number 1 in the #sciencefiction category in May/June 2020! I did try to thank the voters individually on their pages but Wattpad have a daily limit on the number of times I'm allowed to do that and there are now too many of you (not that I'm complaining)!

Here's the top 10 submissions page: https://www.wattpad.com/list/738243473-planetorplastic-top-10-submissions

If you want to read the story in Polish please head over to https://www.wattpad.com/story/236405960-m%C4%85dro%C5%9B%C4%87-staro%C5%BCytnych-t%C5%82umaczenie-pl where @juliatlumaczy has done a fine job - thank you, Julia!

@juliatlumaczy has now sent me a version of the cover she used for her Polish translation - thanks again, Julia!

@alex_sokolova has also translated the story into Russian as well. You can read that here: https://www.wattpad.com/976002417-мудрость-древних - many thanks, Alex!

We now have a third translation! @AlfonsoLucassen has kindly translated it into Spanish and you can find it here: https://www.wattpad.com/1063634347-la-sabidur%C3%ADa-de-los-antiguos"
True,https://www.wattpad.com/story/224262985,224262985,Dragon Witch ✔️,51.088581327463174,94764,8372,819,1,"[""Fantasy"", ""Fiction"", ""Adventure"", ""Romance""]","[""MYTHICAL CREATURES"", ""ACTION AND THRILLER"", ""CHANGELING"", ""CLEAN"", ""COLLEGE"", ""COMPLETED"", ""DRAGON"", ""EXCITING"", ""FAIRY"", ""FANTASYROMANCE"", ""GLAMOUR"", ""HUNTER"", ""MAGIC"", ""MAGICSCHOOL"", ""NOVELCONTEST2020"", ""PLANETS"", ""SECRETS"", ""SHAPESHIFTER"", ""SPRITE"", ""URBANFANTASY"", ""WATTYS2020"", ""WITCH"", ""WIZARD"", ""YA"", ""YOUNGADULT""]","[""reads=94764"", ""votes=8372"", ""comments=819"", ""listing-hits=1""]","Magic or family? The choice will change her life forever.

***

Lillith Hemlock is the last in a long line of Hemlock witches, but her parents renounced magic as evil before she was born. After witch hunters burn down their house, Lilly's family moves in with her grandparents--practicing witches living in a town of magical creatures.

Lilly falls in love with magic but fears practicing it will make her parents hate her. Before she can decide between magic and family, she's swept up into a conflict between Kyton--a fairy boy striving to save his dying father--and the vicious dragon who holds the cure.

While fighting alongside Kyton, Lilly discovers frightening secrets from her past, a dark bloodlust that could destroy her budding romance with Kyton, and a hidden enemy working right under their nose. Can Lilly control her beastly instincts to save Kyton's father, or will she become the monster she most fears? She doesn't know, and she's afraid the answer will come too late.

*completed*"
True,https://www.wattpad.com/story/290107948,290107948,Alek,50.91777483532523,94264,2248,728,1,"[""Action"", ""Fiction"", ""Adventure"", ""Romance""]","[""ACTION AND THRILLER"", ""ANGELOFDEATH"", ""ASSASSIN"", ""BADBOY"", ""BETRAYAL"", ""BLOODY"", ""ENEMIES"", ""ENEMIESTOLOVERS"", ""ENEMIESWITHBENEFITS"", ""GANGLEADER"", ""GANGS"", ""HEIR"", ""MAFIA"", ""PAIN"", ""TEEN"", ""TEENFICTION"", ""TEXTTOSPEECH"", ""WATTYS2022"", ""YOUNGADULT""]","[""reads=94264"", ""votes=2248"", ""comments=728"", ""listing-hits=1""]","𝐁𝐎𝐎𝐊 𝟏

During the day, she's Mae Kazimi, a quiet girl living in the richest part of New York. But during the night, she's Shadow, a well-known and dangerous assassin working for whoever dangles money under her nose.

And her latest mission? Kill Alek Russo, the heir to the most ruthless Italian mafia, aka the man who stole her two million dollars from right under her nose. How hard could it possibly be?

Alek Russo has been watching Mae Kazimi from the shadows ever since she stepped foot into his domain. And he only has one thing in mind; revenge for killing his brother.

Alek Russo wants Mae Kazimi dead. And he wants to kill her himself.

As the stars shine brightly in the night and the monsters hidden in the dark finally awaken, a mystery arises. In this tedious game of friend or foe in the dangerous world of blood and violence, which one of them will win?

Welcome to the Mafia.

Who will make it out alive?

(cover made by a friend!)"
True,https://www.wattpad.com/story/19000117,19000117,D'Spayr: A Knight in the Withered Land,50.50880654848389,86357,2054,473,1,"[""Science Fiction"", ""Fiction""]","[""APOCALYPTIC AND DYSTOPIAN"", ""APOCALYPSE"", ""BATTLE"", ""BISHOP"", ""BLUHD"", ""CROSS-GENRE"", ""DARK"", ""DEATH"", ""DSPAYR"", ""FUTURISTIC"", ""HEROIC"", ""KINGDOM"", ""LAND"", ""LONG"", ""MAGIC"", ""NYGEIA"", ""SCIENCE"", ""SCIFI"", ""SPECULATIVE"", ""WITHERED""]","[""reads=86357"", ""votes=2054"", ""comments=473"", ""listing-hits=1""]","In a decayed and dying alien world that was once center of a vast planetary empire, an embittered rogue knight, soldier to the fallen empire, traverses a bizarre landscape discovering strange and sinister truths about the nature of the leaders he once served and about the mysterious warlords who have now carved the world into their private kingdoms.

************************************************************************************************

Wonderful cover art by Stefanie Saw: @seventhstar"
True,https://www.wattpad.com/story/212636676,212636676,High School Survival Theory,50.70950483594893,86119,5095,6554,1,"[""Fiction"", ""Romance""]","[""HUMOR"", ""HIGHSCHOOL"", ""ENEMIES TO LOVERS"", ""ASHTON"", ""BADBOY"", ""CHEESYROMANCE"", ""CONTEMPORARY"", ""ENEMIES"", ""ENEMIESTOLOVERS"", ""FALLING"", ""FUNNY"", ""GOODGIRL"", ""HAPPY"", ""JOYFUL"", ""LOVETRIANGLE"", ""MISCOMMUNICATION"", ""MISSUNDERSTANDING"", ""RUMORS"", ""SNOW"", ""TEENFICTION"", ""TEENLIFE"", ""TEENLOVE"", ""TEENSTORIES"", ""TEXTTOSPEECH"", ""THEORY"", ""TROUBLEMAKER""]","[""reads=86119"", ""votes=5095"", ""comments=6554"", ""listing-hits=1""]","Life is hard. Specially when you're a high schooler. You can never know when your life is about to go up. And you 'especially' can never know when it's about to go down. But you can always take some precautions to avoid outcome of the hit.

At least that's what I thought before the great 'Ashton Fellan' (pardon the sarcasm) interposed himself in my life.

...

""We don't have the prettiest history. We didn't exactly like each other when we first met. You're my rival's girlfriend. We weren't interested in becoming friends with each other. But now in this difficult time, we're befriending. You'll help me to find the person who leaked that photo and prove to the coach that the article was not a self-promo to challenge his ideology.""

""What's in this for me?""

""I won't report on you for invading my privacy. Trust me when I say my dad knows people."" I roll my eyes. Never get mixed up with people with money.

But maybe a little help won't be so bad after all. So I take his hand and shake it.

""Okay, we have a deal.""

He smiles. ""Now let's drink to celebrate.""

And I already have a bad feeling about this.

*cover picture collected from Pinterest*

© 2020 SHEONACC001 ALL RIGHTS RESERVED."
True,https://www.wattpad.com/story/284079843,284079843,Through The Triplet's Eye: A Gravity Falls Fanfiction,50.124426990475364,78578,2466,540,1,"[""Adventure"", ""Fiction""]","[""ACTION AND THRILLER"", ""BILLCIPHER"", ""CASEY"", ""DIPPER"", ""DIPPERPINES"", ""GRAVITY"", ""GRAVITYFALLS"", ""MABEL"", ""MABELPINES"", ""MAGNUS"", ""MAGNUSPINES"", ""REBORN"", ""SOOS"", ""STAN"", ""TEXTTOSPEECH"", ""TRIPLETS"", ""WENDY""]","[""reads=78578"", ""votes=2466"", ""comments=540"", ""listing-hits=1""]","A lot of people tend to ask me: Could you imagine being reborn into your favourite cartoon show? Well, that was exactly what happened to me, an 18-year-old boy who was on my way to London, ready to enter my dream university when all of a sudden, everything turned tenebrous. The next thing I know, I was standing next to some oddly familiar twins at a bus stop, the male twin wearing a vest while the female twin donning a flamboyant sweater. Could this be? Am I really in the fictitious world of Gravity Falls?

With a new identity and new siblings, secrets are revealed and new relationships are forged as I, Magnus Pines, ventured through the mysterious and enigmatic world of Gravity Falls. And with the knowledge I possessed, I knew I had to protect my new family from Bill, but at what expense?

Huge shout out to xHowToLoveADragonx for the idea.

Disclaimer: I do not own any of the characters in the book except for the OCs (Original Characters)

in the book, namely Magnus Pines and Casey Carter."
True,https://www.wattpad.com/story/348177499,348177499,You Look Beautiful like Diamonds In The Sky || Muichiro T. x Reader,50.02830827151586,77012,1247,2432,1,"[""Adventure"", ""Fiction""]","[""ACTION AND THRILLER"", ""BASEDINATRUESTORY"", ""DEMONSLAYER"", ""FANFIC"", ""FICTIONAL"", ""FLUFF"", ""HASHIRA"", ""KAMABOKOSQUAD"", ""KIMETSUNOYAIBA"", ""MITSURI"", ""MUICHIRO"", ""MUICHIROTOKITO"", ""READERXCHARACTER"", ""TANJIRO"", ""TENGEN"", ""TEXTTOSPEECH""]","[""reads=77012"", ""votes=1247"", ""comments=2432"", ""listing-hits=1""]","ೋ❀❀ೋ═══ ❀ ═══ೋ❀❀ೋ

In taisho-era Japan, Kindhearted Y/n Amai makes a living with her family when she was 6, but her Peaceful life was shattered when a demon slaughtered her mother but the truth is harder to face for y/n.

Then a demon slayer saved Y/n and his big brother from almost being eating alive, But the person that saved both of them left without saying a word.

It was getting hard for y/n, she felt hopeless before she met Tengen Uzui, the sound Hashira.

Y/n takes training by Tengen Uzui after she accepted the offer of becoming a demon slayer and tries to kill all the demon she encounters, then when she had gotten the blessings from master Ubuyashiki.

Y/n saw a Recognizable face from her past.

""You looks so beautiful like Diamonds in the sky""

ೋ❀❀ೋ═══ ❀ ═══ೋ❀❀ೋ

(Damn That's one long Story Description, Okey I hope you enjoy this new book! I'm bad at english hope y'all understand ♡

I wanted to rewrite the other story because I wasn't really satisfied with the other one Lol, but it's similar with the other story but with a different story line)"
True,https://www.wattpad.com/story/405977626,405977626,TOO BAD FOR US,50.06308149098884,75065,6299,1224,1,"[""Non Fiction"", ""Non-Fiction"", ""Fiction"", ""Nonfiction"", ""Romance""]","[""AUTHOR"", ""BLACKLOVE"", ""BWBM"", ""CARIBBEAN"", ""JAMAICA"", ""JAMAICAN"", ""NEWAUTHOR"", ""NURSE"", ""PATOIS"", ""REALESTATE"", ""RICH"", ""UPTOWN"", ""URBANFICTION"", ""YOUNGADULT""]","[""reads=75065"", ""votes=6299"", ""comments=1224"", ""listing-hits=1""]","A JAMAICAN STORY BOOK 🇯🇲✔️

A broken hearted woman. A quiet yet stern man. Both from different lifestyles and personalities.

How will Brielle Monet handle life after finding out that the love of her life for 5 years cheated on her with his Ex and the stress from being a Pediatric Nurse, which demands so much from her?.

How will she tackle her profound new insecurities?

Will she ever find true love ? Or will it be difficult to open up again?

Xavier Kingsley is a Real Estate Developer, a rich yet quiet and humble guy.

Isn't interested in relationships especially after experiencing heartbreak of his own. When a new girl appears in his life....will he go for it? Or will he just lead her on? .

What and Who will be the reason they can't be together?

Let's Travel into the world of Brielle & Xavier☆...."
True,https://www.wattpad.com/story/168215759,168215759,West of Nothing,50.086228949514584,74373,8700,2350,1,"[""Science Fiction"", ""Fiction"", ""Thriller""]","[""ALIENS"", ""ADULT"", ""ADULTREADS"", ""ALIEN"", ""BIOLOGY"", ""CONSPIRACY"", ""DRONE"", ""FEATURED"", ""INTELLIGENCE"", ""MACHINE"", ""ROBOTS"", ""SCIENCE"", ""SCIENCEFICTION"", ""SCIFI"", ""SPACE"", ""TECHNOLOGY"", ""TECHNOTHRILLER"", ""UFO"", ""UNLIMITEDPRIDE"", ""WATTYS2019"", ""WATTYS2020"", ""ÁI""]","[""reads=74373"", ""votes=8700"", ""comments=2350"", ""listing-hits=1""]","The next big thing may already be crawling around your attic.

When a sorority prank with a microbot lands him in hot water, university student Mason Donnelly is recruited to work on a secret project at a remote research facility. As the newest member of a team of brilliant misfits, he must reverse engineer a new class of robot with capabilities beyond anything previously thought possible. But the robot may have an agenda of its own..."
True,https://www.wattpad.com/story/247405673,247405673,Sweetly Isolated (The Swallow Barn Cottage Series | Book 1),49.753588865252105,69862,6618,1145,1,"[""Romance"", ""Fiction""]","[""ROMANTIC COMEDY"", ""HOLIDAY"", ""ENEMIES TO LOVERS"", ""ARROGANT"", ""AUTHOR"", ""CHICKLIT"", ""CHRISTMAS"", ""CHRISTMASROMANCE"", ""COVID"", ""ENEMIESTOLOVERS"", ""FEELGOOD"", ""FORCEDPROXIMITY"", ""FUNNYMOMENTS"", ""HOLIDAYCHEER"", ""HOLIDAYROMANCE"", ""HUMOR"", ""ISOLATION"", ""LOCKDOWN"", ""LOVE"", ""LOVERS"", ""ONLYONEBED"", ""ROMANCEREADS2020"", ""ROMCOM"", ""SECRETIDENTITY"", ""STUCKTOGETHER"", ""VANILLA"", ""WATTYS2021"", ""WRITER""]","[""reads=69862"", ""votes=6618"", ""comments=1145"", ""listing-hits=1""]","Two weeks before Christmas, Clementine Popplewell finds a man in her bed! To think of it, a random stranger would be almost better than John Holyoake, whose guts she hates because he destroyed the life and the career of her former literary agent slash her ex. And now she's stuck in self-isolation with him for a fortnight because he had the audacity to invade her household having arrived straight from the airport!"
True,https://www.wattpad.com/story/391761327,391761327,Jeremiah Ong as your Ex-Boyfriend,49.389932415934005,69218,922,91,1,"[""Non Fiction"", ""Non-Fiction"", ""Nonfiction""]","[""JEO"", ""JEREMIAH"", ""JONAXX"", ""ONGFAM""]","[""reads=69218"", ""votes=922"", ""comments=91"", ""listing-hits=1""]","Somewhere between the laughter and late-night conversations, between the ""I love you's"" whispered against the stars and the silent goodbyes we never said, we lost each other. Maybe it was time. Maybe it was distance. Maybe it was just us, holding on too tightly to something meant to slip away."
True,https://www.wattpad.com/story/392000511,392000511,caught from the grave | p. jackson,49.64059394803894,68861,3189,2230,1,"[""Fanfiction"", ""Fantasy""]","[""FANFIC"", ""PERCY JACKSON AND THE OLYMPIANS"", ""ORIGINAL CHARACTER (OC)"", ""BOOKS AND LITERATURE"", ""ANNABETHCHASE"", ""BALANCE"", ""BLB"", ""GAY"", ""GREEKMYTHOLOGY"", ""GROVERUNDERWOOD"", ""LUKECASTELLAN"", ""MALEOC"", ""MLM"", ""NEMESIS"", ""ORIGINALCHARACTER"", ""PERCY"", ""PERCYJACKSON"", ""PERCYJACKSONANDTHEOLYMPIANS"", ""PERCYJACKSONXMALEOC"", ""PERCYJACKSONXOC"", ""PJO"", ""PJOFANFIC"", ""RELATIONSHIP"", ""SEAOFMONSTERS"", ""THALIAGRACE"", ""THELIGHTNINGTHIEF""]","[""reads=68861"", ""votes=3189"", ""comments=2230"", ""listing-hits=1""]","❛ Tell me, how long will you delay the inevitable? ❜

He lived when he shouldn't have. And now death follows, claiming those who don't let him fall.

Percy Jackson x male oc

The lightning thief - The last Olympian

Book one in the Unburied series

Completed! - 4/10/26

©lolenhanni"
True,https://www.wattpad.com/story/348981704,348981704,FNAF: The Lost Souls,49.50956282708427,68177,1953,1008,1,"[""Horror"", ""Fiction""]","[""1993"", ""ANIMATRONICS"", ""BONNIE"", ""CHICA"", ""FIVENIGHTSATFREDDYS"", ""FNAF"", ""FOXY"", ""FREDDY"", ""GOLDENFREDDY"", ""PAYBACK"", ""PURPLEGUY"", ""TEXTTOSPEECH"", ""WILLIAMAFTON""]","[""reads=68177"", ""votes=1953"", ""comments=1008"", ""listing-hits=1"", ""presentation:excessive-punctuation""]","The year 1993, Freddy Fazbear's Pizzeria, a restaurant filled with kids to enjoy and experience the fun, arcades, prizes, and more importantly: Pizza. Also, they get to make new friends in the restaurant: Bonnie The Bunny, Chica The Chicken, Foxy The Pirate Fox, and everyone's favorite, Freddy Fazbear. At first things were going great...until one day. The CEO of Freddy's Fazbear's, William Afton, has been noticing strange things going on with the animatronics at night, and doesn't like it at all. So, he posts a ""Help Wanted"" job, looking for any people to take the job as a security to stay over the night at the restaurant for 6 hours, 12am-6am, and be paid ""handsomely"". And thats where YOU come in to take the job as a security, but not only that...you also had experience with Freddy's Fazbear's Pizza, not this kind of restaurant...a different restaurant back in 1987, where A new an improved Freddy Fazbear's Pizza took place, and the animatronics were father to be ""Toy"" animatronics. That restaurant, that restaurant went one hiatus due the fact that 5 children went missing on that restaurant, and the last one of them happen to be your sister, Cassidy, who was kidnapped and never to be seen...so what happens next? Find out!!!"
True,https://www.wattpad.com/story/130631005,130631005,Gaea,49.29697321507592,65053,2715,360,1,"[""Science Fiction"", ""Fiction""]","[""ALIENS"", ""APOCALYPSE"", ""EXTRATERRESTRIAL"", ""INTERSTELLAR"", ""SCIENCE"", ""SCIENCEFICTION"", ""SCIFI"", ""SPACE"", ""SPECULATIVE"", ""STAR"", ""STARSHIP"", ""TEXTTOSPEECH""]","[""reads=65053"", ""votes=2715"", ""comments=360"", ""listing-hits=1""]","A short novel about interstellar colonization, the dangers of scientific discovery, and the end of the world. Image credit goes to Space Engine."
True,https://www.wattpad.com/story/8622835,8622835,The Lost City Of Atlantis,49.1197659826366,63630,1521,236,1,"[""Fiction"", ""Mystery""]","[""MYSTERY THRILLER"", ""ANTARCTICA"", ""ATLANTIS"", ""DISASTER"", ""EGYPT"", ""LOSTCITY"", ""PLATO"", ""SCIENCE"", ""SCIENCE-FANTASY"", ""SCIENCEFICTION"", ""SCIFI"", ""TEXTTOSPEECH"", ""THEORIES"", ""THEORY"", ""MYSTERY / THRILLER""]","[""reads=63630"", ""votes=1521"", ""comments=236"", ""listing-hits=1"", ""presentation:very-short-synopsis""]",This book contains theories about the existence of the City of Atlantis.
True,https://www.wattpad.com/story/400433664,400433664,His Childhood Obsession,48.812843528862295,56525,3538,1074,2,"[""Fiction"", ""Mystery"", ""Romance"", ""Comedy"", ""Thriller""]","[""MYSTERY THRILLER"", ""CONSPIRACY"", ""DARK ROMANCE"", ""CONTRACT"", ""DARKROMANCE"", ""ENGAGEMENT"", ""FAMILYFRIENDS"", ""FAMILYSECRETS"", ""OBSESSION"", ""REVENGE"", ""SECRETS"", ""UNFINISHEDSTORIES"", ""MYSTERY / THRILLER""]","[""reads=56525"", ""votes=3538"", ""comments=1074"", ""listing-hits=2""]","#1st book in Unfinished Story series.

A tale of unfinished stories - His Childhood Obsession.

""Ishq junoon jab had se badh jaaye Haste haste aashiq suli chad jaaye....""

A contract brings them together, a formal

arrangement neither fully understands, yet life entwines their paths in ways neither expected.

He is obsessed, relentless, and determined to make her fall for him, weaving himself into her world with a quiet intensity she cannot yet see. Every look, every word, every moment with him stirs something she doesn't

understand, and nothing will stay the same.

The past creeps into the present, old secrets resurfacing to test their every move, and hearts are pushed to the edge. Secrets unravel, boundaries shatter, and the line between love, obsession, and revenge blurs.

Adwait × Chiya

""My obssesion fo her has no limits. I started loving her even before I knew it's meaning""

""He trapped me first... but now it's my turn. The obsession he once held is mine, and he will never escape it"""
True,https://www.wattpad.com/story/299783683,299783683,Starting Life From Zero: Far From Home,48.03676043276298,49321,1448,457,1,"[""Adventure"", ""Fiction"", ""Action"", ""Anime"", ""Fantasy"", ""Romance""]","[""ACTION AND THRILLER"", ""BUCKYBARNES"", ""CAPTAINAMERICA"", ""COMICS"", ""EMILIA"", ""ISEKAI"", ""LIGHTNOVEL"", ""MARVEL"", ""MÇU"", ""PETERPARKER"", ""PUCK"", ""RAM"", ""REM"", ""REZERO"", ""ROSWAAL"", ""SPIDER-MAN"", ""SPIDERMAN"", ""STEVEROGERS""]","[""reads=49321"", ""votes=1448"", ""comments=457"", ""listing-hits=1""]","In Spring 2018 half of the universe was winked out of existence with a snap; two of those victims woke up in an entirely different universe.

Peter Parker and Steve Rogers are transported to the Kingdom of Lugnica and quickly become entangled in a contest for the royal throne. A bit of a ""What IF..."" retelling of the first season of the show Re:Zero with some twists and turns in there, plus the added bonus of watching Peter and Steve work together with new found friends against dangerous enemies."
True,https://www.wattpad.com/story/386574242,386574242,The Quiet Struggle,47.59467226815283,46760,457,63,1,"[""Non Fiction"", ""Non-Fiction"", ""Nonfiction""]","[""ACCIDENT"", ""BABYSITTER"", ""CAREGIVER"", ""DEPENDENCY"", ""DIAPER"", ""DIAPERED"", ""DIAPERS"", ""DISABILITY"", ""DISABLED"", ""FORCED"", ""HOSPITAL"", ""INNOCENCE"", ""INTELLECTUAL"", ""LIFECHANGING"", ""LITTLEGIRL"", ""MDLG"", ""MESSING"", ""REGRESSION"", ""REHABILITATION"", ""TEENGIRL"", ""TRAUMA"", ""TRUE"", ""TRUESTORY"", ""WETTING""]","[""reads=46760"", ""votes=457"", ""comments=63"", ""listing-hits=1""]","The Quiet Struggle follows the poignant and emotional journey of Katherine ""Kat"" Greene, a once-vibrant teenage girl whose life is forever altered after a devastating car accident. Left with severe brain damage, Kat wakes up in the hospital with little memory of her past and a future she cannot comprehend. Struggling to piece together the fragments of who she once was, she faces a world where even the simplest tasks are now overwhelming challenges.

Unable to control her body, Kat is forced to rely on others for care. She wears diapers and needs assistance with basic tasks-her body and mind no longer in sync. Her speech is fragmented, her thoughts a jumble of confusion and frustration. Once independent, Kat is now like a child in an adult's body, seeking answers to questions she can't even fully express.

As she navigates this new reality, Kat's emotional journey becomes one of quiet resilience. Through the compassion of her devoted mother, who remains by her side, and the support of her caregivers, Kat begins to find small moments of hope, discovering that despite her challenges, there is still a spark within her-a will to connect, to heal, and to reclaim a sense of herself.

In this intimate and heart-wrenching exploration of identity, memory, and the power of human connection, The Quiet Struggle invites readers into the mind of a girl fighting to find her place in a world that feels both familiar and foreign. Through Kat's eyes, we learn that strength doesn't always come in loud victories, but in the quiet determination to keep going, one small step at a time."
True,https://www.wattpad.com/story/145286666,145286666,Ready. Set. Psycho.,47.861090259783616,46344,2346,383,2,"[""Fiction"", ""Mystery"", ""Adventure"", ""Crime"", ""Thriller""]","[""MYSTERY THRILLER"", ""DETECTIVE AND POLICE"", ""COMPLETE"", ""COMPLETED"", ""CRIMEFICTION"", ""DARKHUMOR"", ""FORENSICS"", ""HEIST"", ""INVESTIGATION"", ""MURDER"", ""MYSTERY-THRILLER"", ""NOVEL"", ""ORIGINALCHARACTER"", ""ORIGINALSTORY"", ""REVENGE"", ""SERIALKILLER"", ""SUSPENSE"", ""WATTYS2018"", ""MYSTERY / THRILLER""]","[""reads=46344"", ""votes=2346"", ""comments=383"", ""listing-hits=2""]","Wattpad Pick 2018! Wattys2018 long list selection!

""With the ferocity and black humor of a Quentin Tarantino film, this in-your-face chiller delivers lethal villains; flawed, dogged investigators; and a bevy of twists and turns."" - Kirkus Reviews

A team of NYC Detectives chase down a sadistic serial killer racing against a countdown to the death of a young woman. Former detective Solomon Roud, driven from the force by the killer, is tormented into giving up his new life as a master thief to help. With the girl in an induced coma, Solomon knows the stakes: he lost two girls while on the case, and when he figured out who the killer was his partner was murdered and the psycho escaped.

Now he's back with a promise: one of them is going to die."
True,https://www.wattpad.com/story/208406845,208406845,The Lost Boy I - Vikings and dragons,47.68928634011253,45350,1192,1102,1,"[""Adventure"", ""Fiction""]","[""ACTION AND THRILLER"", ""BERK"", ""BIGSISASTRID"", ""DRAGONS"", ""FRIENDSHIP"", ""HICCUPHADDOCK"", ""HTTYD"", ""HTTYD1"", ""JACKFROST"", ""TEXTTOSPEECH"", ""TOOTHLESS"", ""VIKINGS""]","[""reads=45350"", ""votes=1192"", ""comments=1102"", ""listing-hits=1""]","What if Hiccup wasn't all alone before he found Toothless ? What if his tribe had found and adopted a lost boy with strange white hair ?

Hiccup only live to become one of his viking tribe. However, the day he is given the possibility to do so by killing the most dangerous of all dragons, he has to make a decision that will change his life forever.

This is a Hijack/ Frostcup AU. boy x boy. Don't like, don't read. English is not my main langage."
True,https://www.wattpad.com/story/132957123,132957123,FEDERATION,47.77026303151193,45063,2937,1410,1,"[""Science Fiction"", ""Fiction""]","[""ALIENS"", ""ALIEN"", ""ASTRONAUT"", ""CONTACT"", ""EARTH"", ""EMPIRE"", ""EQUALITY"", ""FEDERATION"", ""FIRST"", ""FIRST-CONTACT"", ""FUTURE"", ""GALAXY"", ""GOVERNMENT"", ""ISS"", ""PEACE"", ""QUANTUMPHYSICS"", ""SCIENCE-FICTION"", ""SCIFI"", ""SF"", ""SOLARSYSTEM"", ""SPACE"", ""UNITEDNATIONS"", ""UTOPIA"", ""ỤN""]","[""reads=45063"", ""votes=2937"", ""comments=1410"", ""listing-hits=1""]","Federation takes close encounters to a whole new level. A galactic empire of a quarter of a million worlds stumbles across the Earth.

Their philosophy on life is totally unexpected. With the help of intelligent automatons, they've turned a reviled political system into a utopia for the masses, but are they a force for good or evil?

A Daragnen university graduate, Yol Rummy Blin Breganin, discovers that Earth failed in its attempt to join the Federation, and, for some unknown reason, members are forever banned from visiting or contacting the planet. Rummy had never heard of a whole world being outlawed. Perhaps it would be sensible to leave well enough alone but no, he decides to investigate...

FEDERATION is the first in a series of near-future, hard science-fiction novels by Tony Harmsworth, the First Contact specialist.

Submerge yourself in humankind's cultural and economic dilemma by reading Federation today.

(c) Tony Harmsworth 2019"
True,https://www.wattpad.com/story/159887212,159887212,Raven Knight,47.68569703923248,44809,2915,360,1,"[""Science Fiction"", ""Fiction"", ""Action""]","[""WAR AND MILITARY"", ""ALIENS"", ""SPACE EXPLORATION"", ""ACTION-THRILLER"", ""ALPHACENTAURI"", ""ASSASSIN"", ""BLUERAVEN"", ""CONSPIRACY"", ""EARTH"", ""EUROPA"", ""GENERAL"", ""INTERGALACTIC"", ""MILITARY"", ""SCIENCEFICTION"", ""SCIFI"", ""SNIPER"", ""SOLARSYSTEM"", ""SPACE"", ""SPECIALFORCES"", ""SPECIALOPS"", ""SPECOPS"", ""TAUCETI"", ""TEXTTOSPEECH"", ""WAR"", ""WARFARE""]","[""reads=44809"", ""votes=2915"", ""comments=360"", ""listing-hits=1""]","It's the year 2309 and the question of whether we are alone in the universe is finally answered; an answer which ends in a full-scale war.

Desperate to become a hero, Jason Scharn enrolls in the United Solar Military to push back these alien invaders. But as the war progresses and his career soars, two things become apparent. Is the sacrifice to those close to him necessary and is the enemy this evil entity that propaganda suggests?

As more colleagues and friends die around him and key figures start to disappear, questions start to emerge that only he can answer. Why did they attack us? Did they start this war? Who is my true enemy?

#Mystique Circle Awards 2023 - Science Fiction 1st Place"
True,https://www.wattpad.com/story/284377408,284377408,An Outsider That Who Knows About Gensokyo,47.44009252980346,43801,726,395,1,"[""Fantasy"", ""Fiction"", ""Adventure""]","[""GENSOKYO"", ""MALEREADER"", ""READERXTOUHOU"", ""TOUHOU"", ""TOUHOUPROJECT""]","[""reads=43801"", ""votes=726"", ""comments=395"", ""listing-hits=1""]","Y/n L/n has a normal life on his world but suddenly he was Gap to gensokyo. instead of being freak out hes just excited cause he has a chance to explore the Gensokyo...

Touhou is owned by ZUN and Team Shanghai Alice, not me.

I don't own any pictures in this book."
True,https://www.wattpad.com/story/374695131,374695131,Bound By Nikah,47.44179227033125,43256,1524,225,1,"[""Fiction"", ""Romance"", ""Slice of Life""]","[""HUMOR"", ""SUSPENSE"", ""AGEGAP"", ""FAMILY"", ""LOVE"", ""TRUST""]","[""reads=43256"", ""votes=1524"", ""comments=225"", ""listing-hits=1""]","""What are you doing? Over here"", Laiba glared at Abbas, who was busy with his phone.

""Ammi, I am responding to an important client"" Abbas said, getting annoyed.

""Go and sit beside Mariya""

He scowls at his mother.

""You agreed to this marriage, didn't you? Then why are you behaving like I forced you?"" She glares at his only son.

""I don't like the mehendi smell""

""I don't care. Go and sit she orders him in a Clip tone"".

Daily one chapter will be updated🤗💃"
True,https://www.wattpad.com/story/387233314,387233314,I actually obtained a system for a cash return of thousands![1],47.25467914117826,42951,736,37,1,"[""Fiction"", ""Romance""]","[""HUMOR"", ""PARALLEL"", ""SPACE"", ""SYSTEM"", ""TIME""]","[""reads=42951"", ""votes=736"", ""comments=37"", ""listing-hits=1""]","James wanted to be corrupted, but the system gave him money to chase the goddess.

The deposit ratio is up to 1:10000.

It is equivalent to other people's unattainable valuables, which he can buy for only a few hundred dollars.

But!

The money can only be spent on women, and it must be women with more than 90 points.

Since then, James has lived a life dedicated to giving gifts to beautiful women.

However, the goddesses who received the gifts were too enthusiastic.

In the face of all kinds of beauties, James said that he was a little panicked, worried that his thin arms and legs would not be able to stand it.

And too many women are also annoying,

There are famous scenes everywhere of dragging his hair and slapping him, fighting for him and being jealous."
True,https://www.wattpad.com/story/341356309,341356309,PARTY FAVOUR - SCREAM ¹,47.32674879010128,42553,960,260,1,"[""Horror"", ""Fiction"", ""Romance""]","[""PSYCHOLOGICAL"", ""BILLYLOOMIS"", ""COURTENEYCOX"", ""DAVIDARQUETTE"", ""DEWEYRILEY"", ""GALEWEATHERS"", ""JAMIEKENNEDY"", ""LOOMIS"", ""MATTHEWLILLARD"", ""NEVECAMPBELL"", ""RANDYMEEKS"", ""ROSEMCGOWAN"", ""SCREAM"", ""SCREAM1996"", ""SCREAMFRANCHISE"", ""SIDNEYPRESCOTT"", ""SIDNEYPRESSCOTT"", ""SKEETULRICH"", ""STUMACHER"", ""TATUMRILEY"", ""TEXTTOSPEECH""]","[""reads=42553"", ""votes=960"", ""comments=260"", ""listing-hits=1""]","𝗜𝗡 𝗪𝗛𝗜𝗖𝗛 blair loomis

has to surivive a horror movie not

knowing it could lead to much more..

PARTY FAVOUR - ""𝗮𝗻𝗱 𝗶 𝗵𝗮𝘁𝗲 𝘁𝗼 𝗱𝗼 𝘁𝗵𝗶𝘀 𝘁𝗼 𝘆𝗼𝘂

𝗼𝗻 𝘆𝗼𝘂𝗿 𝗯𝗶𝗿𝘁𝗵𝗱𝗮𝘆, 𝗵𝗮𝗽𝗽𝘆 𝗯𝗶𝗿𝘁𝗵𝗱𝗮𝘆 𝗯𝘆 𝘁𝗵𝗲 𝘄𝗮𝘆""

scream 1996 fic

@scr3ms"
True,https://www.wattpad.com/story/34257800,34257800,False Idols - Published Version,47.31003559835156,41611,2085,239,1,"[""Science Fiction"", ""Fiction""]","[""APOCALYPTIC AND DYSTOPIAN"", ""BRAIN"", ""FUTURE"", ""GENETIC"", ""IMPLANTS"", ""MINDWAVE"", ""SCIFI"", ""WAR""]","[""reads=41611"", ""votes=2085"", ""comments=239"", ""listing-hits=1""]","When Sarah Fenton is recruited out of her orphanage into a mysterious government program, she doesn’t realize she’s becoming a central figure in a three-way civil war.

When Nick Lal receives a powerful brain implant for his birthday, he doesn’t realize it will make him a social outcast and enemy of the state.

The world Sarah and Nick grew up in is transforming at catastrophic speed as neurally enhanced youths called Aeons rise to become global oligarchs. The Aeons quickly use their superior intellects and technology to dominate the world economy.

Soon Sarah and Nick find their lives revolving around Laura Mayer, the charismatic and brilliant leader of the Aeons. But is Laura working to save humanity from self-assured destruction, as she maintains to Nick? Or is she a manipulative psychopath, as Sarah’s military handlers insist?

The United States is torn three ways by a power struggle between the decrepit political institutions in Washington, the destabilizing technology of the Aeons, and a religious revolution in Texas. Soon, Nick and Sarah find themselves serving opposing factions. Will they be able to bridge the chasms of distrust that separate them and save the country from collapse?

False Idols is the first novel in the Aeon science fiction trilogy by Alexis Grove."
True,https://www.wattpad.com/story/406545760,406545760,Leather and Legacy,47.177817647560744,41299,2094,23,1,"[""Paranormal"", ""Fiction"", ""Fantasy"", ""Romance""]","[""SHIFTERS"", ""SUPERNATURAL CREATURES"", ""WEREWOLVES"", ""HIDDENBILLIONAIRE"", ""MAFIA"", ""MC"", ""MODERNWORLD"", ""SHIFTER""]","[""reads=41299"", ""votes=2094"", ""comments=23"", ""listing-hits=1""]","A terrified little girl runs barefoot through the night and into a biker clubhouse with one plea: Save my mommy. Stone Wulfric, leader of the Violet Wolves, never turns his back on family, or on the helpless. Rescuing Joella from the locked cellar of her dirty-cop husband should've been the end of it. Instead, it's only the beginning. Now Derrick wants her silenced, the law is closing in, and every move Stone makes puts a target on his back. Joella thinks she's fallen for a man of leather and scars, until the truth comes out. Because Stone isn't just an outlaw... he's a wolf shifter who walked away from a fortune. And he'll risk everything to keep her safe.

© 2026 Randi-Anne Dey - All rights reserved"
False,https://www.wattpad.com/story/398441028,398441028,Eternally Bound to Be Yours,47.02258994164215,40676,820,31,1,"[""Fantasy"", ""Fiction"", ""Romance""]","[""ISEKAI AND REINCARNATION"", ""COMPLETED"", ""FACESLAPPING"", ""MAFIA"", ""MERCENARY"", ""PRINCESS"", ""REBIRTH"", ""TEEN-ROMANCE"", ""TEENAGERS"", ""TIMELOOP"", ""TIMETRAVEL""]","[""reads=40676"", ""votes=820"", ""comments=31"", ""listing-hits=1""]","Lia was an adopted daughter of the Williamson family, a middle class family.Her adoptive mother is celebrity and is famous for being ambassador for several established charities.She was adopted by her mother to garner public admiration, which boosted her mother's acting career.

Behind the public's eyes,Lia was physically abused by her mother.Her father just looked at her coldly.Her sister,the biological daughter, was treated so well compared to her.Her boyfriend cheated on her with her sister without her even knowing.Finally, she was killed by her sister.

She doesn't know why but every time she dies,she keeps getting back to life into the past before she was killed.

'I swear I will get my revenge that you all deserve.'"
True,https://www.wattpad.com/story/146783600,146783600,The Juggernaut (Juggernaut #1),47.0672300809588,38923,3827,155,1,"[""Science Fiction"", ""Fiction"", ""Action"", ""Adventure"", ""Mystery"", ""Sci-Fi""]","[""SPACE EXPLORATION"", ""ACTION-ADVENTURE"", ""COMPLETED"", ""CONSPIRACY"", ""FRIENDSHIP"", ""FUTURE"", ""FUTURISTIC"", ""ORPHAN"", ""SCIENCEFICTION"", ""SCIFI"", ""SPACE"", ""SPACE-TRAVEL"", ""SPACECRAFT"", ""SPACEOPERA"", ""SPACESTATION"", ""SPACETRAVEL"", ""TEEN"", ""WATTYS2018"", ""WATTYSLONGLIST2018"", ""WATTYSSHORTLIST2018"", ""YOUNGADULT""]","[""reads=38923"", ""votes=3827"", ""comments=155"", ""listing-hits=1""]","Tales from the Juggernaut #1. Complete. Wattys 2018 shortlist.

WHAT IS THE SECRET OF THE JUGGERNAUT?

*PRAISE FOR THE JUGGERNAUT*

*** Good story, great setting, and well fleshed characters. *** Gripping from the beginning...cannot wait for the next one... *** ...a hint of John Scalzi... *** I really enjoyed this book *** I love the characters *** ...brilliantly captures my curiosity. *** captures your imagination right from the start *** Unique and really drags you in.... I can't wait to see what comes next. *** A great, exciting, fast paced read *** Can't wait for the second installment! ***

The Juggernaut

A city in space built from the twisted wreck of a thousand ships, in a decaying orbit around a dying star.

The last refuge of the dispossessed.

The place Tila Vasquez now calls home.

When a distant colony of stars lost contact with earth, they descended into the fires of a civil war. From the ashes rose the Commonwealth - Eleven systems struggling to survive the aftermath and rebuild civilisation with the remnants of the technology they once had.

The mission to colonise Baru was to be the first step forward in a hundred years. Three colony ships set out to discover a new star and build the first hyperspace beacon in three generations.

But the mission failed.

The Far Horizon vanished through the unstable wormhole. The Rising Star and New Dawn were destroyed.

Tila's parents were among the thousands lost. Now she has joined the ranks of the dispossessed.

So when Tila finds the impossible - a shuttle from the Far Horizon buried deep within the Juggernaut - she sets out with her friends Ellie and Malachi to uncover the truth behind the colony mission.

But some things are buried for a reason, and some secrets should never be revealed...

**The Juggernaut is part one of an exciting space action-adventure mystery series.**"
True,https://www.wattpad.com/story/391415617,391415617,Dark Psychology 101: The Cognitive Exploitation,46.68152311846284,38547,316,28,1,"[""Non Fiction"", ""Non-Fiction"", ""Nonfiction"", ""Psychology""]","[""DARKMIND"", ""DARKPSYCHOLOGY"", ""EMOTIONALABUSE"", ""GASLIGHTING"", ""HUMANBEHAVIOR"", ""INFLUENCE"", ""MACHIAVELLIANISM"", ""MANIPULATION"", ""MENTALMANIPULATION"", ""MINDCONTROL"", ""MINDGAMES"", ""MUSTREAD"", ""PERSUASION"", ""POWERANDCONTROL"", ""PSYCHOANALYSIS"", ""PSYCHOLOGICAL"", ""PSYCHOLOGICALTACTICS"", ""PSYCHOLOGICALTHRILLER"", ""PSYCHOLOGICALWARFARE"", ""PSYCHOLOGY101"", ""PSYCHTRICKS"", ""SELFHELP"", ""SOCIALENGINEERING""]","[""reads=38547"", ""votes=316"", ""comments=28"", ""listing-hits=1""]","(~|[Abstract]|~)

Manipulation and persuasion are powerful tools that shape human interactions, often operating beneath the surface of awareness. Dark Psychology 101 explores the intricate world of dark psychology, revealing the psychological mechanisms behind influence, deception, and control. By dissecting manipulation techniques-from mirroring and gaslighting to guilt-tripping and triangulation-this book provides a comprehensive understanding of how manipulators operate. It examines the thin line between ethical persuasion and coercive manipulation, highlighting the vulnerabilities that make individuals susceptible to influence. While offering insights into these tactics, the book emphasizes the importance of awareness, self-defense, and ethical considerations in navigating the complex landscape of human interactions. Whether you seek to recognize manipulation or develop persuasive skills responsibly, Dark Psychology 101 serves as a guide to mastering the psychology of influence."
True,https://www.wattpad.com/story/402618654,402618654,Silent Blood,46.890001891808836,38183,1119,387,1,"[""Non Fiction"", ""Non-Fiction"", ""Drama""]","[""EATINGDISORDER"", ""FAMILY"", ""HOPE"", ""LITTLEBROTHER"", ""MENTALHEALTH"", ""MUTEBOY"", ""OLDERBROTHERS"", ""SELECTIVEMUTISM"", ""SUICIDALTHOUGHTS"", ""TEENFICTION""]","[""reads=38183"", ""votes=1119"", ""comments=387"", ""listing-hits=1""]","1...2...3... Breathe

How would you feel if that was everything keeping your world from falling apart? For Luca Romano, the Italian 16 years old, that breath was all he had. It was the fragile thread holding his life together

he hadn't spoken a word in over 10 years. Not one. Not to his parents. Not to his brothers. Not to anyone

But why? And why hadn't anyone in his family noticed until it was almost too late?

come with and find out more about this mute boy and his family

~A~

Hi, this story contains themes of mental health issues, suicide idealation, and self-harm

there will be TW before any parts that I feel would be triggering for some people

# 2 for muteboy (8 August 2026)"
False,https://www.wattpad.com/story/338253597,338253597,My Human Mate/ Edited,46.490490447207556,36457,407,49,1,"[""Fiction"", ""Paranormal"", ""Fantasy"", ""Romance""]","[""WEREWOLF"", ""WEREWOLVES"", ""BLAKE"", ""BOOKS"", ""CELESTE"", ""DEALS"", ""ERIC"", ""FIGHTING"", ""HATE"", ""HISTORYOFWEREWOLVES"", ""HUMANMATE"", ""HYBRID"", ""JASON"", ""LEAH"", ""LOVE"", ""SECRETS"", ""TEXTTOSPEECH"", ""THEDANIELS"", ""VAMPIRES"", ""WEREWOLFVAMPIREHYBRID""]","[""reads=36457"", ""votes=407"", ""comments=49"", ""listing-hits=1""]","Blake and her mother moved to a small town called River Hollow. She attends a new school and meets new people. What she doesn't know is that she has just entered a whole new world of its own. A world of supernatural beings.

What will she do when the most powerful wolf turns out to be her mate. What will she do and how will she react."
True,https://www.wattpad.com/story/361931430,361931430,Dawn Carver (3),46.518151889032964,35192,1559,112,1,"[""Fantasy"", ""Fiction"", ""Adventure"", ""Dystopian"", ""Supernatural""]","[""DARK FANTASY"", ""CHOSENONE"", ""COMINGOFAGE"", ""CURSE"", ""DARK"", ""ENEMIESTOLOVERS"", ""HEROJOURNEY"", ""LOVESTORY"", ""MAGIC"", ""MEDIEVAL"", ""REBEL"", ""ROMANTIC"", ""ROYAL"", ""SECRETS"", ""SERIES"", ""SHIFTERS"", ""SPECULATIVEFICTION"", ""STRONGFEMALELEAD"", ""WATTPADORIGINALS"", ""WEREWOLF""]","[""reads=35192"", ""votes=1559"", ""comments=112"", ""listing-hits=1""]","Trapped in an unassuming village by those wanting to use her as a weapon and separated from Killian, Freya must race against time to control her newfound powers or risk losing everything.

Season 3 of Cloud Piercer

***

Freya is no stranger to betrayal. Unsure of her loved ones' fate and imprisoned in a village with those she certainly doesn't trust, Freya must navigate her biggest challenge of all -- trusting her captor to help her control her newfound powers.

Meanwhile, Casimir and Killian fight to break free of King Ereon's prisons. As they try to find their way back to each other, sinister secrets come to light. And though the ever-present threat of the cloud looms over the fate of all of Elel, something darker lurks beneath the surface.

Night is falling over the Kingdom of Elel. In a race against time, only one can carve out the new dawn."
False,https://www.wattpad.com/story/402285735,402285735,Healing The Star ✓,46.49985541717968,33250,4173,1847,1,"[""Romance"", ""Fiction"", ""Drama""]","[""BILLIONAIRES AND CEOS"", ""FRIENDS TO LOVERS"", ""SLOW BURN"", ""BILLIONAIRE"", ""BOOK"", ""CELEBRITY"", ""DEPRESSION"", ""DESIROMANCE"", ""EMOTIONAL"", ""HEAL"", ""INDIANLOVE"", ""INDIANROMANCE"", ""LONLINESS"", ""LOVE"", ""MOUNTAIN"", ""NEW"", ""PTSD"", ""ROCKSTAR"", ""ROMCOM"", ""SHIMLA"", ""SINGER"", ""SLOWBURN"", ""STANDALONE"", ""WATTPAD"", ""YOUNGADULT""]","[""reads=33250"", ""votes=4173"", ""comments=1847"", ""listing-hits=1""]","𝘢 𝘴𝘭𝘰𝘸-𝘣𝘶𝘳𝘯 𝘤𝘦𝘭𝘦𝘣𝘳𝘪𝘵𝘺 𝘳𝘰𝘮𝘢𝘯𝘤𝘦 ★

୨୧˚ ⋆｡˚ ☽ 𐙚

""Her eyes.""

He replied when the interviewer asked,

""What's your favorite thing to watch when you're not doing anything?""

""Apna sab kuchh chhor aaya tha, par mera sab kuchh yahin mil gaya."" He said, admiring her with devotion.

♡

𝗥𝗜𝗦𝗛𝗩𝗜𝗞 𝗞𝗛𝗨𝗥𝗔𝗡𝗔

A global superstar famous for his golden voice. Kind, handsome, funny, and known for giving the best concerts. To the world, he was sunshine in human form. But behind the fame was a man who had stopped believing in himself long ago, carrying the weight of his past and struggling with depression. When a false scandal destroyed the image he had spent years building, Rishvik ran away from the world, disappearing to hurt himself, only to end up as a teacher in a small village school.

""I only sing love, I don't do love.""

♡

𝗩𝗥𝗜𝗡𝗗𝗔 𝗠𝗔𝗧𝗛𝗨𝗥

A pahadi girl and a gold medalist in English Literature who left Mumbai after graduation, never telling anyone the reason why. After losing her parents at a young age, she stopped letting herself get attached to people. She runs a bookstore café in Shimla, teaches at her grandparents' school, and secretly writes love stories on Wattpad. She believes in love enough to write about it, but not enough to expect it for herself. And she absolutely hated the new teacher, not knowing who he really was.

""Will I ever find the kind of love I write about?""

♡

The kind of love you see in old Bollywood movies. (Ramaiya Vastavaiya, Jab We Met coded <3)

If Maula Mere Maula song was a book, it'd be Healing The Star.

Happy ending or Sad ending? Read to find out <3

COMPLETED.

(NO SMUT)"
True,https://www.wattpad.com/story/172940174,172940174,Paradise,46.25024473977348,33170,1197,169,1,"[""Science Fiction"", ""Fiction"", ""Dystopian""]","[""SPACE EXPLORATION"", ""2019"", ""ACTION-ADVENTURE"", ""DYSTOPIA"", ""FIRST-BOOK"", ""GALAXIES"", ""MULTIVERSE"", ""NOVELLA"", ""ONC2019"", ""OPENNOVELLACONTEST2019"", ""ORIGINAL-STORY"", ""OUTERSPACE"", ""PARADISE"", ""PLANET"", ""SCIENCE"", ""SCIENCE-FANTASY"", ""SCIENCEFICTION"", ""SCIFI"", ""SPACE"", ""SPACECRAFT"", ""SPECULATIVEFICTION""]","[""reads=33170"", ""votes=1197"", ""comments=169"", ""listing-hits=1""]","Book 1 of the Paradise Series.

-

3019:

The world was now advanced in all sorts of technology. They were stronger than any species known. And now, they began their exploration of other planets, searching for what humanity wanted to find even during the past millennium: planets capable of hosting life and paradise to all.

At last, in this very year, they have found a planet worthy of being Earth's twin.

But as soon as the first humans landed on that same planet, they were killed, suggesting that they were not alone on the new planet. So NASA sent a group of humans to planet Greta to investigate. But eventually, they realized that there is more at stake than what they expected.

-"
True,https://www.wattpad.com/story/416274930,416274930,𝐏𝐄𝐑𝐅𝐄𝐂𝐓𝐋𝐘 𝐅𝐈𝐍𝐄 | ᴊᴏʜɴ ʟᴏɢᴀɴ,46.08501814722662,30960,1963,1085,1,"[""Fanfiction"", ""Romance""]","[""FANFIC"", ""FRIENDS TO LOVERS"", ""COLLEGE AND UNIVERSITY"", ""SLOW BURN"", ""BRIAR"", ""BRIARU"", ""BROTHERSBESTFRIEND"", ""COLLEGE"", ""COLLEGEROMANCE"", ""DEANDILAURENTIS"", ""ELLEKENNEDY"", ""FRIENDSTOLOVER"", ""GARRETTGRAHAM"", ""HOCKEY"", ""HOCKEYPLAYER"", ""HOCKEYROMANCE"", ""JOHNLOGAN"", ""LONGCHAPTER"", ""OFFCAMPUS"", ""PRIME"", ""ROMCOM"", ""SLOWBURN""]","[""reads=30960"", ""votes=1963"", ""comments=1085"", ""listing-hits=1""]","︵‿︵‿୨♡୧‿︵‿︵

As Garrett Graham's little sister, Charlotte has never had to wonder where she belongs.

Especially with John Logan.

He's the person she calls when she can't sleep. The one who lets her show up at his door in the middle of the night without asking questions. One of the safest person she has.

To Charlotte, he's just Logan.

Her friend.

And while Logan has been keeping one secret from Charlie, she's been keeping a much darker one from everyone.

There's a reason she can't sleep.

A reason she can't go home without feeling sick.

A reason she flinches at certain touches, avoids certain rooms, and smiles whenever anyone gets too close to the truth.

Charlotte has spent months making sure no one looks closely enough to realize she isn't perfectly fine.

But as the past she's tried to bury resurfaces, Charlotte has to decide how much longer she can keep the people she loves on the outside.

♡ John Logan

♡ Slow burn / Friends to Lovers

♡ Dual POV"
True,https://www.wattpad.com/story/268379123,268379123,Ghost House [Completed ],46.04522475977161,30453,3952,393,1,"[""Horror"", ""Fiction""]","[""PSYCHOLOGICAL"", ""BTSFANFIC"", ""BTSJIN"", ""SINHALA"", ""SL"", ""TEXTTOSPEECH""]","[""reads=30453"", ""votes=3952"", ""comments=393"", ""listing-hits=1"", ""presentation:very-short-synopsis""]","7 brothers

A mysterious house

A dangerous ghost girl

This is a horror bts ff"
True,https://www.wattpad.com/story/218313524,218313524,Best Motivational Story,45.566754356470874,28173,2081,76,1,"[""Fiction"", ""Romance"", ""Slice of Life"", ""Poetry""]","[""SHORT STORY"", ""HAPPY ENDING"", ""FEELINGS"", ""HAPPY"", ""HOPE"", ""KIDS"", ""LIFE"", ""LOVE"", ""MOTIVATE"", ""POEM"", ""POSITIVE"", ""SHORTSTORY"", ""THOUGHTS""]","[""reads=28173"", ""votes=2081"", ""comments=76"", ""listing-hits=1""]","An inspiring stories with a lot of positive and motivational words and also a book about Life, Love, And everthing else.

Cover by @Docilefiasco"
False,https://www.wattpad.com/story/242673651,242673651,Historically Inaccurate (Wattpad Books Edition),45.47234005157418,28031,551,400,1,"[""Fiction"", ""Romance""]","[""TEEN FICTION"", ""ROMANTIC COMEDY"", ""COLLEGE AND UNIVERSITY"", ""CHICKLIT"", ""CLUB"", ""COLLEGE"", ""CONTEMPORARY"", ""DIVERSE"", ""DIVERSITY"", ""FRIENDSHIP"", ""HUMOR"", ""IMMIGRANT"", ""LIFE"", ""LOVE"", ""NEWADULT"", ""RELATIONSHIP"", ""RELATIONSHIPS"", ""ROMCOM"", ""SWEET"", ""WATTPADBOOKS"", ""WATTPADORIGINALS""]","[""reads=28031"", ""votes=551"", ""comments=400"", ""listing-hits=1""]","WATTPAD BOOKS EDITION.

It only takes one moment to change your life forever . . .

After her mother's deportation last year, all Soledad ""Sol"" Gutierrez wants is for her life to go back to normal. Everything's changed-new apartment, new school, new family dynamic-and Sol desperately wants to fit in. When she joins her community college's history club, it comes with an odd initiation process: break into Westray's oldest house and steal . . . a fork?

There's just one problem: while the owners of the house aren't home, their grandson Ethan is, and when he catches Sol with her hand in the kitchen drawer, she barely escapes with the fork intact. This one chance encounter irrevocably alters her life, and Sol soon learns that sometimes fitting in isn't as important as being yourself-even if that's the hardest thing she's ever had to do."
True,https://www.wattpad.com/story/406496721,406496721,My Elegant Tyrant,45.285971223192,27278,621,61,1,"[""Fiction"", ""Historical"", ""Fantasy""]","[""HISTORICAL FICTION"", ""ROYALTY"", ""ANGST"", ""BETRAYAL"", ""CHASE"", ""COLDHEARTED"", ""DARKROMANCE"", ""DUKE"", ""GROVEL"", ""HEARTBREAK"", ""HISTORICALROMANCE"", ""JEALOUSY"", ""KING"", ""LOVEHATE"", ""MARRIAGE"", ""MISUNDERSTANDING"", ""OBSESSION"", ""POSSESSIVE"", ""REDEMPTION"", ""REGRET"", ""RUNAWAY"", ""SECONDCHANCE"", ""SLOWBURN"", ""TOXICLOVE"", ""WATTPADORIGINALS"", ""YEARNING""]","[""reads=27278"", ""votes=621"", ""comments=61"", ""listing-hits=1""]","Betrayed by her family and betrothed to a prince, Arlen runs for her life-only to be found by the domineering Duke Liam Crawford, the man she should fear most.

Cold, commanding, wealthy and irresistibly magnetic, he saves her with a single touch and claims her as his own. Every whispered command, every lingering caress, draws her deeper into a treacherous game with a man who sees her not as a wife, but as a prize to possess.

In his arms, danger tastes like desire... but will she surrender or survive?

ⓒ Serenascent / TENBOOK / FLORIEL"
True,https://www.wattpad.com/story/416258693,416258693,The Tell,45.10129495315151,25563,1229,105,1,"[""Fanfiction"", ""Romance""]","[""FANFIC"", ""CBI"", ""GRACEVANPELT"", ""KIMBALLCHO"", ""MENTALIST"", ""NETFLIX"", ""PATRICKJANE"", ""TERESALISBON"", ""THEMENTALIST"", ""WAYNERIGSBY""]","[""reads=25563"", ""votes=1229"", ""comments=105"", ""listing-hits=1""]","-- The Mentalist -- Patrick Jane x OC

Sarah Ellis has spent her whole life being the smartest person in the room. The daughter of a Central Valley wine dynasty, she finished Berkeley at twenty-one, turned down law school to carry a badge, and became the youngest homicide inspector in San Francisco's history. Her master's thesis dissected the art of the fake psychic, and its most brilliant subject was a television medium named Patrick Jane.

Now she's joined the California Bureau of Investigation, and the man she once called ""a very gifted liar"" is asleep on a couch in her new office.

Jane is used to reading people, not being read. Sarah knows his tricks well enough to call his bluffs and is too sharp to be charmed. She's the first puzzle he can't solve in an afternoon. Case by case, their rivalry turns into trust, and the trust into something neither of them is ready to name. Jane still wears his wedding ring. He still lives for one purpose: finding Red John, the serial killer who murdered his wife and daughter.

The closer Sarah gets to Jane, the closer she gets to his war. And Red John has always had a way of noticing the people Patrick Jane lets in.

Everyone has a tell. Sarah swore she'd find his. She never expected to lose her heart first."
True,https://www.wattpad.com/story/394904101,394904101,3 AM Unsent Messages,45.053144092816325,25429,856,145,1,"[""Poetry""]","[""3AMAESTHETIC"", ""3AMWRITING"", ""AESTHETIC"", ""DEPRESSION"", ""EMOTIONALPOETRY"", ""EMOTIONS"", ""INSOMNIA"", ""JOURNALING"", ""LATENIGHTTHOUGHTS"", ""MEDITATIVE"", ""MELANCHOLY"", ""MODERNPROSE"", ""MUSING"", ""PROSE"", ""PROSEANDPOETRY"", ""RAWANDREAL"", ""SAD"", ""SLEEPLESSNIGHTS"", ""SOFTSADNESS"", ""STREAMOFCONSCIOUSNESS"", ""THINKING"", ""TOOMUCH"", ""UNSENTMESSAGES""]","[""reads=25429"", ""votes=856"", ""comments=145"", ""listing-hits=1""]","What do you do when the world is quiet but your mind won't shut up?

3 AM Unsent Messages is a haunting, intimate collection of fragmented thoughts, whispered confessions, and emotional snapshots scribbled in the dark. Equal parts journal, poetry, and stream-of-consciousness therapy, this book captures the sleepless moments where memories hit hardest, regrets echo loudest, and truths are too raw to say aloud.

With the vulnerable honesty of a midnight voicemail and the strange comfort of a stranger's open diary, these unsent messages explore love, loss, nostalgia, and the beautiful chaos of being awake when everyone else is dreaming.

This is not a book you read... it's one you feel.

This is especially made for anyone who has ever stared at the ceiling and thought, ""I shouldn't be feeling this much right now.""

PS. some photos used as chapter covers aren't mine. ALL CREDITS TO THE RIGHTFUL OWNER/S."
True,https://www.wattpad.com/story/394348956,394348956,The Tears I learned To Love,44.71544737637033,24114,423,71,1,"[""Poetry"", ""Romance""]","[""EMOTIONS"", ""GRIEF"", ""HEALING"", ""HEARTBREAK"", ""LOSS"", ""LOVE"", ""MEMORIES"", ""PAIN"", ""POEM"", ""SELF-LOVE""]","[""reads=24114"", ""votes=423"", ""comments=71"", ""listing-hits=1""]","The Tears I Learned to Love is a collection of poems that explores the complex journey of love, loss, and healing.

From the fiery passion of first moments to the silence left by absence, this book is about the deep ache of letting go and the quiet strength found in rebuilding.

Each poem reflects a moment of heartache, but also of resilience.

It's not just a story of heartbreak, it's about learning to embrace the tears that shape us."
True,https://www.wattpad.com/story/391897452,391897452,That's How Life Works (Published under Ukiyoto Publishing Company),44.68951890706166,23761,598,72,1,"[""Poetry""]","[""DESTINY"", ""FATE"", ""LIFE"", ""LIFECHANGING"", ""LIFELESSONS"", ""LIFEQUOTES"", ""MOTIVATION"", ""SELFHELP""]","[""reads=23761"", ""votes=598"", ""comments=72"", ""listing-hits=1""]","Life is not a straight path, nor is it a perfect equation with predictable results. That's How Life Works is a compelling guide that unravels the hidden patterns, unspoken rules, and essential truths about how life operates. This book serves as a wake-up call-challenging your perceptions, breaking down self-imposed limitations, and revealing the mindset shifts necessary to navigate life's complexities.

Through powerful insights, thought-provoking lessons, and real-world applications, this book will help you understand:

- Why some people succeed while others remain stuck in the same cycles

- How your thoughts, habits, and decisions shape your reality

- The importance of adaptability, resilience, and self-awareness

- How to break free from limiting beliefs and take control of your own journey

Life doesn't hand out success, happiness, or purpose-you create them. This book will push you to see beyond excuses, embrace discomfort, and take the necessary steps toward a more fulfilling and meaningful life. If you've ever felt lost, frustrated, or unsure of your direction, That's How Life Works will be your guide to waking up, taking action, and truly understanding the mechanics of life."
True,https://www.wattpad.com/story/411489130,411489130,Love Me,44.8709102785936,23690,1417,743,1,"[""Fanfiction""]","[""FANFIC"", ""ORIGINAL CHARACTER (OC)"", ""XREADER"", ""ANIME AND MANGA"", ""WEBTOONS AND COMICS"", ""DOCTOR"", ""GAME"", ""HARLEYQUIN"", ""JESTER"", ""NOVEL"", ""PIERROT"", ""TFC"", ""THEFREAKCIRCUS"", ""TICKETTAKER"", ""VISUAL"", ""YANDERE""]","[""reads=23690"", ""votes=1417"", ""comments=743"", ""listing-hits=1""]","She replayed the game until it was the only thing in her life that still made her feel anything. Then she died, and God asked her where she wanted to go.

Aster Loxley wakes up in The Freak Circus two months before Day 1, in a body that is not entirely human, in an apartment she did not rent, with a job she did not apply for and a script she has memorized by heart. She has a plan: stay quiet, stay hidden, let the protagonist have her story and help her when needed.

The plan does not survive the morning she sees a red clown shoved to the ground in the street."
False,https://www.wattpad.com/story/402255199,402255199,Familiar Faces,44.62700748176421,23054,574,392,1,"[""Adventure"", ""Fiction""]","[""ACTION AND THRILLER"", ""ACTION-ROMANCE"", ""BRENDA"", ""GALLY"", ""GIRLGLADER"", ""GLADER"", ""GRIEVERS"", ""JORGE"", ""MAZE"", ""MAZERUNNER"", ""MINHO"", ""NEWT"", ""NEWTFANFIC"", ""NEWTXREADER"", ""RUNNER"", ""THEDEATHCURE"", ""THESCORCH"", ""THESCORCHTRIALS"", ""THOMAS"", ""TMR""]","[""reads=23054"", ""votes=574"", ""comments=392"", ""listing-hits=1""]","""Dr. Paige"" we have a problem. ""Subject B6 got placed into the wrong maze"" Ava Paige glared at he doctor before her. ""We can't go in after her, that would mess with the results of the trial. We will have to wait for her to go into the maze"" she answered calmly.

Y/n woke up in a strange medal cage with the sun shining bright over her. Once her eyes adjusted she saw a group of twenty boys staring down at her. Over the next month Y/n made the best of her situation, even with no memories she became the light of the glade, even finding love along the way. That was until the maze doors opened for the first time. Y/n volunteered to run the maze as well as three other boys. During her run she got taken by the creatures that lurked through the maze. She woke up in a hospital bed with a boy standing next to her. Thanks to him she was able to make it out of the WICKED compound and she made her way into the scorch. There she met a girl her age, and an older man who took her under her wing. Y/n lived with them in the scorch for three years until one day a group of familiar faces stumbled through the doors."
True,https://www.wattpad.com/story/392523910,392523910,The Rose of Time - Completed ✔️,44.470364685190944,22662,583,56,1,"[""Fiction"", ""Historical"", ""Adventure"", ""Romance""]","[""HISTORICAL FICTION"", ""ANCIENT EMPIRES"", ""ALEXANDER"", ""ALEXANDERTHEGREAT"", ""BABYLON"", ""BIBLEPROPHECY"", ""CLEENROMANCE"", ""CONSPIRACY"", ""FOREBIDDENLOVE"", ""FRIENDSHIP"", ""HISTORICALFACTS"", ""HISTORICALFICTION"", ""HISTORICALLOVESTORY"", ""HISTORICALROMANCE"", ""KING"", ""LOVE"", ""LOVEMAKESHISTORY"", ""LOVESTORY"", ""MEDO-PERSIA"", ""PARYSATIS"", ""PROPHECY"", ""QUEEN"", ""TIMETRAVEL""]","[""reads=22662"", ""votes=583"", ""comments=56"", ""listing-hits=1""]","She fell through time into the arms of a legend-only to discover that love can be the most dangerous secret of all.

Julia, a modern history student with a past she can't outrun, awakens in the court of Alexander the Great- as a Persian noble, trapped in a world of prophecy, power, and deception... and promised to a man she despises.

As war brews and conspiracies tighten, she finds herself drawn to a brilliant warrior whose true identity could shatter everything. But in a palace where love is a liability and truth a death sentence, survival may come at the cost of her heart-and the man who holds it.

Epic, emotional, and laced with danger-this is not just a journey through time, but through everything we fear to lose.

What if your past and your future collided in another time? What if an unexpected love shattered every certainty you thought you had?

Can love survive when the cost of silence is death-and the truth could collapse an empire?"
True,https://www.wattpad.com/story/335849602,335849602,so this is love,44.103289512952244,20912,497,55,1,"[""Poetry"", ""Nonfiction"", ""Romance""]","[""COLLECTION"", ""EMOTION"", ""INSTAPOETRY"", ""LIFE"", ""LONGDISTANCERELATIONSHIP"", ""LOVE"", ""LOVEATFIRSTSIGHT"", ""LOVESTORY"", ""MODERN"", ""POEM"", ""POEMBOOK"", ""POETRYCOLLECTION""]","[""reads=20912"", ""votes=497"", ""comments=55"", ""listing-hits=1"", ""presentation:very-short-synopsis""]",a work of poetry which is dedicated to the love of my life
True,https://www.wattpad.com/story/198853565,198853565,Star Wars: The Great Awakening (Book I),44.12511461653231,20382,813,352,1,"[""Fanfiction"", ""Adventure""]","[""FANFIC"", ""STAR WARS: SPINOFFS"", ""ORIGINAL CHARACTER (OC)"", ""BOOKS AND LITERATURE"", ""MOVIE"", ""ANGST"", ""AWAKENING"", ""FEATURED"", ""FROMWATTPADTOKESSEL"", ""GALAXY"", ""INVASION"", ""JEDI"", ""LEGENDS"", ""LIGHTSABER"", ""ORIGIN"", ""ORIGINALCHARACTER"", ""ORIGINALSTORY"", ""REPUBLIC"", ""SCIENCEFICTION"", ""SCIFI"", ""SITH"", ""STAR-WARS"", ""STARWARS"", ""STARWARSFANFICTION"", ""THEFORCE"", ""TRIALS"", ""WATTYS2021""]","[""reads=20382"", ""votes=813"", ""comments=352"", ""listing-hits=1""]","\\ ᴛʜᴇ ꜰɪʀꜱᴛ ꜱᴛᴏʀʏ ɪɴ ᴛʜᴇ ꜱᴛᴀʀ ᴡᴀʀꜱ ᴛɪᴍᴇʟɪɴᴇ // ⭐️ ᴡᴀᴛᴛʏꜱ ᴡɪɴɴᴇʀ (2021) - ꜰᴀɴꜰɪᴄᴛɪᴏɴ ⭐️ Long before the Republic or the rise of the Jedi Order, the galaxy was in a state of peace and balance. Unknown to the primitive tribes on the planet Atophis, something festers in the deep black of space. A shadow and threat has slowly begun to spread, conquering all and leaving a path of destruction in its wake. When Jolis of the Opachi tribe finds himself in the very center of the storm which has suddenly beset his people, he stumbles upon a power the likes of which has never been seen and sets in motion something which will ultimately change the course of the entire galaxy.

This is the story of the first Force-wielder in the Star Wars galaxy.

***2021 Watty Award Winner***

***2022 Amby Award Winner***

August 29, 2019 - Prologue released

Sept 24, 2020 - Part I completed

April 25, 2021 - Part II completed

August 14, 2021 - COMPLETED!

November 1, 2021 - 2021 Watty Awards Shortlist

November 7, 2021 - Video Trailer released

December 3, 2021 - WATTY AWARD WINNER!

December 26, 2021 - 5,000 Views

March 26, 2022 - 10,000 views

April 3, 2022 - New cover design!

July 28, 2022 - Amby Award Winner!"
False,https://www.wattpad.com/story/416697263,416697263,Transmigrating as the Billionaire's Wife,43.9802986387658,20213,983,17,1,"[""Romance"", ""Fiction""]","[""SECOND CHANCE"", ""BILLIONAIRES AND CEOS"", ""SLOW BURN"", ""ARRANGEDMARRIAGE"", ""BILLIONAIRE"", ""CONTRACT"", ""FEMALE"", ""FEMALEREADER"", ""HAPPYENDING"", ""HUSBANDANDWIFE"", ""JEALOUSY"", ""MARRIAGE"", ""MODERNROMANCE"", ""POSSESSIVE"", ""REBIRTH"", ""REBORN"", ""ROMANCEFANFICTION"", ""ROMANCESTORIES"", ""SECONDCHANCE"", ""SLOWBURN"", ""SLOWLOVE"", ""SLOWROMANCE"", ""SWEETROMANCE"", ""VILLAIN"", ""WARMING""]","[""reads=20213"", ""votes=983"", ""comments=17"", ""listing-hits=1""]","She woke up inside a romance novel.

Not as the heroine.

Not even as the woman who gets a happy ending.

She became the doomed white moonlight-the beautiful second female lead who is destined to chase the male lead, destroy the heroine, lose everything, and die horribly.

But she knows the ending.

So she refuses to play her part.

No more chasing him.

No more fighting the heroine.

No more begging for love.

Instead, she moves back in with the billionaire CEO she married for business and decides to enjoy her new life.

Her husband is cold, ruthless, and powerful enough to destroy anyone who crosses him.

He only gave her a black card and one rule:

Don't bother me.

Perfect.

She'll spend his money, stay out of trouble, and wait for the story to end.

Except...

The male lead suddenly wants her back.

The heroine wants her gone.

And the billionaire who was supposed to never fall in love with her?

He's becoming dangerously obsessed.

One night, he pulls her onto his lap and murmurs,

""Keep loving him, and I'll make his entire family go bankrupt.""

She thought she was escaping the original plot.

She didn't realize she was walking straight into the billionaire's heart."
False,https://www.wattpad.com/story/402468225,402468225,Those Winter Season,44.211403630164476,20174,1872,893,1,"[""Romance"", ""Fiction""]","[""ENEMIES TO LOVERS"", ""HIGHSCHOOL"", ""OPPOSITES ATTRACT"", ""COLLEGESTORIES"", ""ENEMIES"", ""ENEMIESTOLOVERS"", ""FRIENDSFOREVER"", ""GENE"", ""HEADBOY"", ""HEADGIRL"", ""HIGHSCHOOLDRAMA"", ""JEALOUSY"", ""LIGHTROMANCE"", ""LOVEATFIRSTSIGHT"", ""MULTICOUPLE"", ""NEWADULT"", ""REVENGE"", ""RIVALRY"", ""RIVALS"", ""ROMCOM"", ""SCHOOL"", ""SCHOOLANDCOLLEGE"", ""SCHOOLFIGHT"", ""SCHOOLROMANCE"", ""SLOWBURN"", ""TEENDRAMA"", ""TEENFICTION""]","[""reads=20174"", ""votes=1872"", ""comments=893"", ""listing-hits=1""]","💫 Those Winter Season

In the heart of St. Andrew's - a place where the school and college share the same ground but not the same peace - begins a story that's anything but ordinary.

When Ahanshi Batra, the fearless, mischievous head girl of the school, crosses paths with Ishaan Malhotra, the arrogant yet magnetic head boy of the college, sparks fly... and not the romantic kind.

They're total opposites - her laughter fills every room, while his silence speaks louder than words. She believes in breaking rules just to make life fun; he lives by them like they're sacred. And yet, no matter how much they clash, destiny keeps dragging them back to the same moments, the same fights, and the same frozen winter afternoons that slowly begin to melt something deeper.

Between school drama, late-night fest preparations, jealous glances, colony gossip, and the chaos of teenage pride - this is a slow-burn enemies-to-lovers tale where love doesn't strike like lightning... it sneaks in quietly, on cold December evenings."
False,https://www.wattpad.com/story/401068269,401068269,Of Coven And Crown,43.97552043304015,19608,1324,159,1,"[""Fantasy"", ""Fiction"", ""Romance""]","[""MAGICAL KINGDOMS"", ""ARRANGEDMARRIAGE"", ""BXBLOVE"", ""FANTASY-ROMANCE"", ""GAYLOVE"", ""LGBTFICTION"", ""LGBTLOVE"", ""MANXMAN"", ""SLOWBURN"", ""WARLOCK"", ""WITCH""]","[""reads=19608"", ""votes=1324"", ""comments=159"", ""listing-hits=1""]","The witches of Spellmoore and the warlocks of Blackspire have lived in blood-soaked opposition for Centuries, their hatred passed down like a curse.

When Sorren Rowanthorne, a witch with rare healing magic, is bound by marriage to Magnus Veylor, heir to the warlock throne, the union is meant as nothing more than a political truce. But the lines between enemy and lover blur as Sorren's fire and Magnus's iron resolve spark something neither can deny.

But as war threatens to engulf them once more, Sorren must fight for his people and the man who has become his home. Magnus, bound by duty to protect his fortress and his kin, cannot ignore the way Sorren haunts his every thought.

Their choices will shape the fate of witches and warlocks alike. And in the ruins of war, love may be the only magic strong enough to endure."
True,https://www.wattpad.com/story/283980611,283980611,Psychological Facts,43.6249251148677,18454,552,190,1,"[""Non Fiction"", ""Non-Fiction"", ""Action"", ""Nonfiction"", ""Psychology""]","[""INFORMATIONAL AND GUIDE"", ""BRAINFACTS"", ""COMPLETED"", ""DIDYOUKNOW"", ""EDUCATION"", ""FACTS"", ""HUMANBEHAVIOR"", ""HUMANBEHAVIOUR"", ""INTERESTINGFACTS"", ""KNOWLEDGE"", ""LEARNSOMETHINGNEW"", ""MINDBLOWING"", ""NATURE"", ""PSYCHOLOGICALFACTS"", ""PSYCHOLOGYFACTS"", ""PSYCHOLOGYTIPS"", ""SELFAWARENESS"", ""TOURISTS""]","[""reads=18454"", ""votes=552"", ""comments=190"", ""listing-hits=1""]","Ever wondered why your mind works the way it does-or stumbled on a random fact that completely changed how you see the world?

This book goes beyond psychology, diving into fascinating insights about human behavior, surprising truths about the body, intriguing places and countries, bizarre historical oddities, and mind-blowing facts about space.

Some will make you think. Some will shock you. And some will stay with you long after you've read them.

If you love learning things that make you pause and question everything, this is for you."
False,https://www.wattpad.com/story/408783711,408783711,When Childhood Ends (BOOK 1),43.73328078222114,18315,1751,275,1,"[""Fiction""]","[""GENERAL FICTION"", ""SOCIAL THEMES"", ""FAMILY LIFE"", ""GROWTH AND SELF-DISCOVERY"", ""COMING OF AGE"", ""BABYBROTHER"", ""BHAI"", ""BHAIYA"", ""BROTHERHOOD"", ""BROTHERS"", ""BROTHERSLOVE"", ""CARE"", ""FAMILY"", ""FAMILYSAGA"", ""GENERAL"", ""GENERALFICTION"", ""GUARDIAN"", ""HAPPINESS"", ""HURT"", ""INDIA"", ""INDIAN"", ""INDIANSTORY"", ""LOVE"", ""PAIN"", ""PROTECTIVE"", ""RESPONSIBILITY"", ""SACRIFICE"", ""SIBLINGS"", ""WATTPAD"", ""WATTPADINDIA""]","[""reads=18315"", ""votes=1751"", ""comments=275"", ""listing-hits=1""]","Story of four brothers.

Brothers who were living in their own little world without any tension with their parents.

What will happen when one day their world will turn upside down with one news? How will they cope up and survive in this cruel world?

Dive into the story of brotherhood, pain, sacrifice and survival."
False,https://www.wattpad.com/story/413117596,413117596,Checkmate Darling,43.77052890828379,18035,1687,3332,1,"[""Romance"", ""Fiction""]","[""ENEMIES TO LOVERS"", ""HIGHSCHOOL"", ""BAD BOY"", ""ACADEMICRIVALS"", ""BETRAYAL"", ""BLACKGIRL"", ""BOARDINGSCHOOL"", ""BW"", ""BWWM"", ""CHICKLIT"", ""DIVERSITY"", ""ENEMIESTOLOVERS"", ""INTERRACIAL"", ""LOVE"", ""POSSESSIVE"", ""PROTECTIVE"", ""RICHBOY"", ""RICHBOYPOORGIRL"", ""RICHKIDS"", ""SLOW-BURN"", ""SLOWBURN"", ""STRONGFEMALELEAD"", ""TEENROMANCE"", ""WATTYS"", ""YOUNGADULT""]","[""reads=18035"", ""votes=1687"", ""comments=3332"", ""listing-hits=1""]","Amanda has one goal: survive her final year at Earlwood Academy, keep her scholarship, and get into her dream university. That would be easier if Theo Anderson didn't exist."
True,https://www.wattpad.com/story/404511913,404511913,𝑪𝑨𝑳𝑳 𝑴𝑬 || 𝑹𝒊𝒄𝒉 𝑺𝒂𝒏𝒕𝒐𝒔 ୨ৎ,43.34527281383966,17135,487,692,1,"[""Horror"", ""Fiction""]","[""PSYCHOLOGICAL"", ""1962"", ""DERRYMAINE"", ""ITWELCOMETODERRY"", ""LILYBAINBRIDGE"", ""PENNYWISE"", ""PHILLMALKIN"", ""RICHSANTOS"", ""SUZIEMALKIN"", ""TEDDYURIS"", ""TEENS"", ""WELCOMETODERRY"", ""WILLHANLON""]","[""reads=17135"", ""votes=487"", ""comments=692"", ""listing-hits=1""]","── ❞ 𝑪𝒂𝒍𝒍 𝒎𝒆, 𝑰'𝒍𝒍 𝒂𝒓𝒓𝒊𝒗𝒆, 𝒚𝒐𝒖 𝒄𝒂𝒏 𝒄𝒂𝒍𝒍 𝒎𝒆 𝒂𝒏𝒚 𝒅𝒂𝒚 𝒐𝒓 𝒏𝒊𝒈𝒉𝒕

𝑪𝒂𝒍𝒍 𝒎𝒆.

──────── ────────

𝐈𝐍 𝐖𝐇𝐈𝐂𝐇..

Diana Evans always knew something was off about Derry.

Her suspicions rising when one of her closest friends Matty Clements goes missing without a trace.

And one by one, day by day, everything gets worse. More things are revealed, more disturbing unexplainable things.

Something's lurking in Derry.

──────── ────────

‧₊˚ ┊ Rich santos x (fem!oc)

⋆. 𐙚 ˚ 𝑯𝑨𝒀𝑫𝑬𝑵𝑺𝑯𝑨𝒁𝒀𝑺

Horror | | Thriller | | Mystery

✦ ── 𝖲𝖳𝖠𝖱𝖳𝖤𝖣 : Nov 25

── ✦ 𝖥𝖨𝖭𝖨𝖲𝖧𝖤𝖣 : Dec 17"
False,https://www.wattpad.com/story/324954628,324954628,50 Things I Hate About You (COMPLETED/EDITING),43.29346040124885,17114,773,74,1,[],"[""TEEN FICTION"", ""FANFIC"", ""BOYNEXTDOOR"", ""50THINGSIHATEABOUTYOU"", ""BADBOY"", ""ENEMIESTOLOVERS"", ""FRIENDS"", ""HATE"", ""HATEABO"", ""HATEATFIRSTSIGHT"", ""HATRED"", ""LIST"", ""LOVE"", ""NEIGHBORS"", ""TEENFICTION"", ""WATTYS2024"", ""YOUNGADULTREADS""]","[""reads=17114"", ""votes=773"", ""comments=74"", ""listing-hits=1""]","""I hate the fact that you made me love you.""

Movie buff Aurora Grace never thought she'd be living her own 90s movie rip off.

Aurora hates her next door neighbor Onyx Hayes with a passion. From his devil may care attitude to his inability to keep his hands to himself, she's made a list of every single thing she hates about the popular idiot.

And when Onyx himself gets his hands on it, he makes it his goal to try and turn every reason of hate into one of love. Thus begins his challenge of trying to change his quirky neighbors opinion by the end of Senior year.

What neither expect is to develop a friendship, a commonship, and maybe something more."
True,https://www.wattpad.com/story/263498467,263498467,Stranded In Island (Madagascar x OC),42.81604593012378,16196,152,17,1,"[""Adventure"", ""Fiction"", ""Comedy""]","[""ACTION AND THRILLER"", ""ACTION-ADVENTURE"", ""ALEX"", ""DREAMWORKS"", ""FRIENDSHIP"", ""GLORIA"", ""HUMAN"", ""ISLAND"", ""MADAGASCAR"", ""MARTY"", ""MELMAN"", ""OCS"", ""OCSTORY"", ""PENGUINS"", ""SURVIVAL""]","[""reads=16196"", ""votes=152"", ""comments=17"", ""listing-hits=1""]","This is a story about five animal friends. Alex the lion, Marty the zebra, Gloria the hippo, Melman the giraffe and Samantha the human sized fox. They got stranded from island called ""Madagascar"". Will they survive from their survival yet stranded adventure with no rescue but with full of danger?

P.S: This movie was my favorite as a toddler, I couldn't stop watching again and again because they're so entertaining and funny

I don't own Madagascar characters and the movie, They belong to the dreamworks company

Enjoy my cringe story and this is my first time."
True,https://www.wattpad.com/story/338696776,338696776,How to Find Yourself [Completed],42.55609547077328,15084,234,18,1,"[""Non Fiction"", ""Non-Fiction"", ""Nonfiction""]","[""INFORMATIONAL AND GUIDE"", ""ADVICE"", ""COMPLETED"", ""EDUCATION"", ""GROWTH"", ""HOPE"", ""HOWTO"", ""HUMANNATURE"", ""KNOWLEDGE"", ""LIFE"", ""MENTALHEALTH"", ""MIND"", ""MOTIVATION"", ""PSYCHOLOGICAL"", ""SELFHELP"", ""SOUL"", ""SPIRITUAL"", ""THOUGHTS"", ""TIPS"", ""YOURCHOICE""]","[""reads=15084"", ""votes=234"", ""comments=18"", ""listing-hits=1""]","Are you feeling lost? Do you feel as though you are walking through life without any purpose or direction?

Or do you feel like you've never had an opportunity to find what you like and dislike?

Sometimes life puts us in paths that make us change behaviors without noticing. After a while, you begin to notice yourself doing things you said you'd never do.

It's normal to worry or panic once you notice the changes in you.

Here are a few simple guidelines that I hope will help you rediscover yourself."
False,https://www.wattpad.com/story/366467202,366467202,Rewind,42.72657596949459,14700,909,429,1,[],"[""SHORT STORY"", ""FANFIC"", ""THE UNTAMED"", ""BLOOD"", ""DEATH"", ""GORE"", ""GRANDMASTEROFDEMONICCULTIVATION"", ""IMMORTALS"", ""JIANGSECT"", ""JINSECT"", ""LANSECT"", ""LANWANGJI"", ""NIESECT"", ""NOFIXIT"", ""QINGHENGJUNLIVES"", ""SHORTSTORY"", ""TIMEREVERSE"", ""WANGXIAN"", ""WEIWUXIAN"", ""WEIWUXIANHASANEWCORE"", ""WEIWUXIANNDLANWANGJIAREIMMORTALS"", ""WENSECT""]","[""reads=14700"", ""votes=909"", ""comments=429"", ""listing-hits=1""]","Lan Wangji had mourned the death of soulmate for sixteen years and when he got another chance at love. At making things right he grabbed it with both hands.

But life has not been kind and he could not foreseen the outcome of what would happened after they solved the mystery of the resentful arm.

the characters do not belong to me. they solely belong to mdzs, and I am just them for my story."
False,https://www.wattpad.com/story/359696482,359696482,Pokemon: Brother Of Ash Ketchum,42.31624696915176,14228,266,18,1,"[""Adventure"", ""Fiction""]","[""ACTION AND THRILLER"", ""INSERT"", ""POKEMON""]","[""reads=14228"", ""votes=266"", ""comments=18"", ""listing-hits=1""]","A young man from our world is reincarnated into the world of Pokemon. Now the brother of Ash Ketchum, Lucas must learn more about the world he now lives in alongside his partner Lucario to complete his goal - becoming the strongest trainer in the world."
True,https://www.wattpad.com/story/405618610,405618610,kaash : the urge to have !,42.699777757436536,14040,1761,4394,1,"[""Poetry"", ""Fiction""]","[""COLLECTION"", ""BOOKOFPOEMS"", ""DIARY"", ""DISCOVERINGYOURSELF"", ""EMOTIONALROLLERCOASTER"", ""HEARTTOUCHING"", ""INDIA"", ""POEM"", ""POEMBOOK"", ""POEMCOLLECTION"", ""POETRYCOLLECTION"", ""SELFDISCOVERY"", ""THOUGHTSANDFEELINGS"", ""WORDSOFWISDOM"", ""WRITEMYLIFE"", ""WRITING""]","[""reads=14040"", ""votes=1761"", ""comments=4394"", ""listing-hits=1""]","A collection of poems that had the potential to be loved, yet remained unnoticed.

Poets don't just write - they bleed, piece by piece, into the paper.

They breathe life into words and call it poetry.

Writing is filled with what-ifs, maybes, and endless confusion.

Yet a poet continues - to write, to bleed, to stay honest.

Poets are known for writing about love,

but in truth, they write what they secretly crave -

and when asked why, they learn to lie.

This book is a place where overthinkers can breathe,

where tired minds can rest,

and where those carrying too much can finally pause."
True,https://www.wattpad.com/story/246529145,246529145,EMOTIONS,42.464519678097865,13827,1072,310,1,"[""Poetry""]","[""2021"", ""ADORABLE"", ""ADVICE"", ""ART"", ""AWARDS"", ""AWARDWINNING"", ""COMFORT"", ""COMPETITION"", ""DEARCRUSH"", ""DREADED"", ""DREAMS"", ""DREAMWORLD"", ""EMOTIONAL"", ""FATHER"", ""FEAR"", ""HATE"", ""HATELOVE"", ""LOVE"", ""MUM"", ""POEM"", ""POET"", ""REJECTION"", ""THOUGHTS"", ""WORDS""]","[""reads=13827"", ""votes=1072"", ""comments=310"", ""listing-hits=1""]","""Emotions"" is a rare gem, a collection of joy, pain and sorrow. Magnetic words that draws you in and captivates you."
True,https://www.wattpad.com/story/364534492,364534492,Deadly Matrimony: Tiffany Valentine x Male Reader,42.090778738781566,13511,290,14,1,"[""Horror"", ""Fiction""]","[""DARK COMEDY"", ""BRIDEOFCHUCKY"", ""CHUCKY"", ""INSERT"", ""MALEREADER"", ""TIFFANY"", ""TIFFANYXMALEREADER"", ""XMALEREADER""]","[""reads=13511"", ""votes=290"", ""comments=14"", ""listing-hits=1""]","Love will set you free, or get your soul trapped in a doll, whichever happens first. probably the doll thing it's actually surprising how many people's souls get trapped in dolls.

I don't own the rights to Chucky or any of its characters. I'm just a fan of the movies."
True,https://www.wattpad.com/story/415191577,415191577,"DOOSRI BAAR : Pehli zindagi ki galtiyan, doosri zindagi ka hisaab.",42.16729431414596,13453,599,21,1,"[""Fiction"", ""Mystery"", ""Romance"", ""Comedy"", ""Drama""]","[""MYSTERY THRILLER"", ""SECOND CHANCE"", ""MARRIAGE AND DIVORCE"", ""EMOTIONAL"", ""FAMILY"", ""HUMOUR"", ""HUSBAND"", ""HUSBANDANDWIFE"", ""KIDS"", ""MANIPULATION"", ""MARRIAGE"", ""MISUNDERSTANDING"", ""PSYCHOLOGICAL"", ""REBIRTH"", ""REBORN"", ""RECARNATED"", ""RECARNATION"", ""REVENGE"", ""SARCASTIC"", ""SECONDCHANCE"", ""WIFE"", ""MYSTERY / THRILLER""]","[""reads=13453"", ""votes=599"", ""comments=21"", ""listing-hits=1""]","Anaya Rajvansh had everything once-a loving husband, three beautiful children, and a family she believed she could trust.

Unfortunately, she trusted the wrong people.

She believed every lie they told her, ignored every warning from the people who genuinely loved her, and pushed away the one man who had always stood beside her-Armaan Rathore.

By the time Anaya discovered the truth, her marriage, family, reputation, and happiness were already destroyed.

Then she died.

But fate gives her one impossible gift.

A second life.

A second chance.

Anaya wakes up ten years in the past-with every memory intact.

This time, she knows exactly who betrayed her.

But instead of confronting them, she does something far more dangerous.

She pretends to be the same innocent, easily manipulated Anaya they remember.

She smiles.

She agrees.

She trusts them.

And secretly watches them walk straight into the traps they're creating for themselves.

But while Anaya is busy planning revenge, there's one problem she never anticipated...

Armaan.

The husband she once failed to trust.

The man who notices that his supposedly naïve wife is suddenly hiding far too many secrets.

And then there are their three chaotic children-sensible Aadhya, mischievous Reyansh, and adorable little Siya-who turn Anaya's carefully planned second life into an unpredictable comedy of errors.

This time, Anaya doesn't want to simply punish the people who destroyed her.

She wants to save the family she lost.

Because in her first life, she trusted the wrong people.

In her second, she's going to let the wrong people trust her. 😌"
True,https://www.wattpad.com/story/404089883,404089883,Where The War Found Us,42.120513613121034,13202,712,31,1,"[""Fiction"", ""Historical"", ""Romance""]","[""HISTORICAL FICTION"", ""19TH CENTURY"", ""WAR AND MILITARY"", ""VICTORIAN"", ""BWWM"", ""CHICKLIT"", ""CIVILWAR"", ""DIVERSE"", ""FORBIDDEN"", ""HISTORICALFICTION"", ""HISTORICALROMANCE"", ""HISTORY"", ""INTERRACIAL"", ""LOVER"", ""LOVERS""]","[""reads=13202"", ""votes=712"", ""comments=31"", ""listing-hits=1""]","Born into slavery, Lena Wells escapes in search of freedom-but instead finds a Union camp overflowing with runaways, soldiers, and the man whose gaze she can't seem to forget. What begins as stolen glances soon becomes forbidden touches and passionate, secret kisses. But war has a way of claiming everything, and when Julian is called back to his regiment, Lena is forced to let him go.

Four years later, Lena has built a fragile new life in Philadelphia-a seamstress by day and a devoted mother by night, determined to protect the child who carries the face of the man she lost.

Julian Dennis, wounded and discharged, is living in the same city rebuilding a life that no longer feels like his own. When a chance assignment brings Lena into his home that he shares with his mother-who has hired her to sew a few dresses-the past collides violently with the present. One look at Lena's little girl sends Julian spiraling. She looks like him. She acts like him. And the timing is undeniable.

Yet Lena insists the child isn't his.

Now Julian is torn between hope and heartache, while Lena clings to the truth she's carried alone for years. As long-buried emotions resurface and new wounds open, both must confront not only the ghosts of the war, but the powerful forces of society, race, loyalty, and love that threaten to keep them apart.

Because sometimes the war doesn't end on the battlefield-

Sometimes it finds you again, exactly where you're trying to start over."
True,https://www.wattpad.com/story/393686327,393686327,"I love you, but in secret",41.90348493377542,12895,215,44,1,"[""Poetry"", ""Romance""]","[""FRIENDSHIP"", ""LOVEATFIRSTSIGHT"", ""LOVESTORY"", ""LOVETRIANGLE""]","[""reads=12895"", ""votes=215"", ""comments=44"", ""listing-hits=1"", ""presentation:very-short-synopsis""]","""A grade 10 student who's falls in love with her older brother's friend."
True,https://www.wattpad.com/story/394726817,394726817,The New Girl ~ A Stark Exposure (Duet 2),42.26207915980081,12806,1642,686,2,"[""Fiction"", ""Mystery"", ""Romance"", ""Comedy"", ""Drama"", ""Thriller""]","[""MYSTERY THRILLER"", ""NOIR"", ""ACTION AND THRILLER"", ""ARTISTS"", ""BETRAYAL"", ""DAIRIES"", ""DARKROMANCE"", ""DESI"", ""FAMILY"", ""FRIENDSHIP"", ""GOODBOYXBADGIRL"", ""HEARTBREAK"", ""INDIA"", ""INDIAN"", ""INVESTIGATION"", ""LOVE"", ""LOVELETTERS"", ""MURDER"", ""PAST"", ""SECRETS"", ""SEPARATION"", ""SINGER"", ""SUSPENSE"", ""MYSTERY / THRILLER""]","[""reads=12806"", ""votes=1642"", ""comments=686"", ""listing-hits=2""]","𝑰 𝒕𝒐𝒍𝒅 𝒚𝒐𝒖 𝒕𝒉𝒆 𝒕𝒓𝒖𝒕𝒉 𝒕𝒉𝒂𝒕 𝒅𝒐𝒆𝒔𝒏'𝒕 𝒔𝒆𝒕 𝒚𝒐𝒖 𝒇𝒓𝒆𝒆, 𝒊𝒕 𝒃𝒓𝒆𝒂𝒌𝒔 𝒚𝒐𝒖 𝒇𝒊𝒓𝒔𝒕.

⋆ ── ⋆ ── ⋆

He looked at her, drained and desperate, his voice a quiet plea. ""Just tell me now... what is all this?"" For a moment, she stayed still, like silence was her last shield. Then she exhaled, broken and tired. ""I tried to hide it,"" she said softly, ""but you wouldn't let me.""

⋆ ── ⋆ ── ⋆

Truths are louder than secrets, merciless, burning, and impossible to ignore.

Kairav Goenka was on a quest for the truth that was far too dangerous for him.

All of this was because of the girl he had fallen for.

The questions she buried in silence continued to haunt him. She had tried to protect him, battling against silence, distance, and every ounce of strength she had left. Yet, she couldn't prevent him from stepping into her world, a world she had spent years trying to escape.

Now the truth was waiting, and the real question was what would remain once it surfaced?

Because some love stories don't unfold.

They circle back and begin again.

*****

This is NOT a standalone book."
True,https://www.wattpad.com/story/397512307,397512307,Not Every Friend Is a Friend (Soon to be Publish),41.946534984814775,12803,329,85,1,"[""Poetry""]","[""FAKEFRIENDS"", ""FRIENDS"", ""LIFELESSONS"", ""SELFHELP"", ""TRUEFRIENDS""]","[""reads=12803"", ""votes=329"", ""comments=85"", ""listing-hits=1""]","We all crave connection - people who will stay, support, and stand beside us through every season. But along the way, we learn a hard truth: not every friend is genuine. Some are blessings, others are lessons.

In Not Every Friend Is a Friend, we explore the different types of people we call ""friends"" - the loyal ones, the silent listeners, the cheerleaders, but also the fakes, the users, and the ones who only come around when it's convenient. This piece breaks down the various faces of friendship, helping you recognize which ones are worth keeping and which ones are silently draining your energy.

This isn't just a guide - it's a mirror. Whether you've been hurt, confused, or simply trying to understand the people around you, this read will help you see clearly, set boundaries, and heal smarter.

Because it's not about having many friends - it's about having the right ones."
True,https://www.wattpad.com/story/155164673,155164673,We're Broken People,41.99308353025658,12749,535,113,1,"[""Poetry""]","[""BROKEN"", ""COLLECTIONOFSHORTSTORIES"", ""DARKPOETRY"", ""DARKSTORY"", ""DEEPTHINKING"", ""DEEPTHOUGHTS"", ""LOVE"", ""POEM"", ""POEMBOOK"", ""POETRYCOLLECTION"", ""QUOTES"", ""RANDOM"", ""SADPOEMS"", ""SADSTORY"", ""SHORTCHAPTERS"", ""SHORTSTORY"", ""STORIES"", ""SUICIDEAWARENESS"", ""TEENLOVE""]","[""reads=12749"", ""votes=535"", ""comments=113"", ""listing-hits=1""]","Maybe you don't know it yet, maybe you haven't noticed it, maybe you haven't felt it. But all of us, are broken somewhere on the inside. We've all been sad at one point or another, or depressed, or lonely.

We've all been broken.

______________

Just a collection of short stories and poems by a sad teenager."
False,https://www.wattpad.com/story/389490245,389490245,My Little Pony G5 Sunset: Make Your Mark,41.962519395880335,12711,369,191,1,"[""Adventure"", ""Fiction""]","[""ACTION AND THRILLER"", ""2022"", ""ALPHABITTLEBLOSSOMFORTH"", ""CROSSOVERFANFICTION"", ""DISCORD"", ""G4"", ""G5"", ""HITCHTRAILBLAZER"", ""IZZYMOONBOW"", ""MANE5"", ""MISTYBRIGHTDAWN"", ""MYLITTLEPONYMAKEYOURMARK"", ""OPALINEARCANA"", ""PHYLLISCLOVERLEAF"", ""PIPPPETALS"", ""QUEENHAVEN"", ""SEÑORBUTTERSCOTCH"", ""SPARKYSPARKERONI"", ""SPIKE"", ""SPROUTCLOVERLEAF"", ""SUNNYSTARSCOUT"", ""SUNNYXHITCH"", ""TWILIGHTSPARKLE"", ""ZIPPSTORM""]","[""reads=12711"", ""votes=369"", ""comments=191"", ""listing-hits=1""]","Months later, Sunset, Sunny and their friends embrace the new age of Equestria as the magic and the friendship has returned and the three tribes are together again. But there are someponies that doesn't like the change and wants things the way there were while there something out there that might cause the disaharmony and might cause trouble for the magic. Join Sunset and her new generations friends as their adventures continues to keep the magic stable and keep the magic of friendship sparkling.

Welcome back to Equestria, where pony magic is everywhere. Sunset With New Generation Her New friends Zipp, Sunny, Izzy, Pipp and Hitch And Twilight Sparkle And Discord Lord Of Chaos leading the way, adventure is sure to follow!

The all-new animated series on Netflix And Story is an adorable preschool show starring Sunny Starscout And Sunset Shimmer and their friends who teach us how to find our sparkle and make our mark on the world. Magic has finally returned to Equestria thanks to the new Mane 6. It's a whole new world, filled with new kinds of magic which is exhilarating but also can feel a bit strange. It's up to Sunny And Sunset and their friends to make sense of this new world and usher in a new era of pony!"
True,https://www.wattpad.com/story/402422233,402422233,How To Harm People Without Harming Them; Book 1 [COMPLETE],41.61537665086389,12228,334,3,1,"[""Non Fiction"", ""Non-Fiction"", ""Nonfiction""]","[""HOWTOHARMPEOPLEWITHOUTHARMINGTHEM"", ""PSYCHOLOGICAL""]","[""reads=12228"", ""votes=334"", ""comments=3"", ""listing-hits=1""]","We all carry wounds that no one else can see - betrayals, lies, harsh words, or silent rejections that leave a mark deeper than any bruise. In those moments, the instinct is often to fight back, to hurt the ones who hurt us. But revenge rarely brings peace; it only ties us tighter to the people we want to escape.

This book is not about revenge. It is about something far more powerful. To harm without harming means to take away the control that others once had over you - to silence cruelty without becoming cruel yourself, to rise so high that the pain no longer reaches you.

What follows are principles, lessons, and stories about turning pain into power. Not through hatred, not through violence, but through strength, clarity, and quiet victories.

This is the path of freedom. This is how you harm people without harming them."
True,https://www.wattpad.com/story/416533224,416533224,The Girl Who Wasn't in the Story (SHANKS X OC),41.588256894708096,11687,693,31,1,"[""Fanfiction"", ""Fantasy""]","[""FANFIC"", ""ONE PIECE"", ""PIRATES"", ""ISEKAI AND REINCARNATION"", ""ACE"", ""AKAGAMINOSHANKS"", ""CELESTIALDRAGON"", ""FIGARLAND"", ""LUFFY"", ""MONKEYDLUFFY"", ""OC"", ""ONEPIECE"", ""SABO"", ""SHAMROCK"", ""SHANKS"", ""SHANKSXOC"", ""SOULBOND"", ""SOULMATE"", ""TRANSMIGRATION""]","[""reads=11687"", ""votes=693"", ""comments=31"", ""listing-hits=1""]","She entered the world of One Piece as a fan.

She never expected to become Shanks' wife, let alone the mother of three little disasters who would one day change the world.

Perhaps being part of the story was never the plan.

Perhaps she was meant to become the story.

(Also posted on AO3 under the same title.)"
True,https://www.wattpad.com/story/408886318,408886318,The Midnight Academy,41.326397321497446,11199,279,52,1,"[""Fantasy"", ""Fiction"", ""Horror"", ""Paranormal""]","[""DARK ACADEMIA"", ""DARK FANTASY"", ""ACADEMY"", ""BILLIONAIRE"", ""COLLEGEROMANCE"", ""DARKACADEMIA"", ""ELITE"", ""ORIGINAL""]","[""reads=11199"", ""votes=279"", ""comments=52"", ""listing-hits=1""]","Amelia's whole world was turned upside down when she made it to the renowned Prestige College. Burdened with her family's legacy and her own ambitions to establish her identity, she finds herself in a situation where things are very different from how they seem. Was she losing her mind? In the midst of it all- Adrian Vanderkoff, the intimidating brat with celestial good-looks got obsessed with her."
True,https://www.wattpad.com/story/394345684,394345684,Almost Human,41.40009703519991,10964,546,451,1,"[""Poetry"", ""Fiction""]","[""COLLECTION"", ""FRIENDSHIP"", ""HOPE"", ""HUMAN"", ""LOVE"", ""PLATONIC"", ""POEM"", ""POEMCOLLECTION"", ""PROSE"", ""SHORT"", ""SHORTSTORY""]","[""reads=10964"", ""votes=546"", ""comments=451"", ""listing-hits=1""]","Writing is a terrifying act of creation that requires us to push past the fear of being known and bare our souls to others. It gives us a glimpse into our multifaceted lives, both as writers who share their stories and as readers who bring their own unique experiences to what they read. Writing serves as a beautiful connection to each other and our world. This collection of poetry and prose is intended for those of us who feel we have lost our connections and sometimes feel a little less than human because of it."
True,https://www.wattpad.com/story/331661027,331661027,Dharmyudh : The Rewritten Destiny 2,41.274211566485,10790,416,242,1,"[""Fiction"", ""Historical""]","[""HISTORICAL FICTION"", ""MYTHIC AND EPIC"", ""ARJUN"", ""BHEEM"", ""DESTINY"", ""DRAUKARN"", ""EPIC"", ""HISTORICALFICTION"", ""KARN"", ""KARNA"", ""KAURAVAS"", ""MAHABHARAT"", ""NAKUL"", ""NOVEL"", ""PANDAVAS"", ""SAHDEV"", ""YUDHISTHIR""]","[""reads=10790"", ""votes=416"", ""comments=242"", ""listing-hits=1""]","Krishna stepped forward, placing a firm hand on Karn's shoulder. ""Never forget this, bhrata Karn,"" he said, his voice lowering, filled with an intensity that seemed to touch something deep within Karn's soul. ""You are in me, and I am in you. Whatever is mine is yours, and whatever is yours is mine. Your enemies are my enemies, and your friends are my friends.""

Karn looked at him, though his expression remained tensed.

""You are Bharat,"" Krishna continued. ""And I... I am your Ram.""

Continuation of Dharmyudh part 1"
False,https://www.wattpad.com/story/373341685,373341685,Books and Bows 🎀✨,41.17636656668836,10512,592,143,1,"[""Romance"", ""Fiction""]","[""ROMANTIC COMEDY"", ""ENEMIES TO LOVERS"", ""BOOKWORM"", ""BROTHERSBESTFRIEND"", ""CALIFORNIA"", ""DENIAL"", ""ENEMIESTOLOVERS"", ""FIRSTLOVES"", ""FRIENDSTOLOVERS"", ""HIGHSCHOOLROMANCE"", ""LOVE"", ""NERD"", ""NEWYORK"", ""NOSMUT"", ""ROMANCESTORIES"", ""ROMCOM"", ""SCHOOL"", ""SCHOOLROMANCE"", ""SLOWBURN"", ""SUMMERROMANCE"", ""TEEN"", ""TEENFICTION"", ""TEENLOVE"", ""TEENROMANCE"", ""YOUNGADULT""]","[""reads=10512"", ""votes=592"", ""comments=143"", ""listing-hits=1""]","When Anthony's brother gets into UCLA and his parents get a promotion in California, he's forced to move along with them to Los Angeles. His plan was to finish high school and get into NYU with his best friend, Vicky. But life seemed to have other plans when he met Sofia.

Sofia was living her dream as an influencer. She had everything she could ever want: money, friends, and popularity. That was until everything was gone in an instant. Her grades started going down, she was afraid of losing the only friends she had now, and she had given up on the whole influencer thing.

They've both never been in love, but when their paths lead them to each other, a spark ignites.

If you love a good slow burn, enemies-to-friends-to-lovers, along with a little bit of bantering and teasing then Books and Bows is a must read!

Rankings:

#1 teenlove"
False,https://www.wattpad.com/story/397430859,397430859,Empire of Hearts,40.937220970324745,10508,278,3,1,"[""Fiction"", ""Mystery"", ""Thriller""]","[""MYSTERY THRILLER"", ""CONSPIRACY"", ""MYSTERY / THRILLER""]","[""reads=10508"", ""votes=278"", ""comments=3"", ""listing-hits=1""]","A three-generation joint family living under one royal mansion in Udaipur, Rajasthan. Once rulers, now business tycoons with hidden mafia ties. Known for power, prestige, and control over politics, trade, and underground networks."
True,https://www.wattpad.com/story/280573465,280573465,The Outsiders Halloween,40.88825481646199,10307,138,50,1,"[""Fanfiction"", ""Action"", ""Adventure"", ""Fantasy"", ""Horror"", ""Mystery"", ""Paranormal"", ""Romance"", ""Thriller""]","[""FANFIC"", ""THE OUTSIDERS"", ""ALTERNATE UNIVERSE (AU)"", ""ONE SHOT"", ""ORIGINAL CHARACTER (OC)"", ""CHICKLIT"", ""DALLASWINSTON"", ""DALLYWINSTON"", ""GREASERS"", ""HALLOWEEN"", ""IMAGINES"", ""IMAGINESANDPREFERENCES"", ""LOVE"", ""LOVESTORY"", ""PONYBOYCURTIS"", ""SHORTSTORY"", ""SIXTIES"", ""SPOOKY"", ""TEENFICTION"", ""TEXTTOSPEECH"", ""THEOUTSIDERS"", ""YOUNGADULT""]","[""reads=10307"", ""votes=138"", ""comments=50"", ""listing-hits=1""]","Jeepers! It's Halloween night, and you've got nothing to do.... Why not enjoy some spooky stories about your favourite greasers?!"
True,https://www.wattpad.com/story/115853065,115853065,RAINBOW VALLEY (Completed),40.919534201998374,10238,447,10,1,"[""Fiction"", ""Historical"", ""Romance""]","[""CLASSICS"", ""20TH CENTURY"", ""ANNESHIRLEY"", ""CHILDREN"", ""HISTORICALFICTION"", ""LMMONTGOMERY"", ""RAINBOWVALLEY""]","[""reads=10238"", ""votes=447"", ""comments=10"", ""listing-hits=1""]","Rainbow Valley (1919) is the seventh book in the chronology of the Anne of Green Gables series by Lucy Maud Montgomery, although it was the fifth book published. In this book Anne Shirley is married with six children, but the book focuses more on her new neighbor, the new Presbyterian minister John Meredith, as well as the interactions between Anne's and John Meredith's children.

The book is dedicated: ""To the memory of Goldwin Lapp, Robert Brookes and Morley Shier who made the supreme sacrifice that the happy valleys of their home land might be kept sacred from the ravage of the invader."" This refers to World War I, which is the main theme of the next and final book in the series, Rilla of Ingleside.

Public Domain"
False,https://www.wattpad.com/story/358167466,358167466,The Act of Attraction | ✔,41.07772329202711,9891,855,2615,1,"[""Romance"", ""Fiction"", ""Drama""]","[""HIGHSCHOOL"", ""HAPPY ENDING"", ""ROMANTIC COMEDY"", ""BOYFRIEND"", ""CUTE"", ""FAKE"", ""FAKEDATING"", ""FAKERELATIONSHIP"", ""FAKEROMANCE"", ""GIRLFRIEND"", ""HAPPILYEVERAFTER"", ""LOVE"", ""LOVESTORY"", ""TEENFICTION"", ""TEENROMANCE""]","[""reads=9891"", ""votes=855"", ""comments=2615"", ""listing-hits=1""]","Rose Lovell does not have the time or the energy for a boyfriend. Her senior year is the time for fun and school and avoiding any more drama, especially after all the chaos from last year. But when her ex boyfriend pisses her off a little too much, it's time for a little revenge.

Alex Finch might hate Rose's ex even more than she does. So when a plan forms to get back at him, Alex is ready to pounce on the chance.

The rules are simple: pretend to date for a few months and then break up. It's all just an act after all. But what if pretending starts to get too real? Will they stick to the script or will emotions ruin everything?

*finished september 30, 2025*"
True,https://www.wattpad.com/story/398591521,398591521,Between The Lines Of My Life,40.70223234479428,9748,264,36,1,"[""Non Fiction"", ""Non-Fiction"", ""Nonfiction""]","[""MEDICINE"", ""MENTALHEALTH"", ""SELFDISCOVERY"", ""SELFHELP"", ""TRUTHBETOLD"", ""WATTPADAUTHORS"", ""WATTPADPHILIPPINES""]","[""reads=9748"", ""votes=264"", ""comments=36"", ""listing-hits=1""]","She grew up in a house where love was quiet but steady folded into warm meals, handwritten letters never sent, and stories whispered through the walls. Raised by her grandparents in a small barrio of Davao, she dreamed of a life beyond the horizon but never imagined how far she would have to go to truly find her way back home.

Between the Lines of My Life is a heartfelt memoir of a daughter, a dreamer, and a healer torn between past and present, duty and desire, silence and voice. Through memories both tender and painful, Dr. Kaia Velora traces the shape of a life built not from grand moments, but from the pauses in between. A journal of healing, of returning, of becoming.

This is for every soul who has ever longed for home, for answers, for peace. For those who have ever wondered if they are enough.

Sometimes, the most powerful stories are not the ones shouted aloud but the ones written softly between the lines.

Between The Lines of My Life

by Hershey O."
False,https://www.wattpad.com/story/389486994,389486994,My Little Pony Sunset A New Generation,40.62610162045497,9557,182,116,1,"[""Adventure"", ""Fiction""]","[""ACTION AND THRILLER"", ""2021"", ""ALPHABITTLEBLOSSOMFORTH"", ""APPLEJACK"", ""CROSSOVERFANFICTION"", ""FLUTTERSHY"", ""G5"", ""HITCHTRAILBLAZER"", ""IZZYMOONBOW"", ""MANE5"", ""MLP"", ""MYLITTLEPONY"", ""MYLITTLEPONYANEWGENERATION"", ""PHYLLISCLOVERLEAF"", ""PINKIEPIE"", ""PIPPPETALS"", ""QUEENHAVEN"", ""RAINBOWDASH"", ""RARITY"", ""SPROUTCLOVERLEAF"", ""SUNNYSTARSCOUT"", ""SUNSETSHIMMER"", ""THENEWMANESIX"", ""TWILIGHTSPARKLE"", ""ZIPPSTORM""]","[""reads=9557"", ""votes=182"", ""comments=116"", ""listing-hits=1""]","Friendship has been replaced by fear in Equestria. Sunny, an Earth pony, and Izzy, a unicorn And Sunset With Magic, embark on an adventure that takes them to faraway lands and challenges them to make new friends as they strive to restore harmony to Equestria.

Once upon a time, ponies, pegasi and unicorns all lived in harmony, but those days are no more And Sunset Shimmer Reture To Equestria To Find Out Who Equestria was Like This. When a happy-go-lucky unicorn wanders into Maretown, Earth Pony And Unicorn With Magic ""Sunny And Sunset "" and their new friends set out on an adventure to restore magic and friendship to all of Equestria! Join a new generation of ponies as they set out on an adventure to prove that friendship is for every pony, and our sparkle is brightest when we shine together!"
False,https://www.wattpad.com/story/362370231,362370231,HOME SCHOOL: THE HIDDEN TRUTHS,40.438620855439346,9323,107,21,2,"[""Fiction"", ""Mystery"", ""Thriller""]","[""MYSTERY THRILLER"", ""AMATEUR SLEUTH"", ""ACTION-MYSTERY"", ""ENHYPEN"", ""HOMESCHOOL"", ""JEONWONWOO"", ""KIMSUNOO"", ""LEEHEESEUNG"", ""NISHIMURARIKI"", ""PARKJONGSEONG"", ""PARKSUNGHOON"", ""REVENGE"", ""SIMJAEYUN"", ""YANGJUNGWON"", ""MYSTERY / THRILLER""]","[""reads=9323"", ""votes=107"", ""comments=21"", ""listing-hits=2""]","~HOOME SCHOOL SERIES: PART 1~

""PLEASE SEND YOUR UNWANTED CHILDREN TO HOME SCHOOL""

When parents can no longer bear the responsibility of raising their children, they send them to the country's most renowned boarding institution-Home School. However, despite its prestigious reputation, Home School is nothing like a typical school. With its cold, rigid atmosphere and an unusual curriculum, it resembles a prison far more than a nurturing learning environment. Strict rules govern every aspect of life, and any semblance of freedom is stripped away the moment students enter its gates.

But beneath the surface of rules and order, something darker lurks. Hidden within its walls are secrets waiting to be uncovered-secrets that could change everything.

#1- action-mystery.

#23- homeschool."
True,https://www.wattpad.com/story/393866783,393866783,THE GIRL WHO OUTGREW HER HURT,40.4808425207298,9184,191,195,1,"[""Poetry""]","[""DIARYENTRY"", ""EMOTIONS"", ""FIRSTLOVE"", ""FORGIRLS"", ""GIRLHOOD"", ""GLOWUP"", ""GROWTH"", ""HEALING"", ""HEARTBREAK"", ""HONESTWRITING"", ""MYJOURNEY"", ""OVERTHINKING"", ""PAIN"", ""PERSONAL"", ""RAWPOETRY"", ""SADPOETRY"", ""SELFLOVE"", ""TEENWRITER"", ""THEGIRLWHOOUTGREWHERHURT"", ""TRAUMA"", ""TRUSTISSUES"", ""TRUTH""]","[""reads=9184"", ""votes=191"", ""comments=195"", ""listing-hits=1""]","""The Girl Who Outgrew Her Hurt"" is my story in poems.

I was the quiet girl with a soft heart, hard thoughts, and hidden pain.

The one who smiled while healing, loved while breaking, and kept everything inside.

This book is for the ones who feel too deeply, overthink at night, and keep going anyway.

It's about heartbreak, friendships that faded, missing people who didn't stay, and finding myself in the mess.

I wrote every poem from the truth I carry - soft, bold, and still becoming.

This is me, outgrowing what tried to break me."
False,https://www.wattpad.com/story/345879129,345879129,The young spider ( young justice x spiderman,40.259566145099996,9142,83,14,1,"[""Adventure"", ""Fiction""]","[""ACTION AND THRILLER"", ""AQUALAND"", ""ARTEMIS"", ""BATMAN"", ""DCCOMICS"", ""KIDFLASH"", ""MARVEL"", ""ROBIN"", ""SPIDERMAN"", ""SUPERBOY"", ""YOUNGJUSTICE""]","[""reads=9142"", ""votes=83"", ""comments=14"", ""listing-hits=1""]","been trying to find spiderman x young justice stories or dc x spiderman stories but always comes up unfinished or forgotten but here comes me the horrible writter making a story about my two favorite series.

___________________

One day Peter Parker was enjoying his summer break just turning seventeen he was happy nothing going wrong til he was pushed into a new world, would this new universe change his morality as Spider-Man and himself? Or would he still be the same Web-head? That is up to him decided and the heroes/villains he meets."
True,https://www.wattpad.com/story/154640446,154640446,How to Find Purpose and Peace: Why Am I Here?,40.32722490157245,9101,204,11,1,"[""Non Fiction"", ""Non-Fiction"", ""Nonfiction""]","[""CALLING"", ""CAREER"", ""DIRECTION"", ""ENCOURAGING"", ""FEATURED"", ""FREEBOOK"", ""FUNNY"", ""HOPE"", ""HUMOR"", ""INSPIRATION"", ""JESUS"", ""LOVE"", ""MEANING"", ""MOTIVATION"", ""PEACE"", ""POSITIVE"", ""PURPOSE"", ""RELATIONSHIPS"", ""SELF-ESTEEM"", ""SELFDISCOVERY"", ""SELFHARMAWARENESS"", ""SELFHELP"", ""SELFLOVE"", ""WATTYS2018""]","[""reads=9101"", ""votes=204"", ""comments=11"", ""listing-hits=1""]","Why am I here? What is my purpose? What is the meaning of life? Why am I alive? It seems that since the dawn of time we have been asking ourselves this very question. Kings and philosophers have puzzled and theorized, and paupers and plebeians toil under the sun wondering if there's more to life. Even today we seem to be frantically running here or there trying to get the latest scoop, wondering if someone has finally figured it out. People look high and low, and they try a number of things only to still feel unhappy and dissatisfied.

In my own life, the only thing that has made me truly happy and given me peace for my soul is God. He has been the chief help in combating my anxiety and depression. For me, God has been the foundation that I've placed my life around and have built my identity. I write about how I've found purpose, peace and how you can too! Jesus loves you and has an amazing plan for your life! Buckle up, and let's read about the purpose of your life and how to find real peace!"
True,https://www.wattpad.com/story/397328661,397328661,Toxic tragedies,40.31297715423298,8642,641,87,1,"[""Non Fiction"", ""Non-Fiction"", ""Nonfiction""]",[],"[""reads=8642"", ""votes=641"", ""comments=87"", ""listing-hits=1"", ""presentation:very-short-synopsis""]",..
True,https://www.wattpad.com/story/389901746,389901746,huntress vs killers,39.63982105781933,7751,210,13,1,"[""Horror"", ""Fiction"", ""Supernatural""]","[""GORE AND MURDER"", ""-THRILLER"", ""BLOODANDGORE"", ""BLOODBATH"", ""HORROR-THRILLER"", ""HUMANSVSHUMANS"", ""LIFEORDEATH"", ""REACTIONS"", ""SURVIVAL"", ""TEXASCHAINSAWMASSACRE"", ""TEXASCHAINSAWMASSACRE2003"", ""WATCHINGTHEMOVIE"", ""WINCHESTERS"", ""WTM""]","[""reads=7751"", ""votes=210"", ""comments=13"", ""listing-hits=1""]",casey is the sister of dean and sam winchster who went on a trip with some friends after all the hunts she went on the last one with the benders tool a toll on her so dean and sam thought it would be a good idea for her to have a break only the trip ahead of her and her friends will turn into a deadly game of survival of life or death.
True,https://www.wattpad.com/story/370846653,370846653,A Gentle Reminder,39.4652093282914,7598,82,18,1,"[""Poetry""]","[""BIANCASPARACINO"", ""LOVE"", ""PSYCHOLOGICAL"", ""SELFHELP""]","[""reads=7598"", ""votes=82"", ""comments=18"", ""listing-hits=1""]","A Gentle Reminder By. Bianca Sparacino

This is your reminder - alone is not synonymous with not good enough.

Alone is not a weakness, it is not something to be ashamed of. No, alone is a gift. It is a foundation, a steady ground within yourself that will be there whether or not you sleep beside the tired bones of another human being.

A gentle reminder, for the days you feel light in this world, and for the days in which the sun rises a little slower. A gentle reminder for when your heart is full of hope, and for when you are learning how to heal it. A gentle reminder for when you finally begin to trust in the goodness, and for when you need the kind of words that hug your broken pieces back together. A gentle reminder for when growth hangs heavy in the air, for when you need to tuck your strength into your bones just to make it to tomorrow. A gentle reminder for when you are balancing the messiness, and the beauty, of what it means to be human, when you are teaching yourself that it is okay to be both happy and sad, that you are real, not perfect. A gentle reminder for when you seek the words you needed when you were younger. A gentle reminder for when you need to hear that you deserve to be loved the way you love others. A gentle reminder for when you need to recognize that you are not your past, that you are not your faults. A gentle reminder for when you need to believe in staying soft, in continuing to be the kind of person who cares. A gentle reminder for when you need to believe in loving deeply in a world that sometimes fails to do so. A gentle reminder to keep going. A gentle reminder to hope. A gentle reminder, for you. Take what you need."
True,https://www.wattpad.com/story/250269464,250269464,MHA Demonification,39.54805335652239,7554,219,19,1,"[""Science Fiction"", ""Fiction"", ""Fanfiction""]","[""SUPERHEROES"", ""BNHA"", ""MHA"", ""MYHEROACADEMIA"", ""ỐC""]","[""reads=7554"", ""votes=219"", ""comments=19"", ""listing-hits=1"", ""presentation:very-short-synopsis""]","""If looking like a demon makes me a monster, then what does that make everyone who looks human?"""
True,https://www.wattpad.com/story/402584585,402584585,"Self-Respect: The Art of Living with Dignity, Boundaries, and Self-Worth",39.02009066001225,6784,136,15,1,"[""Non Fiction"", ""Non-Fiction"", ""Nonfiction""]","[""BOUNDARIES"", ""DIGNITY"", ""GROWTH"", ""MINDSET"", ""MOTIVATION"", ""OURSELVES"", ""PERSONALGROWTH"", ""RESPECT"", ""SELFGROWTH"", ""SELFHELP"", ""SELFLOVE"", ""SELFRESPECT"", ""SELFWORTH""]","[""reads=6784"", ""votes=136"", ""comments=15"", ""listing-hits=1""]","You are not defined by how others treat you.

You are not measured by the noise of the world.

You are the keeper of your own worth.

When you choose to honor your voice, your time, your body, and your heart,

you remind yourself: I am enough.

Self-respect is not something to be earned-it is something to be remembered.

Self-respect is not a destination, but a companion on your journey through life. Some days it will feel effortless; other days, it will require conscious effort and courage. But every time you honor your worth-through your thoughts, choices, and actions-you are building a life of dignity, strength, and fulfillment.

Respect yourself, always. For when you do, the world learns how to respect you too."
True,https://www.wattpad.com/story/184388350,184388350,The Colour of Sadness,39.16211579192549,6654,509,108,1,"[""Poetry""]","[""AESTHETIC"", ""BOOKOFPOEMS"", ""COLLECTIONOFSHORTSTORIES"", ""DARK"", ""DEEPTHOUGHTS"", ""FEELINGS"", ""LOVE"", ""POEM"", ""POEMBOOK"", ""POESIA"", ""REALITY"", ""SAD"", ""SADNESS"", ""SADPOEMS"", ""SHORTSTORY"", ""SUICIDEAWARENESS"", ""WATTYS2019""]","[""reads=6654"", ""votes=509"", ""comments=108"", ""listing-hits=1"", ""presentation:very-short-synopsis""]",Finding the beauty and colour in the broken words of this world.
True,https://www.wattpad.com/story/53251602,53251602,Gods of Garran,38.9937299617554,6265,1011,167,1,"[""Science Fiction"", ""Fiction"", ""Supernatural""]","[""ALIENS"", ""ANCIENT"", ""FEATURED"", ""GARRAN"", ""GOD"", ""GODS"", ""MYSTICAL"", ""OPERA"", ""POWER"", ""SCIENCE"", ""SCIFI"", ""SPACE"", ""STONE""]","[""reads=6265"", ""votes=1011"", ""comments=167"", ""listing-hits=1""]","--Only an ancient power can fight an alien race.--

Once the Borrai, the Gods of Garran, walked among the people, taming the wind and the fiery mountains. Then invaders came from the sky and killed the gods--destroying all who opposed them. A hundred years have passed since the Invaders came from the sky--an advanced alien race known as the Chanden. Now, having suffered many grievances at the hand of the aliens, the tribesmen rise up to find the god-stones and revive the ancient powers of the Borrai--and reclaim their world.

As a son of the clan chieftain, Morrhan can't do anything right. His father disapproves of everything he does. When his father decides to seek revenge on the technologically advanced Chanden, once again Moorhen finds himself in opposition to his father. The fate of his tribe hangs in the balance. Should Moorhen follow his conscience-or his father?

Meanwhile, when the Chanden learn of the search for the god-stones, they send a spy to infiltrate the Garrans--a young woman named Asta, who has her own reasons for hating the Garrans. She begins to realize that they are dealing with a real power and not a superstition when they get close to finding the god-stones. Could the Chanden be in the wrong?

________

This novel is complete here on Wattpad.

The Gods of Garran is available on Amazon in Kindle and paperback.

http://amzn.com/B00FGLUI00

#theooohrahs

#featured"
True,https://www.wattpad.com/story/390461687,390461687,The Undying Deliverance (Whispered Oaths),38.43675124068911,5864,157,34,1,"[""Fiction"", ""Historical"", ""Romance""]","[""HISTORICAL FICTION"", ""20TH CENTURY"", ""HAPPY ENDING"", ""1900S"", ""BETRAYAL"", ""BRITAIN"", ""BRITISHINDIA"", ""CLASSICAL"", ""DEVOTION"", ""FEMINISM"", ""FORBIDDENLOVE"", ""FORESHADOWING"", ""HEFELLFRST"", ""HISTORICALFICTION"", ""INTERCASTE"", ""PASTCONFLICTS"", ""REBEL"", ""REVOLT"", ""SLOWBURN"", ""VINTAGEERA"", ""WOMENEMPOWERMENT""]","[""reads=5864"", ""votes=157"", ""comments=34"", ""listing-hits=1""]","In the era 1918 𓍼

Love chose to destroy the one who reached it, no matter if that one was a person or just its past version which needed to be destroyed so it could breathe again-freely.

[ First book of love under the colonial era ]"
True,https://www.wattpad.com/story/416492988,416492988,𝐎𝐓𝐓𝐎𝐋𝐄𝐍𝐆𝐇𝐈 ˢⁱᵈᵉᵐᵉⁿ ᵒᵘᵗˢⁱᵈᵉ,38.446048959467156,5848,276,13,1,"[""Fanfiction"", ""Romance""]","[""FANFIC"", ""AB"", ""ALFIEBUTTLE"", ""HARRYLEWIS"", ""KSI"", ""LOUISRUSSELL"", ""NETFLIX"", ""OUTSIDE"", ""SIDEMEN"", ""SIDEMENOUTSIDE"", ""SIMONMINTER"", ""TBJZL"", ""TOBIBROWN"", ""W2S"", ""YOUTUBE"", ""YOUTUBERS"", ""ZERKAA""]","[""reads=5848"", ""votes=276"", ""comments=13"", ""listing-hits=1"", ""presentation:very-short-synopsis""]",sidemenoutside x femoc
False,https://www.wattpad.com/story/413290855,413290855,Aryanshi: The Softening of Grief,38.485329330109174,5754,456,49,1,"[""Romance"", ""Fiction""]","[""SLOW BURN"", ""FRIENDS TO LOVERS"", ""BHAI"", ""BHAIYA"", ""BHAIYU"", ""BROTHERSBESTFRIEND"", ""BROTHERSISTER"", ""BURN"", ""FAMILY"", ""HEALING"", ""SLOW"", ""SOFT"", ""TEENFICTION""]","[""reads=5754"", ""votes=456"", ""comments=49"", ""listing-hits=1""]","Thirteen-year-old Aryanshi's world is shattered when a devastating accident claims the lives of her parents. But on their deathbed, they leave her with a staggering truth the people who raised her weren't her biological parents.

Her real father is Rajvendra Raizada, a man who gave her away to a friend out of sheer grief when his wife died during labor.

Now, thirteen years later, Aryanshi is thrust into the grand Raizada household a place where her existence is a complete secret.

Surrounded by elder brothers who don't know her and a father who once turned his back on her, she must find her place among the cold walls. Thus begins Aryanshi's journey of healing, truth, and finding her way back to family.

Long-Lost Daughter 👣✨

Secret Heir 👑📜

Cold Home, Soft Heart 🏰🌸

Protective Older Brothers 🛡️🧑‍🤝‍🧑

Rebuilding Love 🩹❤️"
True,https://www.wattpad.com/story/169787827,169787827,Illiya - Taylor Neeran Chronicles #1,38.3108632681443,5629,366,13,1,"[""Science Fiction"", ""Fiction""]","[""ALIENS"", ""ACTION-ADVENTURE"", ""COMINGOFAGE"", ""EXPLORATION"", ""FEMALEPROTAGONIST"", ""GALAXY"", ""SCIENCEFICTION"", ""SCIFI"", ""SPACE"", ""SPACEOPERA"", ""STRONGFEMALELEAD""]","[""reads=5629"", ""votes=366"", ""comments=13"", ""listing-hits=1""]","A.D. 3485

Missing out on the next semester of university was the least of my problems.

Getting stuck on an alien planet was infinitely worse.

It could have happened to anyone, really.

Except they don't generally invite university students along to survey new planets.

There are probably good reasons for that, but, well - the captain of the ship was my absentee mother, and an exception was made.

I was supposed to have two whole months to get to know her better while I sharpened my Xenobiology skills in a verdant paradise. With any luck, I would graduate early.

Then I messed up, big-time.

Now I'm lost, alone and struggling to survive, stranded ten thousand light-years from home."
